uuid,date,time,sym,n_close,amount_delta,n_midprice,n_bid1,n_bsize1,n_bid2,n_bsize2,n_bid3,n_bsize3,n_bid4,n_bsize4,n_bid5,n_bsize5,n_ask1,n_asize1,n_ask2,n_asize2,n_ask3,n_asize3,n_ask4,n_asize4,n_ask5,n_asize5,label_5,label_10,label_20,label_40,label_60
0,29,13:10:03,6,-0.0055499495459131,421828.0,-0.005297679112008,-0.0055499495459131,4.167729781633077e-06,-0.0060544904137235,1.084435036250666e-05,-0.0065590312815337,9.763216498360258e-06,-0.0070635721493441,8.772864867081111e-06,-0.0075681130171543,9.969539754876749e-06,-0.0050454086781029,2.282843039401041e-06,-0.0045408678102926,1.551550889003997e-06,-0.0040363269424824,1.4195040048334445e-06,-0.003531786074672,2.0714854954255493e-06,-0.0030272452068617,6.519814905921052e-07,2,2,2,2,2
1,29,13:10:06,6,-0.0050454086781029,110401.0,-0.005297679112008,-0.0055499495459131,4.349294247367588e-06,-0.0060544904137235,1.0910373804591935e-05,-0.0065590312815337,9.763216498360258e-06,-0.0070635721493441,8.772864867081111e-06,-0.0075681130171543,1.013459836008994e-05,-0.0050454086781029,2.076519782884552e-06,-0.0045408678102926,1.551550889003997e-06,-0.0040363269424824,1.4195040048334445e-06,-0.003531786074672,1.8238975876057624e-06,-0.0030272452068617,6.519814905921052e-07,2,2,2,2,1
2,29,13:10:09,6,-0.0050454086781029,726829.0,-0.0047931382441976,-0.0050454086781029,6.717059939150816e-07,-0.0055499495459131,4.242006153979013e-06,-0.0060544904137235,1.1281755666321617e-05,-0.0065590312815337,9.763216498360258e-06,-0.0070635721493441,8.772864867081111e-06,-0.0045408678102926,1.551550889003997e-06,-0.0040363269424824,1.4195040048334445e-06,-0.003531786074672,1.8238975876057624e-06,-0.0030272452068617,6.602344208527647e-07,-0.0025227043390515,4.374053038149566e-07,1,2,2,2,1
3,29,13:10:12,6,-0.0050454086781029,232706.0,-0.0047931382441976,-0.0050454086781029,4.323710163559543e-07,-0.0055499495459131,4.093453409287141e-06,-0.0060544904137235,1.1372537899188872e-05,-0.0065590312815337,9.754963568099598e-06,-0.0070635721493441,8.756359006559792e-06,-0.0045408678102926,1.4690215863974016e-06,-0.0040363269424824,1.5432979587433376e-06,-0.003531786074672,1.8238975876057624e-06,-0.0030272452068617,6.602344208527647e-07,-0.0025227043390515,4.374053038149566e-07,1,2,2,2,1
4,29,13:10:15,6,-0.0050454086781029,264226.0,-0.0047931382441976,-0.0050454086781029,2.2365441006387403e-06,-0.0055499495459131,4.402030471733202e-06,-0.0060544904137235,1.157886115570536e-05,-0.0065590312815337,3.2268957319178875e-06,-0.0070635721493441,9.069970356464857e-06,-0.0045408678102926,1.402998144312125e-06,-0.0040363269424824,1.5432979587433376e-06,-0.003531786074672,1.757874145520486e-06,-0.0030272452068617,6.35475630070786e-07,-0.0025227043390515,4.374053038149566e-07,2,2,2,2,1
5,29,13:10:18,6,-0.0050454086781029,53244.0,-0.0047931382441976,-0.0050454086781029,2.62443182288974e-06,-0.0055499495459131,4.649618379552989e-06,-0.0060544904137235,1.157886115570536e-05,-0.0065590312815337,2.401602705851932e-06,-0.0070635721493441,9.069970356464857e-06,-0.0045408678102926,1.4112510745727846e-06,-0.0040363269424824,1.5432979587433376e-06,-0.003531786074672,1.757874145520486e-06,-0.0030272452068617,6.35475630070786e-07,-0.0025227043390515,4.374053038149566e-07,2,2,2,2,1
6,29,13:10:21,6,-0.0050454086781029,404291.0,-0.0047931382441976,-0.0050454086781029,1.4937803771793805e-06,-0.0055499495459131,5.7059934529174125e-06,-0.0060544904137235,1.1719160970136574e-05,-0.0065590312815337,2.401602705851932e-06,-0.0070635721493441,9.069970356464857e-06,-0.0045408678102926,1.1554102364923382e-06,-0.0040363269424824,1.5432979587433376e-06,-0.003531786074672,1.757874145520486e-06,-0.0030272452068617,6.35475630070786e-07,-0.0025227043390515,4.374053038149566e-07,2,2,2,2,1
7,29,13:10:24,6,-0.0050454086781029,260361.0,-0.0047931382441976,-0.0050454086781029,1.254445399620253e-06,-0.0055499495459131,6.110387035689731e-06,-0.0060544904137235,1.1826449063525148e-05,-0.0065590312815337,2.401602705851932e-06,-0.0070635721493441,9.078223286725516e-06,-0.0045408678102926,9.903516312791472e-07,-0.0040363269424824,1.6010684705679544e-06,-0.003531786074672,1.757874145520486e-06,-0.0030272452068617,6.35475630070786e-07,-0.0025227043390515,4.374053038149566e-07,2,2,2,2,1
8,29,13:10:27,6,-0.0045408678102926,106516.0,-0.0047931382441976,-0.0050454086781029,1.254445399620253e-06,-0.0055499495459131,6.465263036898092e-06,-0.0060544904137235,1.2032772320041636e-05,-0.0065590312815337,2.401602705851932e-06,-0.0070635721493441,9.202017240635409e-06,-0.0045408678102926,7.592695839806795e-07,-0.0040363269424824,1.6010684705679544e-06,-0.003531786074672,1.757874145520486e-06,-0.0030272452068617,6.35475630070786e-07,-0.0025227043390515,4.374053038149566e-07,2,2,2,2,1
9,29,13:10:30,6,-0.0045408678102926,380749.0,-0.0042885973763875,-0.0045408678102926,1.4525157258760824e-06,-0.0050454086781029,1.1306514457103595e-06,-0.0055499495459131,6.523033548722709e-06,-0.0060544904137235,1.3006618090799465e-05,-0.0065590312815337,2.467626147937208e-06,-0.0040363269424824,1.6010684705679544e-06,-0.003531786074672,1.757874145520486e-06,-0.0030272452068617,6.35475630070786e-07,-0.0025227043390515,4.374053038149566e-07,-0.0020181634712411,6.602344208527647e-07,2,2,2,2,0
10,29,13:10:33,6,-0.0045408678102926,33541.0,-0.0042885973763875,-0.0045408678102926,1.700103633695869e-06,-0.0050454086781029,1.518539167961359e-06,-0.0055499495459131,6.572551130286666e-06,-0.0060544904137235,1.3047882742102763e-05,-0.0065590312815337,2.467626147937208e-06,-0.0040363269424824,1.551550889003997e-06,-0.003531786074672,1.774380006041805e-06,-0.0030272452068617,6.35475630070786e-07,-0.0025227043390515,4.374053038149566e-07,-0.0020181634712411,6.602344208527647e-07,1,2,2,2,0
11,29,13:10:36,6,-0.0040363269424824,211146.0,-0.0042885973763875,-0.0045408678102926,3.499242430519653e-06,-0.0050454086781029,1.518539167961359e-06,-0.0055499495459131,6.613815781589964e-06,-0.0060544904137235,1.3155170835491338e-05,-0.0065590312815337,2.550155450543804e-06,-0.0040363269424824,1.2626983298809123e-06,-0.003531786074672,1.774380006041805e-06,-0.0030272452068617,6.35475630070786e-07,-0.0025227043390515,4.374053038149566e-07,-0.0020181634712411,6.602344208527647e-07,1,2,2,1,1
12,29,13:10:39,6,-0.0040363269424824,892248.0,-0.0037840565085773,-0.0040363269424824,4.374053038149566e-07,-0.0045408678102926,3.8046008501640566e-06,-0.0050454086781029,1.3204688417055294e-06,-0.0055499495459131,6.770621456542496e-06,-0.0060544904137235,1.3237700138097931e-05,-0.003531786074672,1.774380006041805e-06,-0.0030272452068617,6.35475630070786e-07,-0.0025227043390515,4.374053038149566e-07,-0.0020181634712411,6.602344208527647e-07,-0.0015136226034309,7.592695839806795e-07,2,2,2,1,0
13,29,13:10:42,6,-0.0040363269424824,132258.0,-0.0037840565085773,-0.0040363269424824,1.1554102364923383e-07,-0.0045408678102926,4.159476851372418e-06,-0.0050454086781029,1.3534805627481675e-06,-0.0055499495459131,6.811886107845793e-06,-0.0060544904137235,1.3196435486794634e-05,-0.003531786074672,1.7908858665631245e-06,-0.0030272452068617,6.35475630070786e-07,-0.0025227043390515,4.374053038149566e-07,-0.0020181634712411,6.602344208527647e-07,-0.0015136226034309,7.592695839806795e-07,2,2,2,1,0
14,29,13:10:45,6,-0.0040363269424824,544639.0,-0.0037840565085773,-0.0040363269424824,2.475879078197868e-07,-0.0045408678102926,2.550155450543804e-06,-0.0050454086781029,1.3204688417055294e-06,-0.0055499495459131,6.902668340713048e-06,-0.0060544904137235,1.3237700138097931e-05,-0.003531786074672,1.6175743310892736e-06,-0.0030272452068617,8.005342352839772e-07,-0.0025227043390515,4.374053038149566e-07,-0.0020181634712411,6.602344208527647e-07,-0.0015136226034309,7.592695839806795e-07,2,2,2,1,0
15,29,13:10:48,6,-0.0045408678102926,394955.0,-0.0042885973763875,-0.0045408678102926,2.5336495900224848e-06,-0.0050454086781029,2.0632325651648896e-06,-0.0055499495459131,6.87790954993107e-06,-0.0060544904137235,1.4351845723286972e-05,-0.0065590312815337,1.3699864232694867e-06,-0.0040363269424824,5.364404669428713e-07,-0.003531786074672,7.427637234593603e-08,-0.0030272452068617,9.243281891938706e-07,-0.0025227043390515,4.374053038149566e-07,-0.0020181634712411,6.602344208527647e-07,2,2,2,1,1
16,29,13:10:51,6,-0.0045408678102926,120413.0,-0.0042885973763875,-0.0045408678102926,3.045331266183377e-06,-0.0050454086781029,2.1622677282928043e-06,-0.0055499495459131,6.465263036898092e-06,-0.0060544904137235,1.9435650763853262e-05,-0.0065590312815337,1.2874571206628912e-06,-0.0040363269424824,1.485527446918721e-07,-0.003531786074672,9.90351631279147e-08,-0.0030272452068617,9.243281891938706e-07,-0.0025227043390515,4.374053038149566e-07,-0.0020181634712411,6.602344208527647e-07,2,2,2,1,1
17,29,13:10:54,6,-0.003531786074672,114490.0,-0.0032795156407667,-0.003531786074672,8.25293026065956e-08,-0.0040363269424824,2.896778521491505e-06,-0.0045408678102926,3.581771733126249e-06,-0.0050454086781029,1.3369747022268483e-06,-0.0055499495459131,6.547792339504687e-06,-0.0030272452068617,9.243281891938706e-07,-0.0025227043390515,4.374053038149566e-07,-0.0020181634712411,6.602344208527647e-07,-0.0015136226034309,7.592695839806795e-07,-0.0010090817356205,4.4153176894528645e-06,1,1,1,1,0
18,29,13:10:57,6,-0.003531786074672,1975.0,-0.0032795156407667,-0.003531786074672,7.262578629380412e-07,-0.0040363269424824,3.1361134990506325e-06,-0.0045408678102926,7.188302257034476e-06,-0.0050454086781029,1.4195040048334445e-06,-0.0055499495459131,6.589056990807985e-06,-0.0030272452068617,8.748106076299132e-07,-0.0025227043390515,4.374053038149566e-07,-0.0020181634712411,6.602344208527647e-07,-0.0015136226034309,7.592695839806795e-07,-0.0010090817356205,4.4153176894528645e-06,1,2,1,1,0
19,29,13:11:00,6,-0.0030272452068617,82960.0,-0.0032795156407667,-0.003531786074672,2.0137149836009323e-06,-0.0040363269424824,4.027429967201865e-06,-0.0045408678102926,7.196555187295135e-06,-0.0050454086781029,1.4195040048334445e-06,-0.0055499495459131,6.225928059338965e-06,-0.0030272452068617,7.922813050233176e-07,-0.0025227043390515,4.374053038149566e-07,-0.0020181634712411,6.602344208527647e-07,-0.0015136226034309,7.592695839806795e-07,-0.0010090817356205,4.4153176894528645e-06,2,2,1,0,0
20,29,13:11:03,6,-0.0030272452068617,148178.0,-0.0032795156407667,-0.003531786074672,3.5652658726049296e-06,-0.0040363269424824,4.456582340756162e-06,-0.0045408678102926,7.246072768859092e-06,-0.0050454086781029,1.402998144312125e-06,-0.0055499495459131,5.392382103012349e-06,-0.0030272452068617,3.5487600120836106e-07,-0.0025227043390515,4.374053038149566e-07,-0.0020181634712411,6.602344208527647e-07,-0.0015136226034309,7.592695839806795e-07,-0.0010090817356205,4.4153176894528645e-06,1,2,1,1,0
21,29,13:11:06,6,-0.003531786074672,590591.0,-0.0027749747729566,-0.0030272452068617,3.301172104263824e-07,-0.003531786074672,1.68359777317455e-06,-0.0040363269424824,4.50609992232012e-06,-0.0045408678102926,7.246072768859092e-06,-0.0050454086781029,1.4112510745727846e-06,-0.0025227043390515,4.374053038149566e-07,-0.0020181634712411,6.602344208527647e-07,-0.0015136226034309,7.592695839806795e-07,-0.0010090817356205,4.4153176894528645e-06,-0.0005045408678103,7.204808117555795e-06,0,1,1,0,0
22,29,13:11:09,6,-0.003531786074672,533417.0,-0.0032795156407667,-0.003531786074672,9.986045615398069e-07,-0.0040363269424824,5.001275737959693e-06,-0.0045408678102926,6.098915462627414e-06,-0.0050454086781029,1.4112510745727846e-06,-0.0055499495459131,5.2603352188417965e-06,-0.0030272452068617,3.878877222509993e-07,-0.0025227043390515,4.374053038149566e-07,-0.0020181634712411,6.272226998101265e-07,-0.0015136226034309,8.005342352839772e-07,-0.0010090817356205,4.4153176894528645e-06,1,2,2,0,0
23,29,13:11:12,6,-0.003531786074672,312102.0,-0.0030272452068618,-0.003531786074672,2.475879078197868e-07,-0.0040363269424824,5.001275737959693e-06,-0.0045408678102926,6.008133229760159e-06,-0.0050454086781029,1.4112510745727846e-06,-0.0055499495459131,5.309852800405754e-06,-0.0025227043390515,4.374053038149566e-07,-0.0020181634712411,6.272226998101265e-07,-0.0015136226034309,8.005342352839772e-07,-0.0010090817356205,4.4153176894528645e-06,-0.0005045408678103,7.204808117555795e-06,1,1,1,0,0
24,29,13:11:15,6,-0.0030272452068617,379408.0,-0.0027749747729566,-0.0030272452068617,1.237939539098934e-07,-0.003531786074672,6.561079557224349e-06,-0.0040363269424824,5.017781598481012e-06,-0.0045408678102926,6.008133229760159e-06,-0.0050454086781029,1.4937803771793805e-06,-0.0025227043390515,1.402998144312125e-07,-0.0020181634712411,6.272226998101265e-07,-0.0015136226034309,8.005342352839772e-07,-0.0010090817356205,4.4153176894528645e-06,-0.0005045408678103,7.204808117555795e-06,1,1,1,0,0
25,29,13:11:18,6,-0.0030272452068617,183758.0,-0.0032795156407667,-0.003531786074672,6.866437976868753e-06,-0.0040363269424824,5.001275737959693e-06,-0.0045408678102926,5.975121508717521e-06,-0.0050454086781029,1.4195040048334445e-06,-0.0055499495459131,5.326358660927072e-06,-0.0030272452068617,2.9710548938374413e-07,-0.0025227043390515,1.402998144312125e-07,-0.0020181634712411,6.272226998101265e-07,-0.0015136226034309,8.005342352839772e-07,-0.0010090817356205,4.621640945969353e-06,2,2,1,0,0
26,29,13:11:21,6,-0.0030272452068617,466165.0,-0.0032795156407667,-0.003531786074672,5.587233786466521e-06,-0.0040363269424824,5.026034528741671e-06,-0.0045408678102926,5.975121508717521e-06,-0.0050454086781029,1.3534805627481675e-06,-0.0055499495459131,5.326358660927072e-06,-0.0030272452068617,1.015110422061126e-06,-0.0025227043390515,2.80599628862425e-07,-0.0020181634712411,6.272226998101265e-07,-0.0015136226034309,8.005342352839772e-07,-0.0010090817356205,4.621640945969353e-06,2,2,1,0,0
27,29,13:11:24,6,-0.0030272452068617,306174.0,-0.0032795156407667,-0.003531786074672,5.265369506300799e-06,-0.0040363269424824,4.522605782841438e-06,-0.0045408678102926,5.999880299499499e-06,-0.0050454086781029,1.2626983298809123e-06,-0.0055499495459131,5.4088879635336685e-06,-0.0030272452068617,6.189697695494669e-07,-0.0025227043390515,2.80599628862425e-07,-0.0020181634712411,6.272226998101265e-07,-0.0015136226034309,1.0068574918004662e-06,-0.0010090817356205,4.654652667011992e-06,2,2,1,0,0
28,29,13:11:27,6,-0.0030272452068617,250924.0,-0.0027749747729566,-0.0030272452068617,1.237939539098934e-07,-0.003531786074672,5.24886364577948e-06,-0.0040363269424824,4.522605782841438e-06,-0.0045408678102926,5.999880299499499e-06,-0.0050454086781029,1.2626983298809123e-06,-0.0025227043390515,2.80599628862425e-07,-0.0020181634712411,6.272226998101265e-07,-0.0015136226034309,1.0068574918004662e-06,-0.0010090817356205,4.654652667011992e-06,-0.0005045408678103,7.204808117555795e-06,1,1,1,0,0
29,29,13:11:30,6,-0.0030272452068617,108680.0,-0.0027749747729566,-0.0030272452068617,2.640937683411059e-07,-0.003531786074672,5.826568764025649e-06,-0.0040363269424824,4.5968821551873744e-06,-0.0045408678102926,5.99162736923884e-06,-0.0050454086781029,1.0976397246677211e-06,-0.0025227043390515,1.1223985154497e-06,-0.0020181634712411,6.272226998101265e-07,-0.0015136226034309,1.0068574918004662e-06,-0.0010090817356205,4.753687830139906e-06,-0.0005045408678103,7.204808117555795e-06,1,1,1,0,0
30,29,13:11:33,6,-0.0030272452068617,420911.0,-0.0027749747729566,-0.0030272452068617,8.252930260659559e-09,-0.003531786074672,5.98337443897818e-06,-0.0040363269424824,4.5968821551873744e-06,-0.0045408678102926,5.99162736923884e-06,-0.0050454086781029,1.0976397246677211e-06,-0.0025227043390515,5.116816761608927e-07,-0.0020181634712411,6.272226998101265e-07,-0.0015136226034309,2.170520658553464e-06,-0.0010090817356205,4.753687830139906e-06,-0.0005045408678103,7.204808117555795e-06,1,1,1,0,0
31,29,13:11:36,6,-0.0025227043390515,256868.0,-0.0027749747729566,-0.0030272452068617,3.7880949896427376e-06,-0.003531786074672,5.867833415328947e-06,-0.0040363269424824,4.5968821551873744e-06,-0.0045408678102926,5.975121508717521e-06,-0.0050454086781029,1.1884219575349763e-06,-0.0025227043390515,4.86922885378914e-07,-0.0020181634712411,6.189697695494669e-07,-0.0015136226034309,2.170520658553464e-06,-0.0010090817356205,4.753687830139906e-06,-0.0005045408678103,7.204808117555795e-06,2,1,0,0,0
32,29,13:11:39,6,-0.0025227043390515,63243.0,-0.0027749747729566,-0.0030272452068617,4.50609992232012e-06,-0.003531786074672,5.79355704298301e-06,-0.0040363269424824,4.431823549974183e-06,-0.0045408678102926,5.744039461419053e-06,-0.0050454086781029,1.196674887795636e-06,-0.0025227043390515,6.437285603314456e-07,-0.0020181634712411,6.189697695494669e-07,-0.0015136226034309,2.170520658553464e-06,-0.0010090817356205,4.753687830139906e-06,-0.0005045408678103,7.204808117555795e-06,1,2,0,0,0
33,29,13:11:42,6,-0.0030272452068617,171972.0,-0.0027749747729566,-0.0030272452068617,4.357547177628248e-06,-0.003531786074672,5.636751368030479e-06,-0.0040363269424824,4.431823549974183e-06,-0.0045408678102926,5.752292391679713e-06,-0.0050454086781029,1.1884219575349763e-06,-0.0025227043390515,1.485527446918721e-07,-0.0020181634712411,8.252930260659559e-07,-0.0015136226034309,2.170520658553464e-06,-0.0010090817356205,4.720676109097267e-06,-0.0005045408678103,7.204808117555795e-06,1,1,0,0,0
34,29,13:11:45,6,-0.0030272452068617,345880.0,-0.0027749747729566,-0.0030272452068617,3.986165315898567e-06,-0.003531786074672,5.719280670637075e-06,-0.0040363269424824,4.456582340756162e-06,-0.0045408678102926,5.422175181253331e-06,-0.0050454086781029,1.1884219575349763e-06,-0.0025227043390515,1.1554102364923382e-06,-0.0020181634712411,8.170400958052963e-07,-0.0015136226034309,2.170520658553464e-06,-0.0010090817356205,4.67941145779397e-06,-0.0005045408678103,7.204808117555795e-06,1,1,0,0,0
35,29,13:11:48,6,-0.0030272452068617,112680.0,-0.0027749747729566,-0.0030272452068617,4.085200479026482e-06,-0.003531786074672,5.826568764025649e-06,-0.0040363269424824,4.456582340756162e-06,-0.0045408678102926,5.422175181253331e-06,-0.0050454086781029,1.1884219575349763e-06,-0.0025227043390515,8.005342352839772e-07,-0.0020181634712411,1.0233633523217851e-06,-0.0015136226034309,2.170520658553464e-06,-0.0010090817356205,4.67941145779397e-06,-0.0005045408678103,7.204808117555795e-06,1,1,0,0,0
36,29,13:11:51,6,-0.0025227043390515,793720.0,-0.0022704339051463,-0.0025227043390515,1.6505860521319117e-08,-0.0030272452068617,1.9012275441481423e-06,-0.003531786074672,5.892592206110925e-06,-0.0040363269424824,4.456582340756162e-06,-0.0045408678102926,5.422175181253331e-06,-0.0020181634712411,8.665576773692537e-07,-0.0015136226034309,2.170520658553464e-06,-0.0010090817356205,4.67941145779397e-06,-0.0005045408678103,7.204808117555795e-06,0.0,2.888525591230846e-06,0,0,0,0,0
37,29,13:11:54,6,-0.0030272452068617,500195.0,-0.0025227043390513,-0.0030272452068617,1.4555693100725265e-06,-0.003531786074672,5.826568764025649e-06,-0.0040363269424824,4.456582340756162e-06,-0.0045408678102926,5.397416390471352e-06,-0.0050454086781029,2.0137149836009323e-06,-0.0020181634712411,1.0233633523217851e-06,-0.0015136226034309,2.170520658553464e-06,-0.0010090817356205,4.926999365613756e-06,-0.0005045408678103,7.204808117555795e-06,0.0,2.888525591230846e-06,2,1,0,0,0
38,29,13:11:57,6,-0.0030272452068617,221396.0,-0.0027749747729566,-0.0030272452068617,1.3070165653806545e-06,-0.003531786074672,6.008133229760159e-06,-0.0040363269424824,4.456582340756162e-06,-0.0045408678102926,5.364404669428714e-06,-0.0050454086781029,2.0137149836009323e-06,-0.0025227043390515,5.6119925772485e-07,-0.0020181634712411,1.0233633523217851e-06,-0.0015136226034309,2.327326333505996e-06,-0.0010090817356205,4.993022807699033e-06,-0.0005045408678103,7.221313978077114e-06,1,1,0,0,0
39,29,13:12:00,6,-0.0025227043390515,369768.0,-0.0027749747729566,-0.0030272452068617,1.3565341469446116e-06,-0.003531786074672,6.131927183670053e-06,-0.0040363269424824,4.448329410495502e-06,-0.0045408678102926,5.207598994476182e-06,-0.0050454086781029,2.0137149836009323e-06,-0.0025227043390515,5.199346064215523e-07,-0.0020181634712411,4.456582340756162e-07,-0.0015136226034309,2.327326333505996e-06,-0.0010090817356205,4.993022807699033e-06,-0.0005045408678103,7.221313978077114e-06,1,1,0,0,0
40,29,13:12:03,6,-0.0025227043390515,144304.0,-0.0027749747729566,-0.0030272452068617,1.7361689389349511e-06,-0.003531786074672,6.049397881063457e-06,-0.0040363269424824,4.349294247367588e-06,-0.0045408678102926,5.199346064215522e-06,-0.0050454086781029,2.0137149836009323e-06,-0.0025227043390515,7.922813050233176e-07,-0.0020181634712411,7.097520024167221e-07,-0.0015136226034309,2.327326333505996e-06,-0.0010090817356205,5.24886364577948e-06,-0.0005045408678103,7.221313978077114e-06,1,0,0,0,0
41,29,13:12:06,6,-0.0025227043390515,458645.0,-0.0027749747729566,-0.0030272452068617,1.7691806599775895e-06,-0.003531786074672,5.884339275850265e-06,-0.0040363269424824,4.184235642154396e-06,-0.0045408678102926,5.24061071551882e-06,-0.0050454086781029,2.0137149836009323e-06,-0.0025227043390515,2.475879078197868e-08,-0.0020181634712411,7.097520024167221e-07,-0.0015136226034309,2.3603380545486337e-06,-0.0010090817356205,5.24886364577948e-06,-0.0005045408678103,7.221313978077114e-06,1,0,0,0,0
42,29,13:12:09,6,-0.0025227043390515,377754.0,-0.0020181634712411,-0.0025227043390515,5.859580485068287e-07,-0.0030272452068617,1.7856865204989089e-06,-0.003531786074672,5.925603927153564e-06,-0.0040363269424824,4.184235642154396e-06,-0.0045408678102926,5.24886364577948e-06,-0.0015136226034309,2.3603380545486337e-06,-0.0010090817356205,5.265369506300799e-06,-0.0005045408678103,7.221313978077114e-06,0.0,2.9297902425341435e-06,0.0005045408678101,1.7166094942171885e-06,0,0,0,0,0
43,29,13:12:12,6,-0.0030272452068617,1147552.0,-0.0027749747729566,-0.0030272452068617,1.4885810311151649e-06,-0.003531786074672,5.900845136371585e-06,-0.0040363269424824,4.184235642154396e-06,-0.0045408678102926,5.257116576040139e-06,-0.0050454086781029,2.0549796349042304e-06,-0.0025227043390515,2.9710548938374413e-07,-0.0020181634712411,8.25293026065956e-08,-0.0010090817356205,5.265369506300799e-06,-0.0005045408678103,7.221313978077114e-06,0.0,2.9297902425341435e-06,1,0,0,0,0
44,29,13:12:15,6,-0.0030272452068617,403147.0,-0.0025227043390513,-0.0030272452068617,2.1762977097359257e-07,-0.003531786074672,8.285941981702197e-06,-0.0040363269424824,4.184235642154396e-06,-0.0045408678102926,5.257116576040139e-06,-0.0050454086781029,2.0549796349042304e-06,-0.0020181634712411,5.529463274641904e-07,-0.0010090817356205,5.3066341576040966e-06,-0.0005045408678103,7.221313978077114e-06,0.0,2.9297902425341435e-06,0.0005045408678101,1.7166094942171885e-06,1,0,0,0,0
45,29,13:12:18,6,-0.0025227043390515,252958.0,-0.0027749747729566,-0.0030272452068617,4.487118182720602e-07,-0.003531786074672,8.517024029000666e-06,-0.0040363269424824,4.184235642154396e-06,-0.0045408678102926,5.257116576040139e-06,-0.0050454086781029,2.0549796349042304e-06,-0.0025227043390515,9.986045615398069e-07,-0.0020181634712411,2.038473774382911e-06,-0.0015136226034309,3.053584196444037e-07,-0.0010090817356205,5.3066341576040966e-06,-0.0005045408678103,7.0892670939065616e-06,0,0,0,0,0
46,29,13:12:21,6,-0.0030272452068617,106736.0,-0.0027749747729566,-0.0030272452068617,3.331707946228264e-07,-0.003531786074672,8.517024029000666e-06,-0.0040363269424824,4.184235642154396e-06,-0.0045408678102926,5.257116576040139e-06,-0.0050454086781029,2.0549796349042304e-06,-0.0025227043390515,2.170520658553464e-06,-0.0020181634712411,2.079738425686209e-06,-0.0015136226034309,4.621640945969353e-07,-0.0010090817356205,5.356151739168054e-06,-0.0005045408678103,7.188302257034476e-06,0,0,0,0,0
47,29,13:12:24,6,-0.0030272452068617,405239.0,-0.0027749747729566,-0.0030272452068617,2.231344754574525e-06,-0.003531786074672,8.574794540825282e-06,-0.0040363269424824,4.184235642154396e-06,-0.0045408678102926,5.257116576040139e-06,-0.0050454086781029,1.9724503322976347e-06,-0.0025227043390515,9.078223286725516e-07,-0.0020181634712411,2.079738425686209e-06,-0.0015136226034309,2.7069611254963355e-06,-0.0010090817356205,5.339645878646735e-06,-0.0005045408678103,7.188302257034476e-06,0,0,0,0,0
48,29,13:12:27,6,-0.0025227043390515,2787146.0,-0.0027749747729566,-0.0030272452068617,8.25293026065956e-08,-0.003531786074672,4.487118182720602e-07,-0.0040363269424824,4.208994432936375e-06,-0.0045408678102926,5.339645878646735e-06,-0.0050454086781029,1.9229327507336773e-06,-0.0025227043390515,6.193824160624999e-07,-0.0020181634712411,3.1361134990506325e-06,-0.0015136226034309,2.7069611254963355e-06,-0.0010090817356205,5.339645878646735e-06,-0.0005045408678103,7.188302257034476e-06,0,0,0,0,0
49,29,13:12:30,6,-0.0030272452068617,316138.0,-0.0027749747729566,-0.0030272452068617,4.704170248575949e-07,-0.003531786074672,2.09376840712933e-07,-0.0040363269424824,4.225500293457694e-06,-0.0045408678102926,5.339645878646735e-06,-0.0050454086781029,1.9229327507336773e-06,-0.0025227043390515,5.61611904237883e-07,-0.0020181634712411,3.4497248489556955e-06,-0.0015136226034309,2.7069611254963355e-06,-0.0010090817356205,5.339645878646735e-06,-0.0005045408678103,7.188302257034476e-06,0,0,0,0,0
50,29,13:12:33,6,-0.003531786074672,274665.0,-0.0032795156407667,-0.003531786074672,3.331707946228264e-07,-0.0040363269424824,4.225500293457694e-06,-0.0045408678102926,5.339645878646735e-06,-0.0050454086781029,1.9229327507336773e-06,-0.0055499495459131,5.01274731102201e-06,-0.0030272452068617,6.272226998101265e-07,-0.0025227043390515,1.2961226974365837e-06,-0.0020181634712411,3.573518802865589e-06,-0.0015136226034309,2.7069611254963355e-06,-0.0010090817356205,5.405669320732011e-06,0,0,0,0,0
51,29,13:12:36,6,-0.0030272452068617,506379.0,-0.0037840565085773,-0.0040363269424824,3.7880949896427376e-06,-0.0045408678102926,5.339645878646735e-06,-0.0050454086781029,1.9229327507336773e-06,-0.0055499495459131,5.01274731102201e-06,-0.0060544904137235,2.0335220162265152e-05,-0.003531786074672,1.6505860521319117e-08,-0.0030272452068617,7.727218603055546e-07,-0.0025227043390515,2.6330973996634324e-06,-0.0020181634712411,3.573518802865589e-06,-0.0015136226034309,2.7069611254963355e-06,0,0,0,0,0
52,29,13:12:39,6,-0.0040363269424824,1279149.0,-0.0042885973763875,-0.0045408678102926,5.339645878646735e-06,-0.0050454086781029,1.9229327507336773e-06,-0.0055499495459131,5.01274731102201e-06,-0.0060544904137235,2.037648481356845e-05,-0.0065590312815337,1.2957100509235507e-06,-0.0040363269424824,3.55701294234427e-06,-0.003531786074672,1.2049278180562955e-06,-0.0030272452068617,1.2183800943811706e-06,-0.0025227043390515,2.6330973996634324e-06,-0.0020181634712411,3.573518802865589e-06,2,0,1,1,0
53,29,13:12:42,6,-0.0040363269424824,442170.0,-0.0042885973763875,-0.0045408678102926,5.2818753668221175e-06,-0.0050454086781029,1.9229327507336773e-06,-0.0055499495459131,5.01274731102201e-06,-0.0060544904137235,2.037648481356845e-05,-0.0065590312815337,1.2957100509235507e-06,-0.0040363269424824,1.9559444717763157e-06,-0.003531786074672,1.6175743310892736e-06,-0.0030272452068617,1.622773677153489e-06,-0.0025227043390515,2.6330973996634324e-06,-0.0020181634712411,3.573518802865589e-06,1,0,1,1,0
54,29,13:12:45,6,-0.0045408678102926,232864.0,-0.0042885973763875,-0.0045408678102926,4.720676109097267e-06,-0.0050454086781029,1.9311856809943366e-06,-0.0055499495459131,3.870624292249333e-06,-0.0060544904137235,2.039299067408977e-05,-0.0065590312815337,1.2957100509235507e-06,-0.0040363269424824,1.5432979587433376e-06,-0.003531786074672,1.6175743310892736e-06,-0.0030272452068617,1.7383147008027229e-06,-0.0025227043390515,2.6330973996634324e-06,-0.0020181634712411,3.656048105472185e-06,1,0,1,1,0
55,29,13:12:48,6,-0.0040363269424824,690969.0,-0.0037840565085773,-0.0040363269424824,7.427637234593603e-08,-0.0045408678102926,4.580376294666055e-06,-0.0050454086781029,1.9311856809943366e-06,-0.0055499495459131,3.969659455377248e-06,-0.0060544904137235,2.0500278767478343e-05,-0.003531786074672,9.73845770757828e-07,-0.0030272452068617,1.7383147008027229e-06,-0.0025227043390515,2.2204508866304543e-06,-0.0020181634712411,3.672553965993504e-06,-0.0015136226034309,2.7069611254963355e-06,1,0,0,0,0
56,29,13:12:51,6,-0.0045408678102926,100644.0,-0.0042885973763875,-0.0045408678102926,4.621640945969353e-06,-0.0050454086781029,2.8390080096668885e-06,-0.0055499495459131,3.986165315898567e-06,-0.0060544904137235,2.0500278767478343e-05,-0.0065590312815337,1.2957100509235507e-06,-0.0040363269424824,5.6119925772485e-07,-0.003531786074672,1.0976397246677211e-06,-0.0030272452068617,1.8456027941912968e-06,-0.0025227043390515,2.2204508866304543e-06,-0.0020181634712411,3.54876001208361e-06,0,0,1,0,0
57,29,13:12:54,6,-0.0045408678102926,825182.0,-0.0037840565085771,-0.0045408678102926,3.6065305239082272e-06,-0.0050454086781029,2.8390080096668885e-06,-0.0055499495459131,5.0672991800449696e-06,-0.0060544904137235,2.062407272138824e-05,-0.0065590312815337,1.2957100509235507e-06,-0.0030272452068617,1.6475324679354677e-06,-0.0025227043390515,2.228703816891114e-06,-0.0020181634712411,3.54876001208361e-06,-0.0015136226034309,2.7069611254963355e-06,-0.0010090817356205,5.182840203694203e-06,0,0,0,0,0
58,29,13:12:57,6,-0.0045408678102926,503132.0,-0.0040363269424822,-0.0045408678102926,1.7661270757811456e-06,-0.0050454086781029,2.8390080096668885e-06,-0.0055499495459131,5.108563831348267e-06,-0.0060544904137235,2.062407272138824e-05,-0.0065590312815337,1.2957100509235507e-06,-0.003531786074672,3.218642801657228e-05,-0.0030272452068617,1.6475324679354677e-06,-0.0025227043390515,2.228703816891114e-06,-0.0020181634712411,3.54876001208361e-06,-0.0015136226034309,2.7069611254963355e-06,0,0,1,0,0
59,29,13:13:00,6,-0.0045408678102926,256500.0,-0.0042885973763875,-0.0045408678102926,3.0948488477473345e-06,-0.0050454086781029,2.921537312273484e-06,-0.0055499495459131,5.166334343172884e-06,-0.0060544904137235,2.1177019048852428e-05,-0.0065590312815337,1.2957100509235507e-06,-0.0040363269424824,1.237939539098934e-07,-0.003531786074672,3.270636262299383e-05,-0.0030272452068617,1.6970500494994252e-06,-0.0025227043390515,2.228703816891114e-06,-0.0020181634712411,3.54876001208361e-06,0,0,0,0,0
60,29,13:13:03,6,-0.0040363269424824,207206.0,-0.0037840565085773,-0.0040363269424824,6.602344208527648e-08,-0.0045408678102926,2.6409376834110587e-06,-0.0050454086781029,2.921537312273484e-06,-0.0055499495459131,5.273622436561459e-06,-0.0060544904137235,2.13668364448476e-05,-0.003531786074672,3.92426833894362e-05,-0.0030272452068617,1.6970500494994252e-06,-0.0025227043390515,2.2369567471517733e-06,-0.0020181634712411,3.54876001208361e-06,-0.0015136226034309,2.7069611254963355e-06,0,0,0,0,0
61,29,13:13:06,6,-0.0050454086781029,826773.0,-0.0047931382441976,-0.0050454086781029,2.690455264975016e-06,-0.0055499495459131,5.273622436561459e-06,-0.0060544904137235,2.1391595235629577e-05,-0.0065590312815337,1.460768656136742e-06,-0.0070635721493441,1.1009408967719852e-05,-0.0045408678102926,8.25293026065956e-08,-0.0040363269424824,3.251654522699866e-06,-0.003531786074672,3.867323120145069e-05,-0.0030272452068617,1.8125910731486589e-06,-0.0025227043390515,2.2369567471517733e-06,1,1,1,0,0
62,29,13:13:09,6,-0.0050454086781029,465521.0,-0.0047931382441976,-0.0050454086781029,1.6588389823925717e-06,-0.0055499495459131,5.397416390471352e-06,-0.0060544904137235,2.1490630398757493e-05,-0.0065590312815337,1.460768656136742e-06,-0.0070635721493441,1.1009408967719852e-05,-0.0045408678102926,5.364404669428713e-07,-0.0040363269424824,3.5982775936475675e-06,-0.003531786074672,3.892907203953114e-05,-0.0030272452068617,1.7795793521060207e-06,-0.0025227043390515,2.2369567471517733e-06,0,1,1,0,0
63,29,13:13:12,6,-0.0045408678102926,90738.0,-0.0047931382441976,-0.0050454086781029,1.5102862377006992e-06,-0.0055499495459131,5.380910529950032e-06,-0.0060544904137235,2.133382472380496e-05,-0.0065590312815337,1.460768656136742e-06,-0.0070635721493441,1.1009408967719852e-05,-0.0045408678102926,7.592695839806795e-07,-0.0040363269424824,3.7550832686000993e-06,-0.003531786074672,3.8970336690834434e-05,-0.0030272452068617,1.7795793521060207e-06,-0.0025227043390515,2.2369567471517733e-06,0,1,1,0,0
64,29,13:13:15,6,-0.0045408678102926,542514.0,-0.0047931382441976,-0.0050454086781029,1.089386794407062e-06,-0.0055499495459131,5.463439832556628e-06,-0.0060544904137235,2.1375089375108257e-05,-0.0065590312815337,1.460768656136742e-06,-0.0070635721493441,1.1009408967719852e-05,-0.0045408678102926,1.0398692128431043e-06,-0.0040363269424824,4.291523735542971e-06,-0.003531786074672,3.908587771448367e-05,-0.0030272452068617,1.531991444286234e-06,-0.0025227043390515,1.2961226974365837e-06,0,1,1,0,0
65,29,13:13:18,6,-0.0040363269424824,625591.0,-0.0045408678102928,-0.0050454086781029,1.089386794407062e-06,-0.0055499495459131,5.900845136371585e-06,-0.0060544904137235,2.144111281719353e-05,-0.0065590312815337,1.460768656136742e-06,-0.0070635721493441,1.1009408967719852e-05,-0.0040363269424824,3.053584196444037e-06,-0.003531786074672,3.908587771448367e-05,-0.0030272452068617,1.531991444286234e-06,-0.0025227043390515,1.2961226974365837e-06,-0.0020181634712411,2.99581368461942e-06,0,1,1,0,0
66,29,13:13:21,6,-0.0045408678102926,157843.0,-0.0047931382441976,-0.0050454086781029,1.0728809338857429e-06,-0.0055499495459131,5.818315833764989e-06,-0.0060544904137235,2.144111281719353e-05,-0.0065590312815337,1.460768656136742e-06,-0.0070635721493441,1.1009408967719852e-05,-0.0045408678102926,1.1141455851890403e-06,-0.0040363269424824,3.218642801657228e-06,-0.003531786074672,3.908587771448367e-05,-0.0030272452068617,1.531991444286234e-06,-0.0025227043390515,1.2961226974365837e-06,1,1,1,0,0
67,29,13:13:24,6,-0.0055499495459131,331331.0,-0.005297679112008,-0.0055499495459131,5.892592206110925e-06,-0.0060544904137235,2.2967904915415552e-05,-0.0065590312815337,1.460768656136742e-06,-0.0070635721493441,1.1009408967719852e-05,-0.0075681130171543,7.460648955636241e-06,-0.0050454086781029,6.065903741584776e-06,-0.0045408678102926,5.678016019333777e-06,-0.0040363269424824,3.2103898713965685e-06,-0.003531786074672,3.908587771448367e-05,-0.0030272452068617,1.531991444286234e-06,2,2,2,1,0
68,29,13:13:27,6,-0.0050454086781029,281993.0,-0.005297679112008,-0.0055499495459131,5.925603927153564e-06,-0.0060544904137235,2.31412164508894e-05,-0.0065590312815337,1.460768656136742e-06,-0.0070635721493441,1.1009408967719852e-05,-0.0075681130171543,7.460648955636241e-06,-0.0050454086781029,5.372657599689373e-06,-0.0045408678102926,5.785304112722351e-06,-0.0040363269424824,3.2103898713965685e-06,-0.003531786074672,3.908587771448367e-05,-0.0030272452068617,1.531991444286234e-06,2,2,1,1,0
69,29,13:13:30,6,-0.0055499495459131,563885.0,-0.005297679112008,-0.0055499495459131,8.9791881235976e-06,-0.0060544904137235,2.31412164508894e-05,-0.0065590312815337,1.460768656136742e-06,-0.0070635721493441,1.104242068876249e-05,-0.0075681130171543,7.460648955636241e-06,-0.0050454086781029,3.944900664595269e-06,-0.0045408678102926,6.074156671845436e-06,-0.0040363269424824,3.2103898713965685e-06,-0.003531786074672,3.908587771448367e-05,-0.0030272452068617,1.4494621416796383e-06,2,1,2,1,0
70,29,13:13:33,6,-0.0055499495459131,486854.0,-0.005297679112008,-0.0055499495459131,9.565146172104428e-06,-0.0060544904137235,2.31412164508894e-05,-0.0065590312815337,1.444262795615423e-06,-0.0070635721493441,1.1182720503193702e-05,-0.0075681130171543,7.477154816157561e-06,-0.0050454086781029,3.944900664595269e-06,-0.0045408678102926,6.54457369670303e-06,-0.0040363269424824,3.2103898713965685e-06,-0.003531786074672,3.275588020455779e-05,-0.0030272452068617,1.4494621416796383e-06,2,2,1,0,0
71,29,13:13:36,6,-0.0050454086781029,1165343.0,-0.0047931382441976,-0.0050454086781029,4.621640945969353e-07,-0.0055499495459131,8.946176402554961e-06,-0.0060544904137235,2.324025161401732e-05,-0.0065590312815337,1.4112510745727846e-06,-0.0070635721493441,8.706841424995835e-06,-0.0045408678102926,6.5858383480063285e-06,-0.0040363269424824,3.2103898713965685e-06,-0.003531786074672,3.275588020455779e-05,-0.0030272452068617,1.4494621416796383e-06,-0.0025227043390515,1.2961226974365837e-06,1,1,1,0,0
72,29,13:13:39,6,-0.0050454086781029,520608.0,-0.0047931382441976,-0.0050454086781029,2.7152140557569947e-06,-0.0055499495459131,1.0547244873122916e-05,-0.0060544904137235,2.33062750561026e-05,-0.0065590312815337,1.8238975876057624e-06,-0.0070635721493441,8.80587658812375e-06,-0.0045408678102926,6.594091278266987e-06,-0.0040363269424824,3.2103898713965685e-06,-0.003531786074672,3.275588020455779e-05,-0.0030272452068617,1.4164504206370002e-06,-0.0025227043390515,1.2878697671759242e-06,1,1,1,0,0
73,29,13:13:42,6,-0.0050454086781029,1490637.0,-0.0047931382441976,-0.0050454086781029,2.830755079406229e-06,-0.0055499495459131,5.2818753668221175e-06,-0.0060544904137235,2.33062750561026e-05,-0.0065590312815337,2.7234669860176544e-06,-0.0070635721493441,8.81412951838441e-06,-0.0045408678102926,6.965473139996668e-06,-0.0040363269424824,3.2103898713965685e-06,-0.003531786074672,3.2821903646643065e-05,-0.0030272452068617,1.4164504206370002e-06,-0.0025227043390515,1.2878697671759242e-06,1,1,1,0,0
74,29,13:13:45,6,-0.0050454086781029,506804.0,-0.0047931382441976,-0.0050454086781029,9.573399102365088e-07,-0.0055499495459131,5.2818753668221175e-06,-0.0060544904137235,2.337229849818787e-05,-0.0065590312815337,2.7399728465389734e-06,-0.0070635721493441,9.135993798550133e-06,-0.0045408678102926,6.981979000517987e-06,-0.0040363269424824,3.2103898713965685e-06,-0.003531786074672,3.2854915367685703e-05,-0.0030272452068617,1.4247033508976597e-06,-0.0025227043390515,1.2878697671759242e-06,0,0,1,0,0
75,29,13:13:48,6,-0.0050454086781029,636985.0,-0.0047931382441976,-0.0050454086781029,1.8651622389090603e-06,-0.0055499495459131,5.273622436561459e-06,-0.0060544904137235,2.4296626687381743e-05,-0.0065590312815337,2.7399728465389734e-06,-0.0070635721493441,9.135993798550133e-06,-0.0045408678102926,6.742644022958859e-06,-0.0040363269424824,4.233753223718354e-06,-0.003531786074672,3.2409257133610087e-05,-0.0030272452068617,1.4494621416796383e-06,-0.0025227043390515,1.2878697671759242e-06,1,1,1,0,0
76,29,13:13:51,6,-0.0050454086781029,276112.0,-0.0047931382441976,-0.0050454086781029,4.035682897462524e-06,-0.0055499495459131,5.347898808907394e-06,-0.0060544904137235,2.4420420641291635e-05,-0.0065590312815337,2.7399728465389734e-06,-0.0070635721493441,9.135993798550133e-06,-0.0045408678102926,1.2957100509235508e-05,-0.0040363269424824,4.382305968410226e-06,-0.003531786074672,3.2409257133610087e-05,-0.0030272452068617,1.4494621416796383e-06,-0.0025227043390515,1.2878697671759242e-06,1,2,1,0,0
77,29,13:13:54,6,-0.0050454086781029,674462.0,-0.0047931382441976,-0.0050454086781029,1.6340801916105926e-06,-0.0055499495459131,6.016386160020819e-06,-0.0060544904137235,2.4461685292594933e-05,-0.0065590312815337,2.7399728465389734e-06,-0.0070635721493441,9.135993798550133e-06,-0.0045408678102926,1.2643489159330445e-05,-0.0040363269424824,4.4153176894528645e-06,-0.003531786074672,3.245052178491339e-05,-0.0030272452068617,1.4494621416796383e-06,-0.0025227043390515,1.2878697671759242e-06,1,2,0,0,1
78,29,13:13:57,6,-0.0050454086781029,280027.0,-0.0047931382441976,-0.0050454086781029,8.087871655446368e-07,-0.0055499495459131,6.016386160020819e-06,-0.0060544904137235,2.4478191153116253e-05,-0.0065590312815337,2.7399728465389734e-06,-0.0070635721493441,9.135993798550133e-06,-0.0045408678102926,1.254445399620253e-05,-0.0040363269424824,4.4153176894528645e-06,-0.003531786074672,3.245052178491339e-05,-0.0030272452068617,1.4907267929829362e-06,-0.0025227043390515,1.2878697671759242e-06,1,1,0,0,1
79,29,13:14:00,6,-0.0055499495459131,1213274.0,-0.005297679112008,-0.0055499495459131,5.958615648196202e-06,-0.0060544904137235,2.470927320041472e-05,-0.0065590312815337,2.7399728465389734e-06,-0.0070635721493441,9.135993798550133e-06,-0.0075681130171543,7.460648955636241e-06,-0.0050454086781029,1.0646280036250832e-07,-0.0045408678102926,8.351965423787473e-06,-0.0040363269424824,4.4153176894528645e-06,-0.003531786074672,3.250003936647735e-05,-0.0030272452068617,1.4907267929829362e-06,1,2,1,0,1
80,29,13:14:03,6,-0.0050454086781029,1796813.0,-0.0047931382441976,-0.0050454086781029,9.003946914379579e-07,-0.0055499495459131,6.082409602106095e-06,-0.0060544904137235,2.3892233104609424e-05,-0.0065590312815337,2.880272660970186e-06,-0.0070635721493441,9.135993798550133e-06,-0.0045408678102926,4.316282526324949e-06,-0.0040363269424824,4.456582340756162e-06,-0.003531786074672,3.250003936647735e-05,-0.0030272452068617,1.4907267929829362e-06,-0.0025227043390515,2.9467087495684954e-06,1,1,1,0,1
81,29,13:14:06,6,-0.0050454086781029,238632.0,-0.0047931382441976,-0.0050454086781029,4.490419354824866e-06,-0.0055499495459131,6.107168392888074e-06,-0.0060544904137235,2.3892233104609424e-05,-0.0065590312815337,2.880272660970186e-06,-0.0070635721493441,9.218523101156728e-06,-0.0045408678102926,4.407064759192205e-06,-0.0040363269424824,4.456582340756162e-06,-0.003531786074672,3.26733509019512e-05,-0.0030272452068617,1.7383147008027229e-06,-0.0025227043390515,2.9467087495684954e-06,2,1,0,0,1
82,29,13:14:09,6,-0.0045408678102926,1801013.0,-0.0047931382441976,-0.0050454086781029,1.849481671413807e-06,-0.0055499495459131,6.098915462627414e-06,-0.0060544904137235,2.3991268267737337e-05,-0.0065590312815337,2.880272660970186e-06,-0.0070635721493441,9.301052403763323e-06,-0.0045408678102926,6.437285603314456e-07,-0.0040363269424824,4.4153176894528645e-06,-0.003531786074672,3.287142122820702e-05,-0.0030272452068617,1.903373306015914e-06,-0.0025227043390515,2.9467087495684954e-06,2,1,0,0,1
83,29,13:14:12,6,-0.0045408678102926,388519.0,-0.0047931382441976,-0.0050454086781029,2.5922453948731678e-06,-0.0055499495459131,6.098915462627414e-06,-0.0060544904137235,2.4156326872950528e-05,-0.0065590312815337,2.880272660970186e-06,-0.0070635721493441,9.301052403763323e-06,-0.0045408678102926,7.592695839806795e-07,-0.0040363269424824,4.464835271016822e-06,-0.003531786074672,3.3308826532021983e-05,-0.0030272452068617,1.903373306015914e-06,-0.0025227043390515,2.9467087495684954e-06,1,1,0,0,1
84,29,13:14:15,6,-0.0050454086781029,714087.0,-0.005297679112008,-0.0055499495459131,6.098915462627414e-06,-0.0060544904137235,2.4156326872950528e-05,-0.0065590312815337,2.880272660970186e-06,-0.0070635721493441,9.466111008976514e-06,-0.0075681130171543,7.460648955636241e-06,-0.0050454086781029,7.427637234593603e-09,-0.0045408678102926,7.510166537200199e-07,-0.0040363269424824,4.464835271016822e-06,-0.003531786074672,3.3308826532021983e-05,-0.0030272452068617,1.903373306015914e-06,2,2,1,0,1
85,29,13:14:18,6,-0.0050454086781029,451393.0,-0.0047931382441976,-0.0050454086781029,3.3919543371310785e-07,-0.0055499495459131,6.115421323148733e-06,-0.0060544904137235,2.4156326872950528e-05,-0.0065590312815337,2.880272660970186e-06,-0.0070635721493441,9.400087566891238e-06,-0.0045408678102926,8.417988865872751e-07,-0.0040363269424824,4.464835271016822e-06,-0.003531786074672,3.3308826532021983e-05,-0.0030272452068617,1.903373306015914e-06,-0.0025227043390515,2.9467087495684954e-06,1,0,0,0,1
86,29,13:14:21,6,-0.0045408678102926,1957623.0,-0.0042885973763875,-0.0045408678102926,9.986045615398069e-07,-0.0050454086781029,4.126465130329779e-08,-0.0055499495459131,3.309425034524483e-07,-0.0060544904137235,2.422235031503581e-05,-0.0065590312815337,2.880272660970186e-06,-0.0040363269424824,4.464835271016822e-06,-0.003531786074672,3.3308826532021983e-05,-0.0030272452068617,1.903373306015914e-06,-0.0025227043390515,3.029238052175091e-06,-0.0020181634712411,2.99581368461942e-06,0,0,0,0,0
87,29,13:14:24,6,-0.0045408678102926,317653.0,-0.0042885973763875,-0.0045408678102926,8.252930260659559e-09,-0.0050454086781029,3.38370140687042e-07,-0.0055499495459131,2.17134595157953e-06,-0.0060544904137235,2.4263614966339104e-05,-0.0065590312815337,2.880272660970186e-06,-0.0040363269424824,4.50609992232012e-06,-0.003531786074672,3.3308826532021983e-05,-0.0030272452068617,1.8208440034093184e-06,-0.0025227043390515,3.029238052175091e-06,-0.0020181634712411,2.99581368461942e-06,0,0,0,0,0
88,29,13:14:27,6,-0.0050454086781029,504847.0,-0.0045408678102928,-0.0050454086781029,3.466230709477015e-07,-0.0055499495459131,2.1053225094942537e-06,-0.0060544904137235,2.4271867896599764e-05,-0.0065590312815337,2.962801963576782e-06,-0.0070635721493441,9.441352218194536e-06,-0.0040363269424824,4.555617503884077e-06,-0.003531786074672,3.3308826532021983e-05,-0.0030272452068617,1.8208440034093184e-06,-0.0025227043390515,3.029238052175091e-06,-0.0020181634712411,2.99581368461942e-06,1,0,0,0,1
89,29,13:14:30,6,-0.0045408678102926,157827.0,-0.0042885973763875,-0.0045408678102926,3.5487600120836106e-07,-0.0050454086781029,1.1141455851890403e-06,-0.0055499495459131,2.1053225094942537e-06,-0.0060544904137235,2.4346144268945698e-05,-0.0065590312815337,2.962801963576782e-06,-0.0040363269424824,4.555617503884077e-06,-0.003531786074672,3.333358532280396e-05,-0.0030272452068617,1.8208440034093184e-06,-0.0025227043390515,3.029238052175091e-06,-0.0020181634712411,2.99581368461942e-06,0,0,0,0,0
90,29,13:14:33,6,-0.0050454086781029,110479.0,-0.0047931382441976,-0.0050454086781029,1.0316162825824448e-06,-0.0055499495459131,2.5757395343518484e-06,-0.0060544904137235,2.4593732176765485e-05,-0.0065590312815337,2.962801963576782e-06,-0.0070635721493441,9.441352218194536e-06,-0.0045408678102926,4.043935827723184e-07,-0.0040363269424824,4.555617503884077e-06,-0.003531786074672,3.334183825306461e-05,-0.0030272452068617,1.8208440034093184e-06,-0.0025227043390515,3.029238052175091e-06,0,0,0,0,1
91,29,13:14:36,6,-0.0050454086781029,376694.0,-0.0047931382441976,-0.0050454086781029,1.2049278180562955e-06,-0.0055499495459131,3.046156559209443e-06,-0.0060544904137235,2.4568973385983503e-05,-0.0065590312815337,2.971054893837441e-06,-0.0070635721493441,9.441352218194536e-06,-0.0045408678102926,1.1554102364923383e-07,-0.0040363269424824,4.555617503884077e-06,-0.003531786074672,3.334183825306461e-05,-0.0030272452068617,1.8208440034093184e-06,-0.0025227043390515,3.029238052175091e-06,0,0,0,0,1
92,29,13:14:39,6,-0.0050454086781029,341202.0,-0.0047931382441976,-0.0050454086781029,1.7908858665631245e-06,-0.0055499495459131,3.11218000129472e-06,-0.0060544904137235,2.4552467525462187e-05,-0.0065590312815337,2.971054893837441e-06,-0.0070635721493441,9.441352218194536e-06,-0.0045408678102926,2.475879078197868e-07,-0.0040363269424824,4.448329410495502e-06,-0.003531786074672,3.334183825306461e-05,-0.0030272452068617,1.8208440034093184e-06,-0.0025227043390515,3.029238052175091e-06,0,0,0,0,1
93,29,13:14:42,6,-0.0050454086781029,197205.0,-0.0047931382441976,-0.0050454086781029,2.6656964741930374e-06,-0.0055499495459131,3.4422972117211022e-06,-0.0060544904137235,2.4841320084585276e-05,-0.0065590312815337,2.971054893837441e-06,-0.0070635721493441,9.441352218194536e-06,-0.0045408678102926,6.437285603314456e-07,-0.0040363269424824,4.473088201277481e-06,-0.003531786074672,3.334183825306461e-05,-0.0030272452068617,1.8208440034093184e-06,-0.0025227043390515,3.029238052175091e-06,0,0,0,0,0
94,29,13:14:45,6,-0.0050454086781029,520613.0,-0.0047931382441976,-0.0050454086781029,8.500518168479345e-07,-0.0055499495459131,3.689885119540889e-06,-0.0060544904137235,2.4816561293803294e-05,-0.0065590312815337,2.971054893837441e-06,-0.0070635721493441,9.449605148455194e-06,-0.0045408678102926,7.592695839806795e-07,-0.0040363269424824,4.473088201277481e-06,-0.003531786074672,3.334183825306461e-05,-0.0030272452068617,1.7795793521060207e-06,-0.0025227043390515,3.029238052175091e-06,0,0,0,0,0
95,29,13:14:48,6,-0.0050454086781029,347122.0,-0.005297679112008,-0.0055499495459131,4.176808004919803e-06,-0.0060544904137235,2.489083766614923e-05,-0.0065590312815337,2.971054893837441e-06,-0.0070635721493441,9.482616869497831e-06,-0.0075681130171543,7.460648955636241e-06,-0.0050454086781029,3.631289314690206e-07,-0.0045408678102926,4.704170248575949e-07,-0.0040363269424824,4.588629224926715e-06,-0.003531786074672,3.3671955463491e-05,-0.0030272452068617,1.7795793521060207e-06,1,0,0,0,1
96,29,13:14:51,6,-0.0050454086781029,1425247.0,-0.005297679112008,-0.0055499495459131,1.2461924693595934e-07,-0.0060544904137235,2.50806550621444e-05,-0.0065590312815337,2.971054893837441e-06,-0.0070635721493441,9.482616869497831e-06,-0.0075681130171543,7.460648955636241e-06,-0.0050454086781029,3.93664773433461e-06,-0.0045408678102926,5.034287459002331e-07,-0.0040363269424824,4.968264016917055e-06,-0.003531786074672,3.3671955463491e-05,-0.0030272452068617,1.7795793521060207e-06,0,0,0,1,1
97,29,13:14:54,6,-0.0060544904137235,351158.0,-0.0058022199798184,-0.0060544904137235,2.4965114038495165e-05,-0.0065590312815337,2.971054893837441e-06,-0.0070635721493441,9.482616869497831e-06,-0.0075681130171543,7.460648955636241e-06,-0.0080726538849646,3.2648592111169214e-05,-0.0055499495459131,2.484132008458527e-07,-0.0050454086781029,4.275017875021651e-06,-0.0045408678102926,7.014990721560625e-07,-0.0040363269424824,4.968264016917055e-06,-0.003531786074672,3.3671955463491e-05,1,1,0,1,1
98,29,13:14:57,6,-0.0055499495459131,354883.0,-0.0058022199798184,-0.0060544904137235,2.5014631620059123e-05,-0.0065590312815337,3.103101778007994e-06,-0.0070635721493441,9.490869799758491e-06,-0.0075681130171543,7.460648955636241e-06,-0.0080726538849646,3.314376792680879e-05,-0.0055499495459131,5.859580485068287e-08,-0.0050454086781029,3.392614571551932e-06,-0.0045408678102926,7.014990721560625e-07,-0.0040363269424824,4.968264016917055e-06,-0.003531786074672,3.3671955463491e-05,1,1,0,1,1
99,29,13:15:00,6,-0.0060544904137235,55184.0,-0.0055499495459131,-0.0060544904137235,2.4981619899016484e-05,-0.0065590312815337,3.103101778007994e-06,-0.0070635721493441,9.490869799758491e-06,-0.0075681130171543,7.460648955636241e-06,-0.0080726538849646,3.314376792680879e-05,-0.0050454086781029,4.482826658985059e-06,-0.0045408678102926,7.014990721560625e-07,-0.0040363269424824,5.0095286682203525e-06,-0.003531786074672,3.3671955463491e-05,-0.0030272452068617,1.7795793521060207e-06,1,1,0,1,1
100,29,13:15:03,6,-0.0060544904137235,92615.0,-0.005297679112008,-0.0055499495459131,4.951758156395735e-08,-0.0060544904137235,2.489909059640989e-05,-0.0065590312815337,3.103101778007994e-06,-0.0070635721493441,9.466111008976514e-06,-0.0075681130171543,7.460648955636241e-06,-0.0050454086781029,4.696742611341355e-06,-0.0045408678102926,8.830635378905728e-07,-0.0040363269424824,5.0095286682203525e-06,-0.003531786074672,3.3671955463491e-05,-0.0030272452068617,1.7795793521060207e-06,0,0,0,1,1
101,29,13:15:06,6,-0.0055499495459131,902747.0,-0.0058022199798184,-0.0060544904137235,2.422235031503581e-05,-0.0065590312815337,3.086595917486675e-06,-0.0070635721493441,9.466111008976514e-06,-0.0075681130171543,7.625707560849433e-06,-0.0080726538849646,3.314376792680879e-05,-0.0055499495459131,1.395405448472318e-06,-0.0050454086781029,4.391384191696951e-06,-0.0045408678102926,7.592695839806795e-07,-0.0040363269424824,4.926999365613756e-06,-0.003531786074672,3.3671955463491e-05,1,0,0,2,1
102,29,13:15:09,6,-0.0055499495459131,193106.0,-0.0058022199798184,-0.0060544904137235,2.3793197941481508e-05,-0.0065590312815337,3.070090056965356e-06,-0.0070635721493441,9.466111008976514e-06,-0.0075681130171543,7.625707560849433e-06,-0.0080726538849646,3.3201538438633404e-05,-0.0055499495459131,1.024023586742638e-06,-0.0050454086781029,4.473913494303547e-06,-0.0045408678102926,7.592695839806795e-07,-0.0040363269424824,4.926999365613756e-06,-0.003531786074672,3.427441937251915e-05,1,0,0,2,1
103,29,13:15:12,6,-0.0055499495459131,429220.0,-0.0058022199798184,-0.0060544904137235,2.320047249016094e-05,-0.0065590312815337,3.111354708268654e-06,-0.0070635721493441,9.466111008976514e-06,-0.0075681130171543,7.625707560849433e-06,-0.0080726538849646,3.3201538438633404e-05,-0.0055499495459131,3.252314757120719e-06,-0.0050454086781029,4.473913494303547e-06,-0.0045408678102926,7.592695839806795e-07,-0.0040363269424824,4.926999365613756e-06,-0.003531786074672,3.427441937251915e-05,1,0,0,2,1
104,29,13:15:15,6,-0.0055499495459131,1079775.0,-0.0058022199798184,-0.0060544904137235,2.0394476201536687e-05,-0.0065590312815337,3.1361134990506325e-06,-0.0070635721493441,9.466111008976514e-06,-0.0075681130171543,7.625707560849433e-06,-0.0080726538849646,3.3201538438633404e-05,-0.0055499495459131,2.1381691719316784e-06,-0.0050454086781029,4.473913494303547e-06,-0.0045408678102926,8.252930260659559e-07,-0.0040363269424824,4.926999365613756e-06,-0.003531786074672,3.427441937251915e-05,1,0,0,2,1
105,29,13:15:18,6,-0.0055499495459131,715150.0,-0.0058022199798184,-0.0060544904137235,1.7902091262817503e-05,-0.0065590312815337,3.160872289832611e-06,-0.0070635721493441,9.466111008976514e-06,-0.0075681130171543,7.625707560849433e-06,-0.0080726538849646,3.3201538438633404e-05,-0.0055499495459131,2.7984035927844432e-06,-0.0050454086781029,7.321174434231095e-06,-0.0045408678102926,8.252930260659559e-07,-0.0040363269424824,5.6119925772485e-06,-0.003531786074672,3.37132201147943e-05,0,0,0,1,1
106,29,13:15:21,6,-0.0060544904137235,1130955.0,-0.0058022199798184,-0.0060544904137235,1.4113583626661732e-05,-0.0065590312815337,3.160872289832611e-06,-0.0070635721493441,9.38358170636992e-06,-0.0075681130171543,7.625707560849433e-06,-0.0080726538849646,3.3292320671500664e-05,-0.0055499495459131,2.410515870533444e-06,-0.0050454086781029,7.321174434231095e-06,-0.0045408678102926,8.252930260659559e-07,-0.0040363269424824,5.479945693077947e-06,-0.003531786074672,3.387827872000749e-05,0,0,0,1,1
107,29,13:15:24,6,-0.0060544904137235,2279310.0,-0.0058022199798184,-0.0060544904137235,4.7382548505524725e-06,-0.0065590312815337,3.2434015924392065e-06,-0.0070635721493441,9.38358170636992e-06,-0.0075681130171543,7.625707560849433e-06,-0.0080726538849646,3.3374849974107254e-05,-0.0055499495459131,2.245457265320253e-06,-0.0050454086781029,6.726963455463607e-06,-0.0045408678102926,9.655928404971683e-07,-0.0040363269424824,5.479945693077947e-06,-0.003531786074672,3.387827872000749e-05,0,0,0,1,1
108,29,13:15:27,6,-0.0060544904137235,86689.0,-0.0058022199798184,-0.0060544904137235,4.763013641334452e-06,-0.0065590312815337,3.3011721042638235e-06,-0.0070635721493441,9.37532877610926e-06,-0.0075681130171543,7.65871928189207e-06,-0.0080726538849646,3.3374849974107254e-05,-0.0055499495459131,2.228951404798934e-06,-0.0050454086781029,6.759975176506245e-06,-0.0045408678102926,9.655928404971683e-07,-0.0040363269424824,4.456582340756162e-06,-0.003531786074672,3.418363713965189e-05,0,0,0,1,1
109,29,13:15:30,6,-0.0060544904137235,833320.0,-0.0058022199798184,-0.0060544904137235,2.0973171671414138e-06,-0.0065590312815337,3.3011721042638235e-06,-0.0070635721493441,9.38358170636992e-06,-0.0075681130171543,7.65046635163141e-06,-0.0080726538849646,3.3374849974107254e-05,-0.0055499495459131,2.1134103811497e-06,-0.0050454086781029,6.6774458738996494e-06,-0.0045408678102926,8.995693984118919e-07,-0.0040363269424824,4.456582340756162e-06,-0.003531786074672,3.4175384209391235e-05,0,0,1,1,2
110,29,13:15:33,6,-0.0065590312815337,2329080.0,-0.0068113017154388,-0.0070635721493441,4.994095688632919e-06,-0.0075681130171543,7.65046635163141e-06,-0.0080726538849646,3.350689685827781e-05,-0.008577194752775,1.587038489124833e-05,-0.0090817356205852,8.417988865872751e-07,-0.0065590312815337,4.2089944329363753e-07,-0.0060544904137235,3.136113499050633e-07,-0.0055499495459131,2.583827406007295e-06,-0.0050454086781029,6.165764197738757e-06,-0.0045408678102926,9.078223286725516e-07,1,0,1,2,2
111,29,13:15:36,6,-0.0070635721493441,476324.0,-0.0068113017154388,-0.0070635721493441,3.533327032496177e-06,-0.0075681130171543,7.65046635163141e-06,-0.0080726538849646,3.350689685827781e-05,-0.008577194752775,1.587038489124833e-05,-0.0090817356205852,8.417988865872751e-07,-0.0065590312815337,6.189697695494669e-07,-0.0060544904137235,2.4098556361125914e-06,-0.0055499495459131,2.5508156849646565e-06,-0.0050454086781029,6.504134338425798e-06,-0.0045408678102926,8.995693984118919e-07,1,0,1,2,2
112,29,13:15:39,6,-0.0070635721493441,173197.0,-0.0068113017154388,-0.0070635721493441,2.675022285387583e-06,-0.0075681130171543,7.65046635163141e-06,-0.0080726538849646,3.689059826514823e-05,-0.008577194752775,1.587038489124833e-05,-0.0090817356205852,8.417988865872751e-07,-0.0065590312815337,5.199346064215523e-07,-0.0060544904137235,2.830755079406229e-06,-0.0055499495459131,2.30322777714487e-06,-0.0050454086781029,6.355581593733926e-06,-0.0045408678102926,8.995693984118919e-07,1,0,1,2,2
113,29,13:15:42,6,-0.0070635721493441,281497.0,-0.0068113017154388,-0.0070635721493441,1.7752878283704777e-06,-0.0075681130171543,7.898054259451198e-06,-0.0080726538849646,3.771589129121419e-05,-0.008577194752775,1.587038489124833e-05,-0.0090817356205852,8.417988865872751e-07,-0.0065590312815337,5.529463274641904e-07,-0.0060544904137235,4.572123364405395e-06,-0.0055499495459131,2.245457265320253e-06,-0.0050454086781029,6.165764197738757e-06,-0.0045408678102926,8.995693984118919e-07,0,0,1,2,2
114,29,13:15:45,6,-0.0065590312815337,734203.0,-0.0063067608476287,-0.0065590312815337,1.237939539098934e-06,-0.0070635721493441,1.5194469902900315e-06,-0.0075681130171543,8.310700772484176e-06,-0.0080726538849646,3.773239715173551e-05,-0.008577194752775,1.588689075176965e-05,-0.0060544904137235,4.7124231788366085e-06,-0.0055499495459131,2.2702160561022315e-06,-0.0050454086781029,6.116246616174799e-06,-0.0045408678102926,8.995693984118919e-07,-0.0040363269424824,4.440076480234843e-06,0,0,1,1,1
115,29,13:15:48,6,-0.0070635721493441,468628.0,-0.0068113017154388,-0.0070635721493441,1.2801120127309045e-06,-0.0075681130171543,8.525276959261325e-06,-0.0080726538849646,3.7674626639910886e-05,-0.008577194752775,1.587038489124833e-05,-0.0090817356205852,8.417988865872751e-07,-0.0065590312815337,5.116816761608927e-07,-0.0060544904137235,5.81006290350433e-06,-0.0055499495459131,1.907087124633211e-06,-0.0050454086781029,6.050223174089523e-06,-0.0045408678102926,8.995693984118919e-07,0,1,1,2,2
116,29,13:15:51,6,-0.0070635721493441,368026.0,-0.0068113017154388,-0.0070635721493441,7.519244760486924e-07,-0.0075681130171543,8.525276959261325e-06,-0.0080726538849646,3.771589129121419e-05,-0.008577194752775,1.587038489124833e-05,-0.0090817356205852,8.417988865872751e-07,-0.0065590312815337,8.748106076299132e-07,-0.0060544904137235,5.80180997324367e-06,-0.0055499495459131,1.940098845675849e-06,-0.0050454086781029,6.050223174089523e-06,-0.0045408678102926,9.820987010184877e-07,0,1,2,2,2
117,29,13:15:54,6,-0.0065590312815337,875987.0,-0.0068113017154388,-0.0070635721493441,2.558408380804464e-07,-0.0075681130171543,8.285941981702197e-06,-0.0080726538849646,3.771589129121419e-05,-0.008577194752775,1.5952914193854928e-05,-0.0090817356205852,8.417988865872751e-07,-0.0065590312815337,7.831205524339856e-07,-0.0060544904137235,5.843074624546968e-06,-0.0055499495459131,1.940098845675849e-06,-0.0050454086781029,5.802635266269736e-06,-0.0045408678102926,9.490869799758492e-07,0,0,2,2,2
118,29,13:15:57,6,-0.0070635721493441,2177533.0,-0.0073158425832492,-0.0075681130171543,2.558408380804464e-07,-0.0080726538849646,3.762510905834693e-05,-0.008577194752775,1.3493540976178378e-05,-0.0090817356205852,8.417988865872751e-07,-0.0095862764883956,7.49366067667888e-06,-0.0070635721493441,4.266764944760992e-06,-0.0065590312815337,9.23420366865198e-07,-0.0060544904137235,7.312096210944369e-06,-0.0055499495459131,1.848656378387741e-06,-0.0050454086781029,5.035112752028397e-06,1,2,2,2,2
119,29,13:16:00,6,-0.0075681130171543,133776.0,-0.0078203834510596,-0.0080726538849646,3.754257975574034e-05,-0.008577194752775,1.3501793906439038e-05,-0.0090817356205852,8.830635378905728e-07,-0.0095862764883956,7.49366067667888e-06,-0.0100908173562057,1.777681178146069e-05,-0.0075681130171543,5.364404669428713e-07,-0.0070635721493441,6.214456486276648e-06,-0.0065590312815337,3.3250230727171296e-06,-0.0060544904137235,7.312096210944369e-06,-0.0055499495459131,1.848656378387741e-06,2,2,2,2,2
120,29,13:16:03,6,-0.0075681130171543,495594.0,-0.0078203834510596,-0.0080726538849646,3.66512632875891e-05,-0.008577194752775,1.3419264603832445e-05,-0.0090817356205852,8.830635378905728e-07,-0.0095862764883956,7.49366067667888e-06,-0.0100908173562057,1.777681178146069e-05,-0.0075681130171543,3.3011721042638234e-08,-0.0070635721493441,1.4525157258760824e-05,-0.0065590312815337,3.341528933238449e-06,-0.0060544904137235,6.420779742793137e-06,-0.0055499495459131,1.700103633695869e-06,2,2,2,2,2
121,29,13:16:06,6,-0.0075681130171543,574169.0,-0.0078203834510596,-0.0080726538849646,3.430743109356179e-05,-0.008577194752775,1.3336735301225848e-05,-0.0090817356205852,9.655928404971683e-07,-0.0095862764883956,7.49366067667888e-06,-0.0100908173562057,1.780157057224267e-05,-0.0075681130171543,2.228291170378081e-07,-0.0070635721493441,1.4516904328500164e-05,-0.0065590312815337,3.3910465148024064e-06,-0.0060544904137235,6.503309045399732e-06,-0.0055499495459131,1.6505860521319118e-06,2,2,2,2,2
122,29,13:16:09,6,-0.0075681130171543,542812.0,-0.0073158425832492,-0.0075681130171543,2.038473774382911e-06,-0.0080726538849646,3.344087341619253e-05,-0.008577194752775,1.4170281257552463e-05,-0.0090817356205852,9.655928404971683e-07,-0.0095862764883956,7.49366067667888e-06,-0.0070635721493441,1.4459133816675548e-05,-0.0065590312815337,3.3910465148024064e-06,-0.0060544904137235,6.412526812532477e-06,-0.0055499495459131,1.609321400828614e-06,-0.0050454086781029,5.035112752028397e-06,1,2,2,2,2
123,29,13:16:12,6,-0.0075681130171543,928271.0,-0.0073158425832492,-0.0075681130171543,1.6340801916105926e-06,-0.0080726538849646,3.2128657504747664e-05,-0.008577194752775,1.4178534187813125e-05,-0.0090817356205852,9.655928404971683e-07,-0.0095862764883956,7.49366067667888e-06,-0.0070635721493441,1.4508651398239504e-05,-0.0065590312815337,3.50658753845164e-06,-0.0060544904137235,6.263974067840605e-06,-0.0055499495459131,1.6505860521319118e-06,-0.0050454086781029,5.035112752028397e-06,2,2,2,2,2
124,29,13:16:15,6,-0.0070635721493441,3880774.0,-0.0068113017154388,-0.0070635721493441,4.5638704341447365e-06,-0.0075681130171543,2.005462053340273e-06,-0.0080726538849646,3.202962234161975e-05,-0.008577194752775,1.423630469963774e-05,-0.0090817356205852,9.655928404971683e-07,-0.0065590312815337,3.630381492361533e-06,-0.0060544904137235,6.305238719143903e-06,-0.0055499495459131,1.6505860521319118e-06,-0.0050454086781029,5.035112752028397e-06,-0.0045408678102926,1.0316162825824448e-06,1,2,2,2,1
125,29,13:16:18,6,-0.0070635721493441,218448.0,-0.0068113017154388,-0.0070635721493441,3.887130152770652e-06,-0.0075681130171543,2.6656964741930374e-06,-0.0080726538849646,3.194709303901315e-05,-0.008577194752775,1.42445576298984e-05,-0.0090817356205852,9.655928404971683e-07,-0.0065590312815337,3.630381492361533e-06,-0.0060544904137235,6.305238719143903e-06,-0.0055499495459131,1.6505860521319118e-06,-0.0050454086781029,5.035112752028397e-06,-0.0045408678102926,1.0316162825824448e-06,1,2,2,1,1
126,29,13:16:21,6,-0.0070635721493441,2052218.0,-0.0068113017154388,-0.0070635721493441,1.072880933885743e-07,-0.0075681130171543,1.539171493613008e-05,-0.0080726538849646,3.203787527188041e-05,-0.008577194752775,1.422805176937708e-05,-0.0090817356205852,9.820987010184877e-07,-0.0065590312815337,3.1434586069826192e-06,-0.0060544904137235,6.305238719143903e-06,-0.0055499495459131,1.6505860521319118e-06,-0.0050454086781029,5.068124473071036e-06,-0.0045408678102926,1.015110422061126e-06,2,2,2,1,2
127,29,13:16:24,6,-0.0075681130171543,1613891.0,-0.0073158425832492,-0.0075681130171543,1.0775108277619727e-05,-0.0080726538849646,3.22029338770936e-05,-0.008577194752775,1.4302328141723015e-05,-0.0090817356205852,9.820987010184877e-07,-0.0095862764883956,7.435890164854263e-06,-0.0070635721493441,6.189697695494669e-07,-0.0065590312815337,3.077435164897343e-06,-0.0060544904137235,6.305238719143903e-06,-0.0055499495459131,1.6505860521319118e-06,-0.0050454086781029,5.068124473071036e-06,2,2,2,2,2
128,29,13:16:27,6,-0.0070635721493441,1133871.0,-0.0068113017154388,-0.0070635721493441,5.777051182461691e-07,-0.0075681130171543,1.1030949115700173e-05,-0.0080726538849646,3.205438113240173e-05,-0.008577194752775,1.4302328141723015e-05,-0.0090817356205852,9.820987010184877e-07,-0.0065590312815337,5.107738538322201e-07,-0.0060544904137235,6.255721137579946e-06,-0.0055499495459131,1.832150517866422e-06,-0.0050454086781029,4.97734224020378e-06,-0.0045408678102926,1.015110422061126e-06,1,2,2,1,2
129,29,13:16:30,6,-0.0070635721493441,1163298.0,-0.0065590312815339,-0.0070635721493441,4.448329410495502e-06,-0.0075681130171543,1.201304781671866e-05,-0.0080726538849646,3.205438113240173e-05,-0.008577194752775,1.4343592793026314e-05,-0.0090817356205852,9.820987010184877e-07,-0.0060544904137235,5.644096475962466e-06,-0.0055499495459131,1.832150517866422e-06,-0.0050454086781029,5.125894984895652e-06,-0.0045408678102926,1.015110422061126e-06,-0.0040363269424824,4.67941145779397e-06,1,2,2,2,1
130,29,13:16:33,6,-0.0060544904137235,261870.0,-0.0068113017154388,-0.0070635721493441,1.0373933337649064e-05,-0.0075681130171543,1.2343165027145044e-05,-0.0080726538849646,3.2079139923183705e-05,-0.008577194752775,1.439311037459027e-05,-0.0090817356205852,1.0976397246677211e-06,-0.0065590312815337,2.7234669860176546e-07,-0.0060544904137235,5.132414799801573e-06,-0.0055499495459131,1.832150517866422e-06,-0.0050454086781029,5.125894984895652e-06,-0.0045408678102926,1.015110422061126e-06,2,2,2,2,1
131,29,13:16:36,6,-0.0060544904137235,1067403.0,-0.0063067608476287,-0.0065590312815337,5.694521879855096e-07,-0.0070635721493441,1.253620106594187e-05,-0.0075681130171543,1.2343165027145044e-05,-0.0080726538849646,3.2120404574487e-05,-0.008577194752775,1.440136330485093e-05,-0.0060544904137235,2.458465395347876e-06,-0.0055499495459131,1.832150517866422e-06,-0.0050454086781029,5.125894984895652e-06,-0.0045408678102926,1.015110422061126e-06,-0.0040363269424824,4.67941145779397e-06,2,2,1,2,1
132,29,13:16:39,6,-0.0070635721493441,484297.0,-0.0065590312815339,-0.0070635721493441,1.3212941347315954e-05,-0.0075681130171543,1.238442967844834e-05,-0.0080726538849646,3.210389871396568e-05,-0.008577194752775,1.4318834002244336e-05,-0.0090817356205852,1.0976397246677211e-06,-0.0060544904137235,2.136601115182153e-06,-0.0055499495459131,1.832150517866422e-06,-0.0050454086781029,5.125894984895652e-06,-0.0045408678102926,1.015110422061126e-06,-0.0040363269424824,4.67941145779397e-06,2,2,2,1,1
133,29,13:16:42,6,-0.0070635721493441,383839.0,-0.0068113017154388,-0.0070635721493441,1.3699864232694867e-05,-0.0075681130171543,1.238442967844834e-05,-0.0080726538849646,3.202136941135909e-05,-0.008577194752775,1.4360098653547631e-05,-0.0090817356205852,1.0976397246677211e-06,-0.0065590312815337,2.1457618677714854e-07,-0.0060544904137235,1.988048370490281e-06,-0.0055499495459131,1.832150517866422e-06,-0.0050454086781029,5.125894984895652e-06,-0.0045408678102926,1.015110422061126e-06,2,2,2,2,1
134,29,13:16:45,6,-0.0065590312815337,769979.0,-0.0063067608476287,-0.0065590312815337,2.3850968453306123e-06,-0.0070635721493441,1.3732875953737506e-05,-0.0075681130171543,1.2565994144182853e-05,-0.0080726538849646,3.202136941135909e-05,-0.008577194752775,1.4327086932504994e-05,-0.0060544904137235,1.674437020585218e-06,-0.0055499495459131,1.889921029691039e-06,-0.0050454086781029,5.125894984895652e-06,-0.0045408678102926,1.015110422061126e-06,-0.0040363269424824,4.67941145779397e-06,2,2,1,1,1
135,29,13:16:48,6,-0.0065590312815337,297387.0,-0.0063067608476287,-0.0065590312815337,4.151223921111758e-06,-0.0070635721493441,1.626652554375999e-05,-0.0075681130171543,1.2648523446789446e-05,-0.0080726538849646,3.200486355083777e-05,-0.008577194752775,1.4541663119282145e-05,-0.0060544904137235,1.3443198101588357e-06,-0.0055499495459131,1.889921029691039e-06,-0.0050454086781029,5.257941869066205e-06,-0.0045408678102926,1.015110422061126e-06,-0.0040363269424824,4.67941145779397e-06,2,2,2,1,1
136,29,13:16:51,6,-0.0060544904137235,933472.0,-0.0058022199798184,-0.0060544904137235,2.633592575479072e-06,-0.0065590312815337,7.807272026583943e-06,-0.0070635721493441,1.628303140428131e-05,-0.0075681130171543,1.315195219268968e-05,-0.0080726538849646,3.216992215605096e-05,-0.0055499495459131,2.1457618677714854e-06,-0.0050454086781029,5.257941869066205e-06,-0.0045408678102926,1.015110422061126e-06,-0.0040363269424824,4.67941145779397e-06,-0.003531786074672,3.430743109356179e-05,2,2,1,1,0
137,29,13:16:54,6,-0.0060544904137235,1231554.0,-0.0055499495459131,-0.0060544904137235,6.141087936259384e-06,-0.0065590312815337,8.649070913171217e-06,-0.0070635721493441,1.2041025250302295e-05,-0.0075681130171543,1.3201469774253638e-05,-0.0080726538849646,3.219468094683294e-05,-0.0050454086781029,5.257941869066205e-06,-0.0045408678102926,1.015110422061126e-06,-0.0040363269424824,4.67941145779397e-06,-0.003531786074672,3.430743109356179e-05,-0.0030272452068617,1.4577150719402978e-06,2,1,1,1,0
138,29,13:16:57,6,-0.0060544904137235,59105.0,-0.0055499495459131,-0.0060544904137235,1.2652649911919776e-05,-0.0065590312815337,8.847141239427047e-06,-0.0070635721493441,1.2090542831866254e-05,-0.0075681130171543,1.3209722704514296e-05,-0.0080726538849646,3.22441985283969e-05,-0.0050454086781029,5.2496889388055455e-06,-0.0045408678102926,1.015110422061126e-06,-0.0040363269424824,4.687664388054629e-06,-0.003531786074672,3.430743109356179e-05,-0.0030272452068617,1.4577150719402978e-06,2,1,1,1,0
139,29,13:17:00,6,-0.0050454086781029,285682.0,-0.0055499495459131,-0.0060544904137235,1.165404535037997e-05,-0.0065590312815337,1.495430963231512e-05,-0.0070635721493441,1.2173072134472849e-05,-0.0075681130171543,1.3209722704514296e-05,-0.0080726538849646,3.237624541256745e-05,-0.0050454086781029,5.175412566459609e-06,-0.0045408678102926,1.015110422061126e-06,-0.0040363269424824,4.687664388054629e-06,-0.003531786074672,3.422490179095519e-05,-0.0030272452068617,1.4577150719402978e-06,2,1,1,1,0
140,29,13:17:03,6,-0.0050454086781029,1417718.0,-0.005297679112008,-0.0055499495459131,3.136113499050633e-07,-0.0060544904137235,1.144772209386348e-05,-0.0065590312815337,1.3757634744519484e-05,-0.0070635721493441,1.2173072134472849e-05,-0.0075681130171543,1.3292252007120893e-05,-0.0050454086781029,1.576309679785976e-07,-0.0045408678102926,1.015110422061126e-06,-0.0040363269424824,4.687664388054629e-06,-0.003531786074672,3.422490179095519e-05,-0.0030272452068617,1.3339211180304045e-06,1,1,1,1,0
141,29,13:17:06,6,-0.0050454086781029,748928.0,-0.0047931382441976,-0.0050454086781029,3.2186428016572284e-08,-0.0055499495459131,1.485527446918721e-07,-0.0060544904137235,4.605135085448034e-06,-0.0065590312815337,1.2932341718453527e-05,-0.0070635721493441,1.2503189344899232e-05,-0.0045408678102926,1.0233633523217851e-06,-0.0040363269424824,4.770193690661225e-06,-0.003531786074672,3.4191890069912554e-05,-0.0030272452068617,1.3339211180304045e-06,-0.0025227043390515,3.0040666148800795e-06,0,0,0,0,0
142,29,13:17:09,6,-0.0050454086781029,697584.0,-0.0047931382441976,-0.0050454086781029,1.6010684705679544e-06,-0.0055499495459131,2.1457618677714854e-07,-0.0060544904137235,4.422745326687457e-06,-0.0065590312815337,1.2932341718453527e-05,-0.0070635721493441,1.2503189344899232e-05,-0.0045408678102926,1.089386794407062e-06,-0.0040363269424824,4.794952481443204e-06,-0.003531786074672,3.443947797773234e-05,-0.0030272452068617,1.3339211180304045e-06,-0.0025227043390515,3.0040666148800795e-06,0,0,0,0,0
143,29,13:17:12,6,-0.0050454086781029,252574.0,-0.0047931382441976,-0.0050454086781029,9.896913968582944e-07,-0.0055499495459131,2.7234669860176546e-07,-0.0060544904137235,6.180619472207944e-06,-0.0065590312815337,1.3501793906439038e-05,-0.0070635721493441,1.291583585793221e-05,-0.0045408678102926,1.089386794407062e-06,-0.0040363269424824,6.54457369670303e-06,-0.003531786074672,3.443947797773234e-05,-0.0030272452068617,1.3339211180304045e-06,-0.0025227043390515,3.0040666148800795e-06,0,0,0,0,0
144,29,13:17:15,6,-0.0050454086781029,218892.0,-0.0047931382441976,-0.0050454086781029,1.2620380954600598e-06,-0.0055499495459131,3.7963479199033973e-07,-0.0060544904137235,6.939889056188624e-06,-0.0065590312815337,1.3600829069566953e-05,-0.0070635721493441,1.3039629811842104e-05,-0.0045408678102926,1.345227632487508e-06,-0.0040363269424824,6.54457369670303e-06,-0.003531786074672,3.448074262903564e-05,-0.0030272452068617,1.3339211180304045e-06,-0.0025227043390515,3.0040666148800795e-06,0,0,0,0,0
145,29,13:17:18,6,-0.0055499495459131,421801.0,-0.005297679112008,-0.0055499495459131,1.485527446918721e-07,-0.0060544904137235,6.99765956801324e-06,-0.0065590312815337,1.3600829069566953e-05,-0.0070635721493441,1.2998365160538803e-05,-0.0075681130171543,1.3275746146599572e-05,-0.0050454086781029,1.321129076126382e-06,-0.0045408678102926,1.4195040048334445e-06,-0.0040363269424824,6.660114720352264e-06,-0.003531786074672,3.448074262903564e-05,-0.0030272452068617,1.3339211180304045e-06,1,1,0,0,0
146,29,13:17:21,6,-0.0050454086781029,29579.0,-0.005297679112008,-0.0055499495459131,4.2089944329363753e-07,-0.0060544904137235,6.99765956801324e-06,-0.0065590312815337,1.3600829069566953e-05,-0.0070635721493441,1.31221591144487e-05,-0.0075681130171543,1.352333405441936e-05,-0.0050454086781029,1.477934751078914e-06,-0.0045408678102926,1.444262795615423e-06,-0.0040363269424824,6.742644022958859e-06,-0.003531786074672,3.448074262903564e-05,-0.0030272452068617,1.3339211180304045e-06,1,1,0,1,0
147,29,13:17:24,6,-0.0055499495459131,155783.0,-0.005297679112008,-0.0055499495459131,7.840283747626581e-07,-0.0060544904137235,7.038924219316538e-06,-0.0065590312815337,1.3774140605040805e-05,-0.0070635721493441,1.3163423765751996e-05,-0.0075681130171543,1.352333405441936e-05,-0.0050454086781029,1.4449230300362757e-06,-0.0045408678102926,1.8569093086484008e-06,-0.0040363269424824,6.742644022958859e-06,-0.003531786074672,3.451375435007828e-05,-0.0030272452068617,1.482473862722277e-06,1,1,0,0,0
148,29,13:17:27,6,-0.0050454086781029,69002.0,-0.005297679112008,-0.0055499495459131,1.832150517866422e-06,-0.0060544904137235,7.104947661401814e-06,-0.0065590312815337,1.3798899395822782e-05,-0.0070635721493441,1.3245953068358593e-05,-0.0075681130171543,1.3457310612334083e-05,-0.0050454086781029,1.865822473329913e-06,-0.0045408678102926,1.8569093086484008e-06,-0.0040363269424824,6.93246141895403e-06,-0.003531786074672,3.451375435007828e-05,-0.0030272452068617,1.482473862722277e-06,0,1,0,1,0
149,29,13:17:30,6,-0.0050454086781029,356802.0,-0.005297679112008,-0.0055499495459131,1.3699864232694867e-06,-0.0060544904137235,5.619420214483094e-06,-0.0065590312815337,1.3757634744519484e-05,-0.0070635721493441,1.3254205998619252e-05,-0.0075681130171543,1.3457310612334083e-05,-0.0050454086781029,1.55221112342485e-06,-0.0045408678102926,1.8569093086484008e-06,-0.0040363269424824,6.93246141895403e-06,-0.003531786074672,3.451375435007828e-05,-0.0030272452068617,1.482473862722277e-06,0,0,1,0,0
150,29,13:17:33,6,-0.0055499495459131,195143.0,-0.005297679112008,-0.0055499495459131,7.345107931987008e-07,-0.0060544904137235,5.660684865786392e-06,-0.0065590312815337,1.3798899395822782e-05,-0.0070635721493441,1.3254205998619252e-05,-0.0075681130171543,1.4505432755437848e-05,-0.0050454086781029,1.494440611600233e-06,-0.0045408678102926,1.8569093086484008e-06,-0.0040363269424824,6.92420848869337e-06,-0.003531786074672,3.426616644225849e-05,-0.0030272452068617,1.482473862722277e-06,1,1,1,0,0
151,29,13:17:36,6,-0.0060544904137235,790591.0,-0.0055499495459131,-0.0060544904137235,6.122848960383327e-06,-0.0065590312815337,1.3798899395822782e-05,-0.0070635721493441,1.3262458928879912e-05,-0.0075681130171543,1.4505432755437848e-05,-0.0080726538849646,3.331707946228264e-05,-0.0050454086781029,1.5746590937338438e-07,-0.0045408678102926,1.8569093086484008e-06,-0.0040363269424824,6.92420848869337e-06,-0.003531786074672,3.426616644225849e-05,-0.0030272452068617,1.482473862722277e-06,1,1,1,0,0
152,29,13:17:39,6,-0.0050454086781029,120232.0,-0.005297679112008,-0.0055499495459131,1.980703262558294e-07,-0.0060544904137235,6.221884123511242e-06,-0.0065590312815337,1.3427517534093104e-05,-0.0070635721493441,1.3262458928879912e-05,-0.0075681130171543,1.4546697406741145e-05,-0.0050454086781029,1.395405448472318e-06,-0.0045408678102926,1.8569093086484008e-06,-0.0040363269424824,6.92420848869337e-06,-0.003531786074672,3.426616644225849e-05,-0.0030272452068617,1.482473862722277e-06,1,0,1,0,0
153,29,13:17:42,6,-0.0060544904137235,104455.0,-0.0058022199798184,-0.0060544904137235,6.263148774814539e-06,-0.0065590312815337,1.3394505813050464e-05,-0.0070635721493441,1.4145522466770484e-05,-0.0075681130171543,1.4340374150224656e-05,-0.0080726538849646,3.3812255277922215e-05,-0.0055499495459131,6.602344208527647e-07,-0.0050454086781029,1.4036583787329778e-06,-0.0045408678102926,1.8569093086484008e-06,-0.0040363269424824,6.92420848869337e-06,-0.003531786074672,3.426616644225849e-05,2,1,1,0,0
154,29,13:17:45,6,-0.0060544904137235,587111.0,-0.0058022199798184,-0.0060544904137235,4.307204303038224e-06,-0.0065590312815337,1.3394505813050464e-05,-0.0070635721493441,1.1710908039875914e-05,-0.0075681130171543,1.4340374150224656e-05,-0.0080726538849646,3.3812255277922215e-05,-0.0055499495459131,1.163663166752998e-06,-0.0050454086781029,1.9813634969791467e-06,-0.0045408678102926,1.8569093086484008e-06,-0.0040363269424824,6.973726070257328e-06,-0.003531786074672,3.426616644225849e-05,1,1,1,0,0
155,29,13:17:48,6,-0.0050454086781029,492823.0,-0.005297679112008,-0.0055499495459131,1.757874145520486e-06,-0.0060544904137235,4.290698442516905e-06,-0.0065590312815337,1.3402758743311123e-05,-0.0070635721493441,1.1710908039875914e-05,-0.0075681130171543,1.4340374150224656e-05,-0.0050454086781029,1.7502814496806792e-06,-0.0045408678102926,1.8569093086484008e-06,-0.0040363269424824,6.973726070257328e-06,-0.003531786074672,3.426616644225849e-05,-0.0030272452068617,1.482473862722277e-06,1,0,1,0,0
156,29,13:17:51,6,-0.0055499495459131,279883.0,-0.005297679112008,-0.0055499495459131,1.2049278180562955e-06,-0.0060544904137235,4.455757047730096e-06,-0.0065590312815337,1.3402758743311123e-05,-0.0070635721493441,1.162837873726932e-05,-0.0075681130171543,1.4422903452831253e-05,-0.0050454086781029,2.006122287761126e-06,-0.0045408678102926,1.9724503322976347e-06,-0.0040363269424824,7.1552905359918375e-06,-0.003531786074672,3.426616644225849e-05,-0.0030272452068617,1.482473862722277e-06,0,0,1,0,0
157,29,13:17:54,6,-0.0050454086781029,376494.0,-0.005297679112008,-0.0055499495459131,4.951758156395735e-08,-0.0060544904137235,4.5960568621613085e-06,-0.0065590312815337,1.3402758743311123e-05,-0.0070635721493441,1.162837873726932e-05,-0.0075681130171543,1.4422903452831253e-05,-0.0050454086781029,1.865822473329913e-06,-0.0045408678102926,1.9724503322976347e-06,-0.0040363269424824,7.1552905359918375e-06,-0.003531786074672,3.4348695744865085e-05,-0.0030272452068617,1.482473862722277e-06,0,0,1,0,0
158,29,13:17:57,6,-0.0055499495459131,131251.0,-0.005297679112008,-0.0055499495459131,1.7777637074486756e-06,-0.0060544904137235,4.6538273739859255e-06,-0.0065590312815337,1.3402758743311123e-05,-0.0070635721493441,1.162012580700866e-05,-0.0075681130171543,1.4422903452831253e-05,-0.0050454086781029,2.385757079751465e-06,-0.0045408678102926,1.9724503322976347e-06,-0.0040363269424824,7.1552905359918375e-06,-0.003531786074672,3.4348695744865085e-05,-0.0030272452068617,1.482473862722277e-06,0,0,1,0,0
159,29,13:18:00,6,-0.0060544904137235,552742.0,-0.0058022199798184,-0.0060544904137235,4.579551001639989e-06,-0.0065590312815337,1.3419264603832445e-05,-0.0070635721493441,1.162837873726932e-05,-0.0075681130171543,1.4422903452831253e-05,-0.0080726538849646,3.411761369756662e-05,-0.0055499495459131,2.1375089375108263e-08,-0.0050454086781029,2.0638927995857424e-06,-0.0045408678102926,1.9724503322976347e-06,-0.0040363269424824,7.427637234593603e-06,-0.003531786074672,3.437345453564706e-05,1,2,1,0,0
160,29,13:18:03,6,-0.0055499495459131,177375.0,-0.005297679112008,-0.0055499495459131,3.136113499050633e-07,-0.0060544904137235,4.274192581995585e-06,-0.0065590312815337,1.3419264603832445e-05,-0.0070635721493441,1.1545849434662724e-05,-0.0075681130171543,1.4505432755437848e-05,-0.0050454086781029,1.9779797955722767e-06,-0.0045408678102926,1.9724503322976347e-06,-0.0040363269424824,7.427637234593603e-06,-0.003531786074672,3.437345453564706e-05,-0.0030272452068617,1.482473862722277e-06,0,1,1,0,0
161,29,13:18:06,6,-0.0055499495459131,315360.0,-0.0058022199798184,-0.0060544904137235,4.3567218846021815e-06,-0.0065590312815337,1.3427517534093104e-05,-0.0070635721493441,1.158711408596602e-05,-0.0075681130171543,1.4587962058044445e-05,-0.0080726538849646,3.411761369756662e-05,-0.0055499495459131,3.136113499050633e-07,-0.0050454086781029,1.609321400828614e-06,-0.0045408678102926,2.021967913861592e-06,-0.0040363269424824,7.427637234593603e-06,-0.003531786074672,3.437345453564706e-05,0,2,1,0,0
162,29,13:18:09,6,-0.0055499495459131,273956.0,-0.0058022199798184,-0.0060544904137235,6.7665775207147725e-06,-0.0065590312815337,1.3427517534093104e-05,-0.0070635721493441,1.158711408596602e-05,-0.0075681130171543,1.4670491360651038e-05,-0.0080726538849646,3.41423724883486e-05,-0.0055499495459131,1.237939539098934e-07,-0.0050454086781029,1.9972091230796133e-06,-0.0045408678102926,2.021967913861592e-06,-0.0040363269424824,7.427637234593603e-06,-0.003531786074672,3.437345453564706e-05,0,1,1,0,0
163,29,13:18:12,6,-0.0060544904137235,104437.0,-0.0058022199798184,-0.0060544904137235,6.783083381236092e-06,-0.0065590312815337,1.3303723580183209e-05,-0.0070635721493441,1.158711408596602e-05,-0.0075681130171543,1.4587962058044445e-05,-0.0080726538849646,3.41423724883486e-05,-0.0055499495459131,9.078223286725516e-08,-0.0050454086781029,1.9889561928189536e-06,-0.0045408678102926,2.021967913861592e-06,-0.0040363269424824,7.427637234593603e-06,-0.003531786074672,3.437345453564706e-05,0,1,1,0,0
164,29,13:18:15,6,-0.0060544904137235,356664.0,-0.0058022199798184,-0.0060544904137235,6.032066727516071e-06,-0.0065590312815337,9.17725844985343e-06,-0.0070635721493441,1.0687544687554129e-05,-0.0075681130171543,1.4587962058044445e-05,-0.0080726538849646,3.422490179095519e-05,-0.0055499495459131,2.558408380804464e-07,-0.0050454086781029,1.7496212152598264e-06,-0.0045408678102926,2.021967913861592e-06,-0.0040363269424824,7.5101665372001985e-06,-0.003531786074672,3.445598383825366e-05,2,1,1,0,0
165,29,13:18:18,6,-0.0060544904137235,1940265.0,-0.0063067608476287,-0.0065590312815337,9.127740868289471e-06,-0.0070635721493441,1.0687544687554129e-05,-0.0075681130171543,1.4670491360651038e-05,-0.0080726538849646,3.4158878348869915e-05,-0.008577194752775,1.5119368237528312e-05,-0.0060544904137235,4.531684006128164e-06,-0.0055499495459131,1.6505860521319117e-07,-0.0050454086781029,1.8651622389090603e-06,-0.0045408678102926,2.1952794493354427e-06,-0.0040363269424824,7.526672397721518e-06,2,2,1,0,0
166,29,13:18:21,6,-0.0060544904137235,429445.0,-0.0063067608476287,-0.0065590312815337,9.053464495943536e-06,-0.0070635721493441,1.123223808475766e-05,-0.0075681130171543,1.4554950337001804e-05,-0.0080726538849646,3.4158878348869915e-05,-0.008577194752775,1.5119368237528312e-05,-0.0060544904137235,2.856339163214273e-06,-0.0055499495459131,8.170400958052963e-07,-0.0050454086781029,1.8651622389090603e-06,-0.0045408678102926,2.1952794493354427e-06,-0.0040363269424824,7.526672397721518e-06,2,2,2,0,0
167,29,13:18:24,6,-0.0060544904137235,167438.0,-0.0063067608476287,-0.0065590312815337,8.96268226307628e-06,-0.0070635721493441,1.123223808475766e-05,-0.0075681130171543,1.4554950337001804e-05,-0.0080726538849646,3.4332189884343766e-05,-0.008577194752775,1.5119368237528312e-05,-0.0060544904137235,4.176808004919803e-06,-0.0055499495459131,9.490869799758492e-07,-0.0050454086781029,1.9559444717763157e-06,-0.0045408678102926,2.1952794493354427e-06,-0.0040363269424824,7.526672397721518e-06,2,2,1,0,0
168,29,13:18:27,6,-0.0060544904137235,126047.0,-0.0063067608476287,-0.0065590312815337,8.723347285517155e-06,-0.0070635721493441,1.1290008596582276e-05,-0.0075681130171543,1.4596214988305105e-05,-0.0080726538849646,3.4348695744865085e-05,-0.008577194752775,1.5061597725703696e-05,-0.0060544904137235,5.612817870274566e-06,-0.0055499495459131,1.0316162825824448e-06,-0.0050454086781029,2.170520658553464e-06,-0.0045408678102926,2.3603380545486337e-06,-0.0040363269424824,7.757754445019985e-06,2,2,1,0,0
169,29,13:18:30,6,-0.0050454086781029,2165948.0,-0.0047931382441976,-0.0050454086781029,3.623036384429546e-07,-0.0055499495459131,8.913164681512324e-07,-0.0060544904137235,1.402998144312125e-07,-0.0065590312815337,9.210270170896068e-06,-0.0070635721493441,1.1290008596582276e-05,-0.0045408678102926,2.261302891420719e-06,-0.0040363269424824,7.757754445019985e-06,-0.003531786074672,3.447248969877498e-05,-0.0030272452068617,1.482473862722277e-06,-0.0025227043390515,3.0040666148800795e-06,0,0,0,0,0
170,29,13:18:33,6,-0.0055499495459131,161677.0,-0.005297679112008,-0.0055499495459131,6.759149883480179e-07,-0.0060544904137235,2.7234669860176546e-07,-0.0065590312815337,9.127740868289471e-06,-0.0070635721493441,1.1100191200587108e-05,-0.0075681130171543,1.4472421034395207e-05,-0.0050454086781029,4.951758156395736e-07,-0.0045408678102926,2.261302891420719e-06,-0.0040363269424824,7.87329546866922e-06,-0.003531786074672,3.542982960901149e-05,-0.0030272452068617,1.482473862722277e-06,1,0,0,0,0
171,29,13:18:36,6,-0.0060544904137235,352731.0,-0.005297679112008,-0.0055499495459131,1.402998144312125e-07,-0.0060544904137235,1.8560840156223348e-06,-0.0065590312815337,9.14424672881079e-06,-0.0070635721493441,1.1058926549283808e-05,-0.0075681130171543,1.4472421034395207e-05,-0.0050454086781029,4.2915237355429707e-07,-0.0045408678102926,2.261302891420719e-06,-0.0040363269424824,7.87329546866922e-06,-0.003531786074672,3.542982960901149e-05,-0.0030272452068617,1.482473862722277e-06,1,0,0,0,0
172,29,13:18:39,6,-0.0055499495459131,78819.0,-0.0058022199798184,-0.0060544904137235,2.458547924650483e-06,-0.0065590312815337,9.18551138011409e-06,-0.0070635721493441,1.1058926549283808e-05,-0.0075681130171543,1.4472421034395207e-05,-0.0080726538849646,3.443947797773234e-05,-0.0055499495459131,5.446933972035309e-07,-0.0050454086781029,2.954549033316122e-06,-0.0045408678102926,2.261302891420719e-06,-0.0040363269424824,7.87329546866922e-06,-0.003531786074672,3.542982960901149e-05,1,1,0,0,0
173,29,13:18:42,6,-0.0050454086781029,238525.0,-0.0055499495459131,-0.0060544904137235,3.217817508631162e-06,-0.0065590312815337,9.251534822199363e-06,-0.0070635721493441,1.1058926549283808e-05,-0.0075681130171543,1.4472421034395207e-05,-0.0080726538849646,3.441471918695036e-05,-0.0050454086781029,2.261302891420719e-06,-0.0045408678102926,2.261302891420719e-06,-0.0040363269424824,7.947571841015155e-06,-0.003531786074672,3.542982960901149e-05,-0.0030272452068617,1.482473862722277e-06,1,0,0,0,0
174,29,13:18:45,6,-0.0060544904137235,204908.0,-0.0058022199798184,-0.0060544904137235,3.407634904626332e-06,-0.0065590312815337,9.251534822199363e-06,-0.0070635721493441,1.1083685340065787e-05,-0.0075681130171543,1.444766224361323e-05,-0.0080726538849646,3.441471918695036e-05,-0.0055499495459131,2.475879078197868e-07,-0.0050454086781029,2.657443543932378e-06,-0.0045408678102926,2.1457618677714854e-06,-0.0040363269424824,7.947571841015155e-06,-0.003531786074672,3.5438082539272145e-05,1,0,0,0,0
175,29,13:18:48,6,-0.0060544904137235,453246.0,-0.0055499495459131,-0.0060544904137235,2.904206158726099e-06,-0.0065590312815337,9.292799473502664e-06,-0.0070635721493441,1.1083685340065787e-05,-0.0075681130171543,1.445591517387389e-05,-0.0080726538849646,3.441471918695036e-05,-0.0050454086781029,2.3685909848092934e-06,-0.0045408678102926,2.1457618677714854e-06,-0.0040363269424824,7.947571841015155e-06,-0.003531786074672,3.5438082539272145e-05,-0.0030272452068617,1.482473862722277e-06,1,0,0,0,0
176,29,13:18:51,6,-0.0060544904137235,600929.0,-0.005297679112008,-0.0055499495459131,8.25293026065956e-08,-0.0060544904137235,1.1380790829449532e-06,-0.0065590312815337,9.334064124805962e-06,-0.0070635721493441,1.1083685340065787e-05,-0.0075681130171543,1.4480673964655869e-05,-0.0050454086781029,2.4181085663732507e-06,-0.0045408678102926,2.1457618677714854e-06,-0.0040363269424824,7.947571841015155e-06,-0.003531786074672,3.5438082539272145e-05,-0.0030272452068617,1.482473862722277e-06,0,1,0,0,0
177,29,13:18:54,6,-0.0060544904137235,116300.0,-0.0055499495459131,-0.0060544904137235,1.0803085711203362e-06,-0.0065590312815337,9.3670758458486e-06,-0.0070635721493441,1.1290008596582276e-05,-0.0075681130171543,1.4480673964655869e-05,-0.0080726538849646,3.4918147932850594e-05,-0.0050454086781029,3.2846662437425045e-06,-0.0045408678102926,2.0549796349042304e-06,-0.0040363269424824,7.83203081736592e-06,-0.003531786074672,3.5438082539272145e-05,-0.0030272452068617,1.482473862722277e-06,1,0,0,0,0
178,29,13:18:57,6,-0.0060544904137235,277836.0,-0.0055499495459131,-0.0060544904137235,2.623606529863674e-06,-0.0065590312815337,9.3670758458486e-06,-0.0070635721493441,1.1331273247885577e-05,-0.0075681130171543,1.4521938615959167e-05,-0.0080726538849646,3.4918147932850594e-05,-0.0050454086781029,3.92839480407395e-06,-0.0045408678102926,2.0549796349042304e-06,-0.0040363269424824,7.83203081736592e-06,-0.003531786074672,3.5438082539272145e-05,-0.0030272452068617,1.482473862722277e-06,0,1,0,0,0
179,29,13:19:00,6,-0.0060544904137235,439362.0,-0.0058022199798184,-0.0060544904137235,1.5012080144139738e-06,-0.0065590312815337,9.34231705506662e-06,-0.0070635721493441,1.1331273247885577e-05,-0.0075681130171543,1.4521938615959167e-05,-0.0080726538849646,3.4835618630244e-05,-0.0055499495459131,6.701379371655562e-06,-0.0050454086781029,4.192488572415056e-06,-0.0045408678102926,2.0549796349042304e-06,-0.0040363269424824,7.83203081736592e-06,-0.003531786074672,3.5875487843087105e-05,0,0,0,0,0
180,29,13:19:03,6,-0.0060544904137235,829692.0,-0.0058022199798184,-0.0060544904137235,7.914560119972518e-07,-0.0065590312815337,9.515628590540472e-06,-0.0070635721493441,1.1372537899188872e-05,-0.0075681130171543,1.5347231642025122e-05,-0.0080726538849646,3.4835618630244e-05,-0.0055499495459131,4.473088201277481e-06,-0.0050454086781029,4.184235642154396e-06,-0.0045408678102926,2.0549796349042304e-06,-0.0040363269424824,7.83203081736592e-06,-0.003531786074672,3.604054644830029e-05,0,0,0,0,0
181,29,13:19:06,6,-0.0060544904137235,145781.0,-0.0058022199798184,-0.0060544904137235,3.045331266183377e-07,-0.0065590312815337,9.515628590540472e-06,-0.0070635721493441,1.1669643388572616e-05,-0.0075681130171543,1.4934585128992144e-05,-0.0080726538849646,3.500067723545719e-05,-0.0055499495459131,4.514352852580779e-06,-0.0050454086781029,4.242006153979013e-06,-0.0045408678102926,2.0714854954255493e-06,-0.0040363269424824,7.83203081736592e-06,-0.003531786074672,3.604054644830029e-05,2,0,0,0,0
182,29,13:19:09,6,-0.0055499495459131,250710.0,-0.0058022199798184,-0.0060544904137235,2.228291170378081e-07,-0.0065590312815337,9.570675635379071e-06,-0.0070635721493441,1.1669643388572616e-05,-0.0075681130171543,1.4934585128992144e-05,-0.0080726538849646,3.500067723545719e-05,-0.0055499495459131,3.986165315898567e-06,-0.0050454086781029,4.407064759192205e-06,-0.0045408678102926,2.0714854954255493e-06,-0.0040363269424824,7.889801329190539e-06,-0.003531786074672,3.606530523908228e-05,0,0,0,0,0
183,29,13:19:12,6,-0.0065590312815337,384119.0,-0.0063067608476287,-0.0065590312815337,9.323087727559284e-06,-0.0070635721493441,1.1669643388572616e-05,-0.0075681130171543,1.4934585128992144e-05,-0.0080726538849646,3.501718309597851e-05,-0.008577194752775,1.4690215863974014e-05,-0.0060544904137235,1.832150517866422e-06,-0.0055499495459131,5.777051182461691e-07,-0.0050454086781029,3.689059826514823e-06,-0.0045408678102926,2.0714854954255493e-06,-0.0040363269424824,7.889801329190539e-06,2,0,0,0,0
184,29,13:19:15,6,-0.0060544904137235,588961.0,-0.0063067608476287,-0.0065590312815337,8.770141400095094e-06,-0.0070635721493441,1.2008013529259658e-05,-0.0075681130171543,1.4934585128992144e-05,-0.0080726538849646,3.501718309597851e-05,-0.008577194752775,1.4747986375798632e-05,-0.0060544904137235,3.053584196444037e-07,-0.0055499495459131,8.252930260659559e-07,-0.0050454086781029,3.7715891291214182e-06,-0.0045408678102926,2.0714854954255493e-06,-0.0040363269424824,7.889801329190539e-06,0,0,0,0,0
185,29,13:19:18,6,-0.0060544904137235,415506.0,-0.0063067608476287,-0.0065590312815337,7.4249137676075855e-06,-0.0070635721493441,1.2008013529259658e-05,-0.0075681130171543,1.4934585128992144e-05,-0.0080726538849646,3.501718309597851e-05,-0.008577194752775,1.4706721724495334e-05,-0.0060544904137235,7.922813050233176e-07,-0.0055499495459131,1.0811338641464022e-06,-0.0050454086781029,3.8046008501640566e-06,-0.0045408678102926,2.0714854954255493e-06,-0.0040363269424824,7.889801329190539e-06,0,0,0,0,0
186,29,13:19:21,6,-0.0055499495459131,892475.0,-0.005297679112008,-0.0055499495459131,5.331392948386075e-06,-0.0060544904137235,2.475879078197868e-08,-0.0065590312815337,6.640885392844927e-06,-0.0070635721493441,1.197500180821702e-05,-0.0075681130171543,1.4934585128992144e-05,-0.0050454086781029,3.969659455377248e-06,-0.0045408678102926,2.0714854954255493e-06,-0.0040363269424824,7.889801329190539e-06,-0.003531786074672,3.606530523908228e-05,-0.0030272452068617,1.3504269785517236e-06,0,0,0,0,0
187,29,13:19:24,6,-0.0060544904137235,2207984.0,-0.0063067608476287,-0.0065590312815337,4.473088201277481e-06,-0.0070635721493441,1.198325473847768e-05,-0.0075681130171543,1.4934585128992144e-05,-0.0080726538849646,3.500067723545719e-05,-0.008577194752775,1.4714974654755992e-05,-0.0060544904137235,1.7331153547385076e-07,-0.0050454086781029,4.060441688244503e-06,-0.0045408678102926,2.0714854954255493e-06,-0.0040363269424824,7.889801329190539e-06,-0.003531786074672,3.606530523908228e-05,0,0,0,0,0
188,29,13:19:27,6,-0.0060544904137235,407632.0,-0.0055499495459131,-0.0060544904137235,1.6505860521319117e-07,-0.0065590312815337,3.3094250345244832e-06,-0.0070635721493441,1.198325473847768e-05,-0.0075681130171543,1.4934585128992144e-05,-0.0080726538849646,3.500067723545719e-05,-0.0050454086781029,4.134718060590439e-06,-0.0045408678102926,2.005462053340273e-06,-0.0040363269424824,7.889801329190539e-06,-0.003531786074672,3.606530523908228e-05,-0.0030272452068617,1.3504269785517236e-06,0,0,0,0,0
189,29,13:19:30,6,-0.0065590312815337,1043676.0,-0.0068113017154388,-0.0070635721493441,9.54038738132245e-06,-0.0075681130171543,1.4934585128992144e-05,-0.0080726538849646,3.492640086311126e-05,-0.008577194752775,1.4632445352149398e-05,-0.0090817356205852,1.2626983298809123e-06,-0.0065590312815337,5.636751368030479e-06,-0.0060544904137235,8.25293026065956e-08,-0.0055499495459131,4.704170248575949e-07,-0.0050454086781029,4.208994432936375e-06,-0.0045408678102926,2.005462053340273e-06,1,0,0,0,0
190,29,13:19:33,6,-0.0065590312815337,106313.0,-0.0068113017154388,-0.0070635721493441,9.72195184705696e-06,-0.0075681130171543,1.4951090989513465e-05,-0.0080726538849646,3.493465379337191e-05,-0.008577194752775,1.4632445352149398e-05,-0.0090817356205852,1.2626983298809123e-06,-0.0065590312815337,5.356151739168054e-06,-0.0060544904137235,4.86922885378914e-07,-0.0055499495459131,1.3782393535301464e-06,-0.0050454086781029,4.208994432936375e-06,-0.0045408678102926,2.0549796349042304e-06,1,0,0,0,0
191,29,13:19:36,6,-0.0070635721493441,791314.0,-0.0068113017154388,-0.0070635721493441,8.137389237010325e-06,-0.0075681130171543,1.4868561686906868e-05,-0.0080726538849646,3.493465379337191e-05,-0.008577194752775,1.4632445352149398e-05,-0.0090817356205852,1.2626983298809123e-06,-0.0065590312815337,4.382305968410226e-06,-0.0060544904137235,8.005342352839772e-07,-0.0055499495459131,1.9394386112549963e-06,-0.0050454086781029,4.233753223718354e-06,-0.0045408678102926,2.0549796349042304e-06,0,0,0,0,0
192,29,13:19:39,6,-0.0070635721493441,43308.0,-0.0068113017154388,-0.0070635721493441,7.600948770067453e-06,-0.0075681130171543,1.4868561686906868e-05,-0.0080726538849646,3.497591844467521e-05,-0.008577194752775,1.4640698282410058e-05,-0.0090817356205852,1.2626983298809123e-06,-0.0065590312815337,3.7303244778181206e-06,-0.0060544904137235,1.3699864232694867e-06,-0.0055499495459131,1.8569093086484008e-06,-0.0050454086781029,4.233753223718354e-06,-0.0045408678102926,2.0137149836009323e-06,0,0,0,0,0
193,29,13:19:42,6,-0.0070635721493441,1033270.0,-0.0068113017154388,-0.0070635721493441,3.854118431728014e-06,-0.0075681130171543,1.4876814617167527e-05,-0.0080726538849646,3.497591844467521e-05,-0.008577194752775,1.4640698282410058e-05,-0.0090817356205852,1.2626983298809123e-06,-0.0065590312815337,3.268160383221185e-06,-0.0060544904137235,1.4525157258760824e-06,-0.0055499495459131,1.8569093086484008e-06,-0.0050454086781029,4.233753223718354e-06,-0.0045408678102926,2.0137149836009323e-06,0,0,0,0,0
194,29,13:19:45,6,-0.0065590312815337,547176.0,-0.0068113017154388,-0.0070635721493441,2.541902520283144e-06,-0.0075681130171543,1.4868561686906868e-05,-0.0080726538849646,3.495941258415389e-05,-0.008577194752775,1.4632445352149398e-05,-0.0090817356205852,1.2626983298809123e-06,-0.0065590312815337,2.5749142413257824e-06,-0.0060544904137235,1.4690215863974016e-06,-0.0055499495459131,1.8569093086484008e-06,-0.0050454086781029,4.233753223718354e-06,-0.0045408678102926,2.096244286207528e-06,0,0,0,0,0
195,29,13:19:48,6,-0.0070635721493441,448705.0,-0.0068113017154388,-0.0070635721493441,2.393349775591272e-06,-0.0075681130171543,1.4868561686906868e-05,-0.0080726538849646,3.495941258415389e-05,-0.008577194752775,1.45911807008461e-05,-0.0090817356205852,1.2626983298809123e-06,-0.0065590312815337,1.1017661897980512e-05,-0.0060544904137235,1.011809249956862e-05,-0.0055499495459131,2.038473774382911e-06,-0.0050454086781029,4.242006153979013e-06,-0.0045408678102926,2.096244286207528e-06,0,0,0,0,0
196,29,13:19:51,6,-0.0070635721493441,1784578.0,-0.0073158425832492,-0.0075681130171543,1.128678995378062e-05,-0.0080726538849646,3.5512358911618085e-05,-0.008577194752775,1.45911807008461e-05,-0.0090817356205852,1.345227632487508e-06,-0.0095862764883956,7.68347807267405e-06,-0.0070635721493441,2.5006378689798464e-06,-0.0065590312815337,1.0687544687554129e-05,-0.0060544904137235,1.0175863011393236e-05,-0.0055499495459131,2.038473774382911e-06,-0.0050454086781029,4.002671176419886e-06,0,0,0,0,1
197,29,13:19:54,6,-0.0075681130171543,684573.0,-0.0073158425832492,-0.0075681130171543,8.85217552688605e-06,-0.0080726538849646,3.567741751683127e-05,-0.008577194752775,1.4648951212670716e-05,-0.0090817356205852,1.345227632487508e-06,-0.0095862764883956,7.68347807267405e-06,-0.0070635721493441,3.0618371267046965e-06,-0.0065590312815337,1.0819591571724682e-05,-0.0060544904137235,1.01428512903506e-05,-0.0055499495459131,2.038473774382911e-06,-0.0050454086781029,3.878877222509993e-06,0,0,0,0,0
198,29,13:19:57,6,-0.0075681130171543,1687767.0,-0.0073158425832492,-0.0075681130171543,2.48091336565687e-06,-0.0080726538849646,3.566091165630995e-05,-0.008577194752775,1.4648951212670716e-05,-0.0090817356205852,1.345227632487508e-06,-0.0095862764883956,7.68347807267405e-06,-0.0070635721493441,3.92014187381329e-06,-0.0065590312815337,1.0819591571724682e-05,-0.0060544904137235,1.0184115941653896e-05,-0.0055499495459131,2.038473774382911e-06,-0.0050454086781029,3.466230709477015e-06,0,0,0,0,0
199,29,13:20:00,6,-0.0070635721493441,794797.0,-0.0073158425832492,-0.0075681130171543,4.589454517952781e-07,-0.0080726538849646,3.5702176307613255e-05,-0.008577194752775,1.4648951212670716e-05,-0.0090817356205852,1.386492283790806e-06,-0.0095862764883956,7.724742723977346e-06,-0.0070635721493441,4.142970990851099e-06,-0.0065590312815337,1.0761821059900064e-05,-0.0060544904137235,1.0233633523217854e-05,-0.0055499495459131,1.2131807483169552e-06,-0.0050454086781029,3.466230709477015e-06,0,0,0,0,1
200,29,13:20:03,6,-0.0075681130171543,405332.0,-0.0078203834510596,-0.0080726538849646,3.48068159036343e-05,-0.008577194752775,1.4648951212670716e-05,-0.0090817356205852,1.386492283790806e-06,-0.0095862764883956,7.724742723977346e-06,-0.0100908173562057,1.798313503797718e-05,-0.0075681130171543,3.80839719808396e-06,-0.0070635721493441,4.382305968410226e-06,-0.0065590312815337,1.0761821059900064e-05,-0.0060544904137235,1.0258392313999831e-05,-0.0055499495459131,1.2131807483169552e-06,1,1,0,1,1
201,29,13:20:06,6,-0.0080726538849646,576112.0,-0.0078203834510596,-0.0080726538849646,3.2958159525246554e-05,-0.008577194752775,1.4789251027101927e-05,-0.0090817356205852,1.386492283790806e-06,-0.0095862764883956,7.724742723977346e-06,-0.0100908173562057,1.798313503797718e-05,-0.0075681130171543,7.233363256257677e-06,-0.0070635721493441,4.365800107888907e-06,-0.0065590312815337,1.0761821059900064e-05,-0.0060544904137235,1.0340921616606428e-05,-0.0055499495459131,1.2131807483169552e-06,1,0,0,1,1
202,29,13:20:09,6,-0.0080726538849646,324532.0,-0.0078203834510596,-0.0080726538849646,3.2826112641076005e-05,-0.008577194752775,1.4541663119282145e-05,-0.0090817356205852,1.270951260141572e-06,-0.0095862764883956,7.724742723977346e-06,-0.0100908173562057,1.798313503797718e-05,-0.0075681130171543,6.894993115570635e-06,-0.0070635721493441,1.158711408596602e-05,-0.0065590312815337,1.0753568129639405e-05,-0.0060544904137235,1.0357427477127746e-05,-0.0055499495459131,1.2131807483169552e-06,1,0,0,1,1
203,29,13:20:12,6,-0.0080726538849646,1052020.0,-0.0078203834510596,-0.0080726538849646,3.0135657376100985e-05,-0.008577194752775,1.4541663119282145e-05,-0.0090817356205852,1.270951260141572e-06,-0.0095862764883956,7.724742723977346e-06,-0.0100908173562057,1.798313503797718e-05,-0.0075681130171543,5.541512552822467e-06,-0.0070635721493441,1.177693148196119e-05,-0.0065590312815337,1.0753568129639405e-05,-0.0060544904137235,1.0357427477127746e-05,-0.0055499495459131,1.2131807483169552e-06,1,0,1,1,1
204,29,13:20:15,6,-0.0075681130171543,359796.0,-0.0078203834510596,-0.0080726538849646,2.8831694394916776e-05,-0.008577194752775,1.4558168979803462e-05,-0.0090817356205852,1.270951260141572e-06,-0.0095862764883956,7.724742723977346e-06,-0.0100908173562057,1.802439968928048e-05,-0.0075681130171543,5.822112181684893e-06,-0.0070635721493441,1.1834701993785808e-05,-0.0065590312815337,1.067103882703281e-05,-0.0060544904137235,1.0382186267909723e-05,-0.0055499495459131,1.2131807483169552e-06,1,0,1,1,1
205,29,13:20:18,6,-0.0080726538849646,1162126.0,-0.0078203834510596,-0.0080726538849646,3.197606082422807e-05,-0.008577194752775,1.4574674840324782e-05,-0.0090817356205852,1.270951260141572e-06,-0.0095862764883956,7.889801329190539e-06,-0.0100908173562057,1.810692899188707e-05,-0.0075681130171543,4.493390409718704e-06,-0.0070635721493441,1.1892472505610424e-05,-0.0065590312815337,1.0588509524426214e-05,-0.0060544904137235,1.0712303478336108e-05,-0.0055499495459131,1.2131807483169552e-06,1,0,1,1,1
206,29,13:20:21,6,-0.0080726538849646,2040965.0,-0.0078203834510596,-0.0080726538849646,2.558829280247757e-05,-0.008577194752775,1.461593949162808e-05,-0.0090817356205852,1.270951260141572e-06,-0.0095862764883956,7.889801329190539e-06,-0.0100908173562057,1.810692899188707e-05,-0.0075681130171543,4.650196084671235e-06,-0.0070635721493441,1.1067179479544468e-05,-0.0065590312815337,1.0175863011393236e-05,-0.0060544904137235,1.0712303478336108e-05,-0.0055499495459131,1.254445399620253e-06,0,0,1,1,1
207,29,13:20:24,6,-0.0080726538849646,534768.0,-0.0078203834510596,-0.0080726538849646,2.351680730705202e-05,-0.008577194752775,1.4648951212670716e-05,-0.0090817356205852,1.270951260141572e-06,-0.0095862764883956,7.889801329190539e-06,-0.0100908173562057,1.810692899188707e-05,-0.0075681130171543,4.691460735974533e-06,-0.0070635721493441,1.4830515678405227e-05,-0.0065590312815337,1.0175863011393236e-05,-0.0060544904137235,1.067103882703281e-05,-0.0055499495459131,1.254445399620253e-06,0,0,1,1,1
208,29,13:20:27,6,-0.0080726538849646,4858110.0,-0.0078203834510596,-0.0080726538849646,4.411273753625141e-06,-0.008577194752775,1.4822262748144568e-05,-0.0090817356205852,1.4360098653547632e-06,-0.0095862764883956,7.889801329190539e-06,-0.0100908173562057,1.810692899188707e-05,-0.0075681130171543,4.584172642585959e-06,-0.0070635721493441,1.4913044981011824e-05,-0.0065590312815337,1.0175863011393236e-05,-0.0060544904137235,1.067103882703281e-05,-0.0055499495459131,1.254445399620253e-06,0,0,1,1,1
209,29,13:20:30,6,-0.0080726538849646,686196.0,-0.0078203834510596,-0.0080726538849646,2.381052909502889e-06,-0.008577194752775,1.4822262748144568e-05,-0.0090817356205852,1.4525157258760824e-06,-0.0095862764883956,7.889801329190539e-06,-0.0100908173562057,1.810692899188707e-05,-0.0075681130171543,5.508500831779829e-06,-0.0070635721493441,1.4789251027101927e-05,-0.0065590312815337,1.0175863011393236e-05,-0.0060544904137235,1.0695797617814788e-05,-0.0055499495459131,1.254445399620253e-06,0,0,1,1,1
210,29,13:20:33,6,-0.0080726538849646,951622.0,-0.0078203834510596,-0.0080726538849646,1.1149708782151065e-07,-0.008577194752775,1.4582927770585442e-05,-0.0090817356205852,1.460768656136742e-06,-0.0095862764883956,7.898054259451198e-06,-0.0100908173562057,1.810692899188707e-05,-0.0075681130171543,5.054589667443554e-06,-0.0070635721493441,1.4698468794234674e-05,-0.0065590312815337,9.606410823407729e-06,-0.0060544904137235,1.158711408596602e-05,-0.0055499495459131,8.417988865872751e-07,0,0,1,1,1
211,29,13:20:36,6,-0.0080726538849646,328607.0,-0.0083249243188697,-0.008577194752775,1.358688161742644e-05,-0.0090817356205852,1.460768656136742e-06,-0.0095862764883956,7.898054259451198e-06,-0.0100908173562057,1.810692899188707e-05,-0.0105953582240161,1.0712303478336108e-05,-0.0080726538849646,1.345227632487508e-06,-0.0075681130171543,4.840013480666405e-06,-0.0070635721493441,1.4492145537718183e-05,-0.0065590312815337,6.684873511134243e-07,-0.0060544904137235,1.0959891386155894e-05,1,0,1,1,1
212,29,13:20:39,6,-0.0080726538849646,318467.0,-0.0083249243188697,-0.008577194752775,1.3463087663516543e-05,-0.0090817356205852,1.460768656136742e-06,-0.0095862764883956,7.898054259451198e-06,-0.0100908173562057,1.794187038667388e-05,-0.0105953582240161,1.0712303478336108e-05,-0.0080726538849646,2.830755079406229e-06,-0.0075681130171543,5.458983250215872e-06,-0.0070635721493441,1.4327086932504994e-05,-0.0065590312815337,6.519814905921052e-07,-0.0060544904137235,1.0959891386155894e-05,0,0,1,1,1
213,29,13:20:42,6,-0.0080726538849646,471815.0,-0.0083249243188697,-0.008577194752775,1.335579957012797e-05,-0.0090817356205852,2.2860616822026977e-06,-0.0095862764883956,7.988836492318453e-06,-0.0100908173562057,1.794187038667388e-05,-0.0105953582240161,1.0712303478336108e-05,-0.0080726538849646,4.398811828931545e-06,-0.0075681130171543,5.648800646211042e-06,-0.0070635721493441,1.42445576298984e-05,-0.0065590312815337,6.519814905921052e-07,-0.0060544904137235,1.0959891386155894e-05,0,1,1,1,1
214,29,13:20:45,6,-0.008577194752775,560096.0,-0.0083249243188697,-0.008577194752775,1.167220179695342e-05,-0.0090817356205852,2.2860616822026977e-06,-0.0095862764883956,8.013595283100432e-06,-0.0100908173562057,1.794187038667388e-05,-0.0105953582240161,1.0712303478336108e-05,-0.0080726538849646,5.686268949594436e-06,-0.0075681130171543,6.06144715924402e-06,-0.0070635721493441,1.422805176937708e-05,-0.0065590312815337,6.519814905921052e-07,-0.0060544904137235,1.1001156037459192e-05,0,1,1,1,1
215,29,13:20:48,6,-0.0080726538849646,2324735.0,-0.0083249243188697,-0.008577194752775,3.0726484653461603e-06,-0.0090817356205852,2.2860616822026977e-06,-0.0095862764883956,7.964077701536474e-06,-0.0100908173562057,1.794187038667388e-05,-0.0105953582240161,1.0712303478336108e-05,-0.0080726538849646,5.62024550750916e-06,-0.0075681130171543,6.06144715924402e-06,-0.0070635721493441,1.4310581071983677e-05,-0.0065590312815337,6.519814905921052e-07,-0.0060544904137235,1.0935132595373916e-05,0,1,1,1,1
216,29,13:20:51,6,-0.0080726538849646,772286.0,-0.0083249243188697,-0.008577194752775,3.491814793285059e-07,-0.0090817356205852,2.2860616822026977e-06,-0.0095862764883956,8.475759377697367e-06,-0.0100908173562057,1.796662917745586e-05,-0.0105953582240161,1.0712303478336108e-05,-0.0080726538849646,5.859580485068287e-06,-0.0075681130171543,6.119217671068637e-06,-0.0070635721493441,1.4351845723286972e-05,-0.0065590312815337,6.519814905921052e-07,-0.0060544904137235,1.0935132595373916e-05,0,2,1,1,1
217,29,13:20:54,6,-0.0090817356205852,701822.0,-0.0093340060544905,-0.0095862764883956,8.409735935612091e-06,-0.0100908173562057,1.797488210771652e-05,-0.0105953582240161,1.0877362083549298e-05,-0.0110998990918264,3.8054261431901225e-05,-0.0116044399596367,5.917350996892904e-06,-0.0090817356205852,1.5489924806231926e-06,-0.008577194752775,9.078223286725516e-07,-0.0080726538849646,5.966868578456861e-06,-0.0075681130171543,5.706571158035659e-06,-0.0070635721493441,1.3708117162955527e-05,2,2,2,2,1
218,29,13:20:57,6,-0.0090817356205852,78559.0,-0.0093340060544905,-0.0095862764883956,8.838888309166387e-06,-0.0100908173562057,1.818945829449367e-05,-0.0105953582240161,1.0877362083549298e-05,-0.0110998990918264,3.8054261431901225e-05,-0.0116044399596367,5.917350996892904e-06,-0.0090817356205852,1.2436340609787889e-06,-0.008577194752775,4.935252295874416e-06,-0.0080726538849646,6.907702628172051e-06,-0.0075681130171543,6.06144715924402e-06,-0.0070635721493441,1.3237700138097931e-05,2,2,2,2,2
219,29,13:21:00,6,-0.0090817356205852,580774.0,-0.0088294651866801,-0.0090817356205852,1.4420427573753056e-05,-0.0095862764883956,1.142205548075283e-05,-0.0100908173562057,2.0665337372691537e-05,-0.0105953582240161,1.0959891386155894e-05,-0.0110998990918264,3.842564329363091e-05,-0.008577194752775,5.603739646987841e-06,-0.0080726538849646,8.484012307958027e-06,-0.0075681130171543,6.036688368462041e-06,-0.0070635721493441,1.3146917905230678e-05,-0.0065590312815337,6.189697695494669e-07,2,2,1,2,1
220,29,13:21:03,6,-0.008577194752775,123738.0,-0.0088294651866801,-0.0090817356205852,1.412332208436931e-05,-0.0095862764883956,1.178518441222185e-05,-0.0100908173562057,2.065708444243088e-05,-0.0105953582240161,1.1372537899188872e-05,-0.0110998990918264,3.850817259623751e-05,-0.008577194752775,6.024639090281478e-06,-0.0080726538849646,8.673829703953196e-06,-0.0075681130171543,6.003676647419403e-06,-0.0070635721493441,1.3146917905230678e-05,-0.0065590312815337,4.704170248575949e-07,2,2,1,2,1
221,29,13:21:06,6,-0.008577194752775,408558.0,-0.0088294651866801,-0.0090817356205852,1.95537501958833e-05,-0.0095862764883956,1.252794813568121e-05,-0.0100908173562057,2.065708444243088e-05,-0.0105953582240161,1.1331273247885577e-05,-0.0110998990918264,3.860720775936541e-05,-0.008577194752775,5.438681041774649e-06,-0.0080726538849646,8.649070913171217e-06,-0.0075681130171543,6.003676647419403e-06,-0.0070635721493441,1.3146917905230678e-05,-0.0065590312815337,4.704170248575949e-07,2,2,1,2,1
222,29,13:21:09,6,-0.008577194752775,874311.0,-0.0088294651866801,-0.0090817356205852,1.9306162288063516e-05,-0.0095862764883956,1.253620106594187e-05,-0.0100908173562057,2.064057858190956e-05,-0.0105953582240161,1.1364284968928212e-05,-0.0110998990918264,4.149573335059626e-05,-0.008577194752775,3.3011721042638235e-06,-0.0080726538849646,8.78937072760243e-06,-0.0075681130171543,6.003676647419403e-06,-0.0070635721493441,1.3130412044709358e-05,-0.0065590312815337,4.704170248575949e-07,2,2,1,2,2
223,29,13:21:12,6,-0.0080726538849646,1465893.0,-0.0083249243188697,-0.008577194752775,6.18144476523401e-06,-0.0090817356205852,1.9322668148584832e-05,-0.0095862764883956,1.1174467572933042e-05,-0.0100908173562057,2.073961374503747e-05,-0.0105953582240161,1.1446814271534807e-05,-0.0080726538849646,8.632565052649898e-06,-0.0075681130171543,5.962411996116105e-06,-0.0070635721493441,1.3130412044709358e-05,-0.0065590312815337,4.704170248575949e-07,-0.0060544904137235,1.3699864232694867e-05,2,1,1,1,1
224,29,13:21:15,6,-0.0080726538849646,1489472.0,-0.0083249243188697,-0.008577194752775,2.4923849387191867e-06,-0.0090817356205852,1.938043866040945e-05,-0.0095862764883956,1.1174467572933042e-05,-0.0100908173562057,2.078087839634077e-05,-0.0105953582240161,1.1446814271534807e-05,-0.0080726538849646,8.508771098740006e-06,-0.0075681130171543,6.0449412987227e-06,-0.0070635721493441,1.255270692646319e-05,-0.0065590312815337,4.704170248575949e-07,-0.0060544904137235,1.3699864232694867e-05,2,1,1,1,1
225,29,13:21:18,6,-0.008577194752775,324316.0,-0.0083249243188697,-0.008577194752775,1.046471557051632e-05,-0.0090817356205852,1.936393279988813e-05,-0.0095862764883956,1.121573222423634e-05,-0.0100908173562057,2.080563718712275e-05,-0.0105953582240161,1.1471573062316786e-05,-0.0080726538849646,8.071365794925049e-06,-0.0075681130171543,6.0449412987227e-06,-0.0070635721493441,1.255270692646319e-05,-0.0065590312815337,4.704170248575949e-07,-0.0060544904137235,1.3699864232694867e-05,2,1,1,1,1
226,29,13:21:21,6,-0.0080726538849646,4621664.0,-0.0078203834510596,-0.0080726538849646,1.386492283790806e-06,-0.008577194752775,7.49366067667888e-06,-0.0090817356205852,1.936393279988813e-05,-0.0095862764883956,1.121573222423634e-05,-0.0100908173562057,1.832975810892488e-05,-0.0075681130171543,5.425971529173233e-06,-0.0070635721493441,1.2511442275159891e-05,-0.0065590312815337,9.490869799758492e-07,-0.0060544904137235,1.3724623023476848e-05,-0.0055499495459131,7.427637234593603e-07,1,0,1,1,0
227,29,13:21:24,6,-0.0080726538849646,751158.0,-0.0078203834510596,-0.0080726538849646,5.273622436561459e-06,-0.008577194752775,7.69173100293471e-06,-0.0090817356205852,1.9446462102494724e-05,-0.0095862764883956,1.1223985154497e-05,-0.0100908173562057,1.811518192214773e-05,-0.0075681130171543,4.221043711116938e-06,-0.0070635721493441,1.2511442275159891e-05,-0.0065590312815337,9.490869799758492e-07,-0.0060544904137235,1.3724623023476848e-05,-0.0055499495459131,7.427637234593603e-07,1,0,1,1,1
228,29,13:21:27,6,-0.0075681130171543,1443125.0,-0.0078203834510596,-0.0080726538849646,3.325930895045802e-06,-0.008577194752775,9.515628590540472e-06,-0.0090817356205852,1.9446462102494724e-05,-0.0095862764883956,1.1479825992577446e-05,-0.0100908173562057,1.811518192214773e-05,-0.0075681130171543,3.635085662610109e-06,-0.0070635721493441,1.2511442275159891e-05,-0.0065590312815337,9.490869799758492e-07,-0.0060544904137235,1.3765887674780143e-05,-0.0055499495459131,7.427637234593603e-07,1,0,1,1,1
229,29,13:21:30,6,-0.0080726538849646,739439.0,-0.0078203834510596,-0.0080726538849646,4.86922885378914e-06,-0.008577194752775,1.013459836008994e-05,-0.0090817356205852,1.9240138845978235e-05,-0.0095862764883956,1.124049101501832e-05,-0.0100908173562057,1.828024052736092e-05,-0.0075681130171543,1.827693935525666e-06,-0.0070635721493441,1.253620106594187e-05,-0.0065590312815337,9.490869799758492e-07,-0.0060544904137235,1.3765887674780143e-05,-0.0055499495459131,7.427637234593603e-07,0,0,1,1,1
230,29,13:21:33,6,-0.0080726538849646,499476.0,-0.0078203834510596,-0.0080726538849646,3.7550832686000993e-06,-0.008577194752775,1.0316162825824447e-05,-0.0090817356205852,1.914935661311098e-05,-0.0095862764883956,1.124049101501832e-05,-0.0100908173562057,1.828024052736092e-05,-0.0075681130171543,1.134447793630263e-06,-0.0070635721493441,1.253620106594187e-05,-0.0065590312815337,9.573399102365088e-07,-0.0060544904137235,1.3807152326083442e-05,-0.0055499495459131,7.427637234593603e-07,0,0,1,1,1
231,29,13:21:36,6,-0.0080726538849646,810109.0,-0.0078203834510596,-0.0080726538849646,2.2943146124633574e-06,-0.008577194752775,1.0423450919213023e-05,-0.0090817356205852,1.915760954337164e-05,-0.0095862764883956,1.1306514457103596e-05,-0.0100908173562057,1.8271987597100265e-05,-0.0075681130171543,1.389133221474217e-06,-0.0070635721493441,1.253620106594187e-05,-0.0065590312815337,1.1223985154497e-06,-0.0060544904137235,1.3807152326083442e-05,-0.0055499495459131,7.427637234593603e-07,0,0,1,1,1
232,29,13:21:39,6,-0.0075681130171543,320555.0,-0.0078203834510596,-0.0080726538849646,1.8073917270844437e-06,-0.008577194752775,1.0621521245468853e-05,-0.0090817356205852,1.914935661311098e-05,-0.0095862764883956,1.1314767387364256e-05,-0.0100908173562057,1.8271987597100265e-05,-0.0075681130171543,9.476014525289306e-07,-0.0070635721493441,1.253620106594187e-05,-0.0065590312815337,1.0976397246677211e-06,-0.0060544904137235,1.4071246094424549e-05,-0.0055499495459131,7.427637234593603e-07,0,0,1,0,0
233,29,13:21:42,6,-0.0075681130171543,1804500.0,-0.0080726538849646,-0.008577194752775,1.0192368871914555e-05,-0.0090817356205852,1.914935661311098e-05,-0.0095862764883956,1.1356032038667554e-05,-0.0100908173562057,1.8271987597100265e-05,-0.0105953582240161,1.1496331853098764e-05,-0.0075681130171543,9.145897314862924e-07,-0.0070635721493441,1.2618730368548466e-05,-0.0065590312815337,1.0976397246677211e-06,-0.0060544904137235,1.4096004885206526e-05,-0.0055499495459131,7.427637234593603e-07,1,1,1,1,1
234,29,13:21:45,6,-0.008577194752775,397084.0,-0.0083249243188697,-0.008577194752775,9.92827510357345e-06,-0.0090817356205852,1.914935661311098e-05,-0.0095862764883956,1.1521090643880745e-05,-0.0100908173562057,1.832975810892488e-05,-0.0105953582240161,1.1521090643880745e-05,-0.0080726538849646,1.2825053625064956e-05,-0.0075681130171543,1.5418124312964189e-06,-0.0070635721493441,1.26930067408944e-05,-0.0065590312815337,1.0976397246677211e-06,-0.0060544904137235,1.4062993164163887e-05,1,1,1,1,1
235,29,13:21:48,6,-0.0080726538849646,2101654.0,-0.0083249243188697,-0.008577194752775,1.0316162825824447e-05,-0.0090817356205852,1.9091586101286364e-05,-0.0095862764883956,1.1521090643880745e-05,-0.0100908173562057,1.832975810892488e-05,-0.0105953582240161,1.1537596504402064e-05,-0.0080726538849646,5.273622436561459e-06,-0.0075681130171543,2.6642109467461187e-06,-0.0070635721493441,1.2808547764543635e-05,-0.0065590312815337,1.089386794407062e-06,-0.0060544904137235,1.4062993164163887e-05,1,1,1,1,0
236,29,13:21:51,6,-0.008577194752775,283090.0,-0.0083249243188697,-0.008577194752775,1.028315110478181e-05,-0.0090817356205852,1.9091586101286364e-05,-0.0095862764883956,1.15706082254447e-05,-0.0100908173562057,1.832975810892488e-05,-0.0105953582240161,1.157886115570536e-05,-0.0080726538849646,4.382305968410226e-06,-0.0075681130171543,2.8622812730019484e-06,-0.0070635721493441,1.2808547764543635e-05,-0.0065590312815337,1.089386794407062e-06,-0.0060544904137235,1.4062993164163887e-05,1,2,1,1,0
237,29,13:21:54,6,-0.008577194752775,353742.0,-0.0083249243188697,-0.008577194752775,9.416593427412556e-06,-0.0090817356205852,1.9273150567020877e-05,-0.0095862764883956,1.15706082254447e-05,-0.0100908173562057,1.832975810892488e-05,-0.0105953582240161,1.159536701622668e-05,-0.0080726538849646,4.126465130329779e-06,-0.0075681130171543,2.961316436129863e-06,-0.0070635721493441,1.2808547764543635e-05,-0.0065590312815337,1.089386794407062e-06,-0.0060544904137235,1.4145522466770484e-05,1,2,1,1,0
238,29,13:21:57,6,-0.008577194752775,532595.0,-0.0083249243188697,-0.008577194752775,8.937923472294302e-06,-0.0090817356205852,1.9297909357802853e-05,-0.0095862764883956,1.1818196133264489e-05,-0.0100908173562057,1.832975810892488e-05,-0.0105953582240161,1.159536701622668e-05,-0.0080726538849646,4.134718060590439e-06,-0.0075681130171543,2.400117178405013e-06,-0.0070635721493441,1.2684753810633742e-05,-0.0065590312815337,1.089386794407062e-06,-0.0060544904137235,1.4145522466770484e-05,1,1,1,1,0
239,29,13:22:00,6,-0.008577194752775,1395568.0,-0.0083249243188697,-0.008577194752775,7.501913606939539e-06,-0.0090817356205852,1.9297909357802853e-05,-0.0095862764883956,1.1818196133264489e-05,-0.0100908173562057,1.832975810892488e-05,-0.0105953582240161,1.159536701622668e-05,-0.0080726538849646,1.1306514457103595e-06,-0.0075681130171543,2.713728528310076e-06,-0.0070635721493441,1.2684753810633742e-05,-0.0065590312815337,1.089386794407062e-06,-0.0060544904137235,1.4145522466770484e-05,1,1,1,1,0
240,29,13:22:03,6,-0.008577194752775,377359.0,-0.0083249243188697,-0.008577194752775,7.171796396513157e-06,-0.0090817356205852,1.9297909357802853e-05,-0.0095862764883956,1.1875966645089105e-05,-0.0100908173562057,1.837927569048884e-05,-0.0105953582240161,1.159536701622668e-05,-0.0080726538849646,5.6119925772485e-07,-0.0075681130171543,2.8952929940445864e-06,-0.0070635721493441,1.2684753810633742e-05,-0.0065590312815337,1.089386794407062e-06,-0.0060544904137235,1.4120763675988504e-05,1,1,2,1,0
241,29,13:22:06,6,-0.008577194752775,898054.0,-0.0083249243188697,-0.008577194752775,6.18144476523401e-06,-0.0090817356205852,1.2736829800578503e-05,-0.0095862764883956,1.1908978366131744e-05,-0.0100908173562057,1.837927569048884e-05,-0.0105953582240161,1.159536701622668e-05,-0.0080726538849646,1.163663166752998e-06,-0.0075681130171543,3.1758926229070114e-06,-0.0070635721493441,1.2684753810633742e-05,-0.0065590312815337,1.089386794407062e-06,-0.0060544904137235,1.4120763675988504e-05,2,1,1,1,0
242,29,13:22:09,6,-0.0080726538849646,110076.0,-0.0083249243188697,-0.008577194752775,6.35475630070786e-06,-0.0090817356205852,1.2712071009796526e-05,-0.0095862764883956,1.158711408596602e-05,-0.0100908173562057,1.8404034481270817e-05,-0.0105953582240161,1.159536701622668e-05,-0.0080726538849646,1.015110422061126e-06,-0.0075681130171543,3.1758926229070114e-06,-0.0070635721493441,1.2684753810633742e-05,-0.0065590312815337,2.327326333505996e-06,-0.0060544904137235,1.403823437338191e-05,2,1,2,1,0
243,29,13:22:12,6,-0.0080726538849646,147390.0,-0.0083249243188697,-0.008577194752775,8.863647099948366e-06,-0.0090817356205852,1.2753335661099825e-05,-0.0095862764883956,1.158711408596602e-05,-0.0100908173562057,1.8404034481270817e-05,-0.0105953582240161,1.159536701622668e-05,-0.0080726538849646,1.048122143103764e-06,-0.0075681130171543,2.3918642481443533e-06,-0.0070635721493441,1.2684753810633742e-05,-0.0065590312815337,2.327326333505996e-06,-0.0060544904137235,1.3914440419472016e-05,1,1,1,1,0
244,29,13:22:15,6,-0.0080726538849646,1570253.0,-0.0083249243188697,-0.008577194752775,4.283270805282311e-06,-0.0090817356205852,1.280285324266378e-05,-0.0095862764883956,1.159536701622668e-05,-0.0100908173562057,1.961721522958777e-05,-0.0105953582240161,1.158711408596602e-05,-0.0080726538849646,3.218642801657228e-07,-0.0075681130171543,2.4331288994476518e-06,-0.0070635721493441,1.2684753810633742e-05,-0.0065590312815337,2.327326333505996e-06,-0.0060544904137235,1.3914440419472016e-05,1,1,1,1,0
245,29,13:22:18,6,-0.0080726538849646,304610.0,-0.0083249243188697,-0.008577194752775,4.440076480234843e-06,-0.0090817356205852,1.2753335661099825e-05,-0.0095862764883956,1.1504584783359424e-05,-0.0100908173562057,1.961721522958777e-05,-0.0105953582240161,1.1669643388572616e-05,-0.0080726538849646,3.631289314690206e-07,-0.0075681130171543,2.5156582020542462e-06,-0.0070635721493441,1.2626983298809124e-05,-0.0065590312815337,2.327326333505996e-06,-0.0060544904137235,1.3914440419472016e-05,1,2,1,1,0
246,29,13:22:21,6,-0.0080726538849646,601500.0,-0.0078203834510596,-0.0080726538849646,4.324535456585609e-06,-0.008577194752775,3.953153594855929e-06,-0.0090817356205852,1.4420427573753056e-05,-0.0095862764883956,1.1504584783359424e-05,-0.0100908173562057,1.9707997462455026e-05,-0.0075681130171543,2.44138182970831e-06,-0.0070635721493441,1.2626983298809124e-05,-0.0065590312815337,2.327326333505996e-06,-0.0060544904137235,1.3963958001035974e-05,-0.0055499495459131,3.878877222509993e-07,1,1,1,0,0
247,29,13:22:24,6,-0.0080726538849646,727450.0,-0.0078203834510596,-0.0080726538849646,3.614783454168887e-06,-0.008577194752775,4.109959269808461e-06,-0.0090817356205852,1.4420427573753056e-05,-0.0095862764883956,1.158711408596602e-05,-0.0100908173562057,1.9707997462455026e-05,-0.0075681130171543,2.193793921888524e-06,-0.0070635721493441,1.2626983298809124e-05,-0.0065590312815337,2.327326333505996e-06,-0.0060544904137235,1.4104257815467186e-05,-0.0055499495459131,3.878877222509993e-07,0,0,1,1,0
248,29,13:22:27,6,-0.008577194752775,1313076.0,-0.0080726538849646,-0.008577194752775,3.507495360780313e-06,-0.0090817356205852,1.451946273688097e-05,-0.0095862764883956,1.158711408596602e-05,-0.0100908173562057,1.9707997462455026e-05,-0.0105953582240161,1.1884219575349765e-05,-0.0075681130171543,2.0947587587606093e-06,-0.0070635721493441,1.2626983298809124e-05,-0.0065590312815337,2.327326333505996e-06,-0.0060544904137235,1.4137269536509825e-05,-0.0055499495459131,3.878877222509993e-07,1,1,1,1,0
249,29,13:22:30,6,-0.008577194752775,324270.0,-0.0080726538849646,-0.008577194752775,3.623036384429546e-06,-0.0090817356205852,1.4436933434274372e-05,-0.0095862764883956,1.162837873726932e-05,-0.0100908173562057,1.9707997462455026e-05,-0.0105953582240161,1.1884219575349765e-05,-0.0075681130171543,2.136023410063907e-06,-0.0070635721493441,1.2775536043500997e-05,-0.0065590312815337,2.327326333505996e-06,-0.0060544904137235,1.4261063490419718e-05,-0.0055499495459131,3.878877222509993e-07,1,1,1,1,0
250,29,13:22:33,6,-0.0080726538849646,175946.0,-0.0083249243188697,-0.008577194752775,3.527962627826748e-06,-0.0090817356205852,1.4436933434274372e-05,-0.0095862764883956,1.162837873726932e-05,-0.0100908173562057,1.9707997462455026e-05,-0.0105953582240161,1.1884219575349765e-05,-0.0080726538849646,4.2915237355429707e-07,-0.0075681130171543,7.261093101933493e-06,-0.0070635721493441,1.2775536043500997e-05,-0.0065590312815337,2.327326333505996e-06,-0.0060544904137235,1.423630469963774e-05,2,2,1,1,0
251,29,13:22:36,6,-0.0075681130171543,1126602.0,-0.0080726538849646,-0.008577194752775,2.5541168570689204e-06,-0.0090817356205852,1.4436933434274372e-05,-0.0095862764883956,1.162837873726932e-05,-0.0100908173562057,1.9707997462455026e-05,-0.0105953582240161,1.1884219575349765e-05,-0.0075681130171543,5.387677932763773e-06,-0.0070635721493441,1.2783788973761656e-05,-0.0065590312815337,2.327326333505996e-06,-0.0060544904137235,1.423630469963774e-05,-0.0055499495459131,3.878877222509993e-07,1,1,1,1,0
252,29,13:22:39,6,-0.008577194752775,464058.0,-0.0083249243188697,-0.008577194752775,7.093228500431677e-06,-0.0090817356205852,1.4436933434274372e-05,-0.0095862764883956,1.162837873726932e-05,-0.0100908173562057,1.9707997462455026e-05,-0.0105953582240161,1.270951260141572e-05,-0.0080726538849646,9.490869799758492e-07,-0.0075681130171543,4.793466953996285e-06,-0.0070635721493441,1.2866318276368252e-05,-0.0065590312815337,2.327326333505996e-06,-0.0060544904137235,1.423630469963774e-05,1,2,1,1,1
253,29,13:22:42,6,-0.008577194752775,391237.0,-0.0083249243188697,-0.008577194752775,7.126240221474316e-06,-0.0090817356205852,1.4436933434274372e-05,-0.0095862764883956,1.2065784041084274e-05,-0.0100908173562057,1.9707997462455026e-05,-0.0105953582240161,1.2792041904022316e-05,-0.0080726538849646,5.7770511824616916e-08,-0.0075681130171543,4.9585255592094764e-06,-0.0070635721493441,1.2866318276368252e-05,-0.0065590312815337,2.327326333505996e-06,-0.0060544904137235,1.423630469963774e-05,1,2,1,1,1
254,29,13:22:45,6,-0.008577194752775,723143.0,-0.0083249243188697,-0.008577194752775,4.311991002589407e-06,-0.0090817356205852,1.4428680504013714e-05,-0.0095862764883956,1.2065784041084274e-05,-0.0100908173562057,1.966673281115173e-05,-0.0105953582240161,1.2792041904022316e-05,-0.0080726538849646,6.849932116347434e-07,-0.0075681130171543,4.925513838166838e-06,-0.0070635721493441,1.2866318276368252e-05,-0.0065590312815337,2.327326333505996e-06,-0.0060544904137235,1.4261063490419718e-05,2,1,1,1,1
255,29,13:22:48,6,-0.0080726538849646,485627.0,-0.0078203834510596,-0.0080726538849646,7.097520024167221e-07,-0.008577194752775,4.534820119627214e-06,-0.0090817356205852,1.4428680504013714e-05,-0.0095862764883956,1.2074036971344934e-05,-0.0100908173562057,1.966673281115173e-05,-0.0075681130171543,4.471602673830562e-06,-0.0070635721493441,1.3691611302434208e-05,-0.0065590312815337,2.327326333505996e-06,-0.0060544904137235,1.4261063490419718e-05,-0.0055499495459131,3.878877222509993e-07,2,0,0,0,0
256,29,13:22:51,6,-0.0080726538849646,306796.0,-0.0078203834510596,-0.0080726538849646,7.262578629380412e-07,-0.008577194752775,4.873190260314256e-06,-0.0090817356205852,1.4428680504013714e-05,-0.0095862764883956,1.2074036971344934e-05,-0.0100908173562057,1.966673281115173e-05,-0.0075681130171543,4.100220812100882e-06,-0.0070635721493441,1.3774140605040805e-05,-0.0065590312815337,2.327326333505996e-06,-0.0060544904137235,1.4261063490419718e-05,-0.0055499495459131,3.878877222509993e-07,1,1,1,0,1
257,29,13:22:54,6,-0.0080726538849646,379495.0,-0.0083249243188697,-0.008577194752775,5.954324124460659e-06,-0.0090817356205852,1.4436933434274372e-05,-0.0095862764883956,1.199150766873834e-05,-0.0100908173562057,1.9716250392715685e-05,-0.0105953582240161,1.2800294834282976e-05,-0.0080726538849646,6.932461418954029e-07,-0.0075681130171543,3.638056717503947e-06,-0.0070635721493441,1.3774140605040805e-05,-0.0065590312815337,2.327326333505996e-06,-0.0060544904137235,1.4261063490419718e-05,2,1,1,0,1
258,29,13:22:57,6,-0.008577194752775,222070.0,-0.0083249243188697,-0.008577194752775,5.310595564129213e-06,-0.0090817356205852,1.4601992039487565e-05,-0.0095862764883956,1.199150766873834e-05,-0.0100908173562057,1.979877969532228e-05,-0.0105953582240161,1.2800294834282976e-05,-0.0080726538849646,1.1058926549283808e-06,-0.0075681130171543,3.803115322717138e-06,-0.0070635721493441,1.3774140605040805e-05,-0.0065590312815337,2.327326333505996e-06,-0.0060544904137235,1.4261063490419718e-05,2,1,1,0,1
259,29,13:23:00,6,-0.0075681130171543,861110.0,-0.0078203834510596,-0.0080726538849646,1.9559444717763157e-06,-0.008577194752775,6.152394450716488e-06,-0.0090817356205852,1.4824821156525371e-05,-0.0095862764883956,1.199150766873834e-05,-0.0100908173562057,1.979877969532228e-05,-0.0075681130171543,3.8856446253237336e-06,-0.0070635721493441,1.3774140605040805e-05,-0.0065590312815337,2.327326333505996e-06,-0.0060544904137235,1.4360098653547631e-05,-0.0055499495459131,3.878877222509993e-07,0,0,1,0,1
260,29,13:23:03,6,-0.0075681130171543,1071604.0,-0.0073158425832492,-0.0075681130171543,5.709377154324283e-07,-0.0080726538849646,1.6588389823925717e-06,-0.008577194752775,6.276188404626382e-06,-0.0090817356205852,1.4824821156525371e-05,-0.0095862764883956,1.1999760598999e-05,-0.0070635721493441,1.3774140605040805e-05,-0.0065590312815337,2.327326333505996e-06,-0.0060544904137235,1.4360098653547631e-05,-0.0055499495459131,3.878877222509993e-07,-0.0050454086781029,4.770193690661225e-06,0,0,0,0,1
261,29,13:23:06,6,-0.0080726538849646,754996.0,-0.0078203834510596,-0.0080726538849646,2.1457618677714854e-07,-0.008577194752775,6.417973746504513e-06,-0.0090817356205852,1.4824821156525371e-05,-0.0095862764883956,1.1999760598999e-05,-0.0100908173562057,1.979877969532228e-05,-0.0075681130171543,3.3011721042638234e-08,-0.0070635721493441,1.3790646465562122e-05,-0.0065590312815337,2.327326333505996e-06,-0.0060544904137235,1.4360098653547631e-05,-0.0055499495459131,3.878877222509993e-07,1,0,1,0,1
262,29,13:23:09,6,-0.0070635721493441,1658794.0,-0.0073158425832492,-0.0075681130171543,8.252930260659559e-09,-0.0080726538849646,1.147157306231679e-06,-0.008577194752775,6.64080286354232e-06,-0.0090817356205852,1.4824821156525371e-05,-0.0095862764883956,1.1999760598999e-05,-0.0070635721493441,8.03010114362175e-06,-0.0065590312815337,2.327326333505996e-06,-0.0060544904137235,1.4277569350941038e-05,-0.0055499495459131,3.878877222509993e-07,-0.0050454086781029,4.770193690661225e-06,0,0,1,0,1
263,29,13:23:12,6,-0.0080726538849646,395483.0,-0.0078203834510596,-0.0080726538849646,8.830635378905728e-07,-0.008577194752775,6.7811026779735335e-06,-0.0090817356205852,1.465976255131218e-05,-0.0095862764883956,1.2057531110823616e-05,-0.0100908173562057,1.983179141636492e-05,-0.0075681130171543,8.591300401346601e-06,-0.0070635721493441,6.775655744001498e-06,-0.0065590312815337,2.327326333505996e-06,-0.0060544904137235,1.4327086932504994e-05,-0.0055499495459131,3.878877222509993e-07,0,0,0,0,1
264,29,13:23:15,6,-0.0080726538849646,281135.0,-0.0083249243188697,-0.008577194752775,7.177243330485192e-06,-0.0090817356205852,1.465976255131218e-05,-0.0095862764883956,1.2057531110823616e-05,-0.0100908173562057,1.983179141636492e-05,-0.0105953582240161,1.7471453361816285e-05,-0.0080726538849646,4.043935827723184e-07,-0.0075681130171543,9.045211565682876e-06,-0.0070635721493441,7.2130610478164545e-06,-0.0065590312815337,2.327326333505996e-06,-0.0060544904137235,1.4343592793026314e-05,1,1,1,0,2
265,29,13:23:18,6,-0.008577194752775,831273.0,-0.0083249243188697,-0.008577194752775,5.543163138874599e-06,-0.0090817356205852,1.466801548157284e-05,-0.0095862764883956,1.2057531110823616e-05,-0.0100908173562057,1.990606778871085e-05,-0.0105953582240161,1.7512718013119583e-05,-0.0080726538849646,4.5391116433627574e-07,-0.0075681130171543,9.14424672881079e-06,-0.0070635721493441,7.353360862247667e-06,-0.0065590312815337,2.327326333505996e-06,-0.0060544904137235,1.4343592793026314e-05,1,0,1,0,2
266,29,13:23:21,6,-0.0080726538849646,218187.0,-0.0078203834510596,-0.0080726538849646,1.2626983298809123e-06,-0.008577194752775,5.642198302002514e-06,-0.0090817356205852,1.4833074086786033e-05,-0.0095862764883956,1.2098795762126912e-05,-0.0100908173562057,1.990606778871085e-05,-0.0075681130171543,9.400087566891238e-06,-0.0070635721493441,7.378119653029646e-06,-0.0065590312815337,2.327326333505996e-06,-0.0060544904137235,1.4343592793026314e-05,-0.0055499495459131,3.878877222509993e-07,0,0,0,0,2
267,29,13:23:24,6,-0.008577194752775,465890.0,-0.0083249243188697,-0.008577194752775,6.888390771362108e-06,-0.0090817356205852,1.4833074086786033e-05,-0.0095862764883956,1.2164819204212187e-05,-0.0100908173562057,2.007112639392405e-05,-0.0105953582240161,1.7512718013119583e-05,-0.0080726538849646,1.3782393535301464e-06,-0.0075681130171543,9.466111008976514e-06,-0.0070635721493441,7.87329546866922e-06,-0.0065590312815337,2.327326333505996e-06,-0.0060544904137235,1.4343592793026314e-05,0,0,1,0,2
268,29,13:23:27,6,-0.0080726538849646,21623.0,-0.0083249243188697,-0.008577194752775,7.045196446314639e-06,-0.0090817356205852,1.6483660138917943e-05,-0.0095862764883956,1.2412407112031977e-05,-0.0100908173562057,2.007112639392405e-05,-0.0105953582240161,1.759524731572618e-05,-0.0080726538849646,2.2943146124633574e-06,-0.0075681130171543,9.556893241843769e-06,-0.0070635721493441,7.87329546866922e-06,-0.0065590312815337,2.327326333505996e-06,-0.0060544904137235,1.4343592793026314e-05,1,1,1,0,2
269,29,13:23:30,6,-0.0080726538849646,88450.0,-0.0083249243188697,-0.008577194752775,7.0204376555326605e-06,-0.0090817356205852,1.6648718744131134e-05,-0.0095862764883956,1.2412407112031977e-05,-0.0100908173562057,2.007112639392405e-05,-0.0105953582240161,1.759524731572618e-05,-0.0080726538849646,2.880272660970186e-06,-0.0075681130171543,9.556893241843769e-06,-0.0070635721493441,8.05485993440373e-06,-0.0065590312815337,2.327326333505996e-06,-0.0060544904137235,1.4343592793026314e-05,1,1,1,0,2
270,29,13:23:33,6,-0.008577194752775,233926.0,-0.0083249243188697,-0.008577194752775,7.878742402641255e-06,-0.0090817356205852,1.8307557726523703e-05,-0.0095862764883956,1.2412407112031977e-05,-0.0100908173562057,2.007112639392405e-05,-0.0105953582240161,1.759524731572618e-05,-0.0080726538849646,4.935252295874416e-06,-0.0075681130171543,9.7136989167963e-06,-0.0070635721493441,8.063112864664389e-06,-0.0065590312815337,2.327326333505996e-06,-0.0060544904137235,1.4343592793026314e-05,0,1,1,0,2
271,29,13:23:36,6,-0.0080726538849646,754877.0,-0.0083249243188697,-0.008577194752775,7.870489472380595e-06,-0.0090817356205852,1.8307557726523703e-05,-0.0095862764883956,1.2412407112031977e-05,-0.0100908173562057,2.007112639392405e-05,-0.0105953582240161,1.759524731572618e-05,-0.0080726538849646,3.053584196444037e-06,-0.0075681130171543,9.7136989167963e-06,-0.0070635721493441,8.063112864664389e-06,-0.0065590312815337,2.327326333505996e-06,-0.0060544904137235,1.4343592793026314e-05,1,1,1,1,2
272,29,13:23:39,6,-0.0090817356205852,3385004.0,-0.0088294651866801,-0.0090817356205852,1.2461677105688114e-05,-0.0095862764883956,1.2453671763335275e-05,-0.0100908173562057,2.007112639392405e-05,-0.0105953582240161,1.759524731572618e-05,-0.0110998990918264,4.043935827723184e-05,-0.008577194752775,1.3617334930088272e-06,-0.0080726538849646,3.334183825306462e-06,-0.0075681130171543,9.754963568099598e-06,-0.0070635721493441,8.78937072760243e-06,-0.0065590312815337,2.327326333505996e-06,1,2,1,1,2
273,29,13:23:42,6,-0.008577194752775,448049.0,-0.0083249243188697,-0.008577194752775,1.7661270757811456e-06,-0.0090817356205852,1.252770054777339e-05,-0.0095862764883956,1.2453671763335275e-05,-0.0100908173562057,2.007112639392405e-05,-0.0105953582240161,1.764476489729014e-05,-0.0080726538849646,7.741248584498666e-06,-0.0075681130171543,9.779722358881576e-06,-0.0070635721493441,8.78937072760243e-06,-0.0065590312815337,2.327326333505996e-06,-0.0060544904137235,1.4318834002244336e-05,1,0,1,1,2
274,29,13:23:45,6,-0.008577194752775,170970.0,-0.0083249243188697,-0.008577194752775,1.518539167961359e-06,-0.0090817356205852,1.2511194687252072e-05,-0.0095862764883956,1.2453671763335275e-05,-0.0100908173562057,2.007112639392405e-05,-0.0105953582240161,1.764476489729014e-05,-0.0080726538849646,7.964077701536474e-06,-0.0075681130171543,9.622916683929046e-06,-0.0070635721493441,8.871900030209026e-06,-0.0065590312815337,2.327326333505996e-06,-0.0060544904137235,1.4318834002244336e-05,1,1,1,1,2
275,29,13:23:48,6,-0.0090817356205852,605291.0,-0.0088294651866801,-0.0090817356205852,1.2445171245166797e-05,-0.0095862764883956,1.2453671763335275e-05,-0.0100908173562057,2.007112639392405e-05,-0.0105953582240161,1.764476489729014e-05,-0.0110998990918264,4.066218739426965e-05,-0.008577194752775,5.199346064215523e-07,-0.0080726538849646,7.84853667788724e-06,-0.0075681130171543,9.622916683929046e-06,-0.0070635721493441,8.871900030209026e-06,-0.0065590312815337,2.327326333505996e-06,2,1,1,1,2
276,29,13:23:51,6,-0.0080726538849646,229903.0,-0.0083249243188697,-0.008577194752775,1.6505860521319117e-08,-0.0090817356205852,1.2461677105688114e-05,-0.0095862764883956,1.2453671763335275e-05,-0.0100908173562057,2.007112639392405e-05,-0.0105953582240161,1.764476489729014e-05,-0.0080726538849646,7.988836492318453e-06,-0.0075681130171543,9.622916683929046e-06,-0.0070635721493441,8.145642167270984e-06,-0.0065590312815337,2.327326333505996e-06,-0.0060544904137235,1.4318834002244336e-05,1,0,0,1,2
277,29,13:23:54,6,-0.008577194752775,2633787.0,-0.0088294651866801,-0.0090817356205852,1.914432232565198e-06,-0.0095862764883956,1.2461924693595937e-05,-0.0100908173562057,2.015365569653064e-05,-0.0105953582240161,1.764476489729014e-05,-0.0110998990918264,4.081074013896152e-05,-0.008577194752775,5.777051182461691e-07,-0.0080726538849646,8.244677330398899e-06,-0.0075681130171543,9.647675474711024e-06,-0.0070635721493441,8.03010114362175e-06,-0.0065590312815337,2.327326333505996e-06,2,2,1,1,2
278,29,13:23:57,6,-0.008577194752775,1573997.0,-0.0083249243188697,-0.008577194752775,1.1157961712411725e-05,-0.0090817356205852,2.005214465432453e-06,-0.0095862764883956,1.2420660042292636e-05,-0.0100908173562057,2.015365569653064e-05,-0.0105953582240161,1.7661270757811458e-05,-0.0080726538849646,9.441352218194536e-06,-0.0075681130171543,9.647675474711024e-06,-0.0070635721493441,7.87329546866922e-06,-0.0065590312815337,2.327326333505996e-06,-0.0060544904137235,1.4335339862765654e-05,0,1,0,1,2
279,29,13:24:00,6,-0.008577194752775,569850.0,-0.0083249243188697,-0.008577194752775,9.0204527749009e-06,-0.0090817356205852,1.8401558602192616e-06,-0.0095862764883956,1.2379395390989338e-05,-0.0100908173562057,2.015365569653064e-05,-0.0105953582240161,1.7661270757811458e-05,-0.0080726538849646,9.812734079924216e-06,-0.0075681130171543,9.647675474711024e-06,-0.0070635721493441,7.87329546866922e-06,-0.0065590312815337,2.327326333505996e-06,-0.0060544904137235,1.4335339862765654e-05,1,1,0,1,2
280,29,13:24:03,6,-0.008577194752775,347810.0,-0.0083249243188697,-0.008577194752775,7.724742723977346e-06,-0.0090817356205852,1.8401558602192616e-06,-0.0095862764883956,1.2379395390989338e-05,-0.0100908173562057,2.015365569653064e-05,-0.0105953582240161,1.7661270757811458e-05,-0.0080726538849646,9.870504591748832e-06,-0.0075681130171543,9.647675474711024e-06,-0.0070635721493441,7.460648955636241e-06,-0.0065590312815337,2.327326333505996e-06,-0.0060544904137235,1.4582927770585442e-05,0,1,0,1,2
281,29,13:24:06,6,-0.008577194752775,3261420.0,-0.0083249243188697,-0.008577194752775,5.570727925945203e-06,-0.0090817356205852,2.384849257422793e-06,-0.0095862764883956,1.2379395390989338e-05,-0.0100908173562057,2.015365569653064e-05,-0.0105953582240161,1.795012331693454e-05,-0.0080726538849646,8.252930260659559e-09,-0.0075681130171543,8.517024029000666e-06,-0.0070635721493441,7.460648955636241e-06,-0.0065590312815337,2.327326333505996e-06,-0.0060544904137235,1.4582927770585442e-05,0,1,0,2,2
282,29,13:24:09,6,-0.008577194752775,1108435.0,-0.0078203834510596,-0.0080726538849646,1.6505860521319117e-08,-0.008577194752775,1.9972091230796133e-06,-0.0090817356205852,2.549907862635984e-06,-0.0095862764883956,1.2379395390989338e-05,-0.0100908173562057,2.015365569653064e-05,-0.0075681130171543,7.906307189711858e-06,-0.0070635721493441,7.435890164854263e-06,-0.0065590312815337,2.327326333505996e-06,-0.0060544904137235,1.4582927770585442e-05,-0.0055499495459131,3.878877222509993e-07,0,0,0,1,2
283,29,13:24:12,6,-0.0090817356205852,543100.0,-0.0088294651866801,-0.0090817356205852,2.59628933070089e-06,-0.0095862764883956,1.2379395390989338e-05,-0.0100908173562057,2.015365569653064e-05,-0.0105953582240161,1.810692899188707e-05,-0.0110998990918264,4.085200479026482e-05,-0.008577194752775,2.475879078197868e-07,-0.0080726538849646,3.3011721042638234e-08,-0.0075681130171543,7.906307189711858e-06,-0.0070635721493441,7.559684118764156e-06,-0.0065590312815337,2.327326333505996e-06,2,1,0,2,2
284,29,13:24:15,6,-0.0080726538849646,245652.0,-0.0083249243188697,-0.008577194752775,1.237939539098934e-07,-0.0090817356205852,2.761347935914082e-06,-0.0095862764883956,1.2371142460728678e-05,-0.0100908173562057,2.017016155705196e-05,-0.0105953582240161,1.810692899188707e-05,-0.0080726538849646,1.9559444717763157e-06,-0.0075681130171543,1.1389043759710192e-06,-0.0070635721493441,7.559684118764156e-06,-0.0065590312815337,2.327326333505996e-06,-0.0060544904137235,1.4582927770585442e-05,1,0,0,2,2
285,29,13:24:18,6,-0.0090817356205852,229924.0,-0.0088294651866801,-0.0090817356205852,2.5467717491369333e-06,-0.0095862764883956,1.2371142460728678e-05,-0.0100908173562057,2.017016155705196e-05,-0.0105953582240161,1.810692899188707e-05,-0.0110998990918264,4.086025772052548e-05,-0.008577194752775,9.655928404971683e-07,-0.0080726538849646,1.848656378387741e-06,-0.0075681130171543,1.345227632487508e-06,-0.0070635721493441,7.534925327982178e-06,-0.0065590312815337,2.327326333505996e-06,2,0,0,2,2
286,29,13:24:21,6,-0.0090817356205852,4577802.0,-0.0088294651866801,-0.0090817356205852,1.5680567495253166e-07,-0.0095862764883956,1.6505860521319117e-08,-0.0100908173562057,1.6972893844769844e-05,-0.0105953582240161,1.810692899188707e-05,-0.0110998990918264,4.086025772052548e-05,-0.008577194752775,1.2626983298809123e-06,-0.0080726538849646,1.848656378387741e-06,-0.0075681130171543,1.345227632487508e-06,-0.0070635721493441,7.534925327982178e-06,-0.0065590312815337,2.327326333505996e-06,2,0,0,2,2
287,29,13:24:24,6,-0.008577194752775,509756.0,-0.0083249243188697,-0.008577194752775,1.6183996241153396e-05,-0.0090817356205852,1.2874571206628912e-06,-0.0100908173562057,1.7051874387364356e-05,-0.0105953582240161,1.810692899188707e-05,-0.0110998990918264,4.07942342784402e-05,-0.0080726538849646,1.848656378387741e-06,-0.0075681130171543,1.345227632487508e-06,-0.0070635721493441,7.534925327982178e-06,-0.0065590312815337,2.327326333505996e-06,-0.0060544904137235,1.4681962933713356e-05,0,0,0,2,2
288,29,13:24:27,6,-0.008577194752775,302610.0,-0.0083249243188697,-0.008577194752775,1.5218403400656226e-05,-0.0090817356205852,1.3617334930088272e-06,-0.0095862764883956,2.475879078197868e-07,-0.0100908173562057,1.698585094527908e-05,-0.0105953582240161,1.810692899188707e-05,-0.0080726538849646,1.848656378387741e-06,-0.0075681130171543,1.345227632487508e-06,-0.0070635721493441,7.411131374072284e-06,-0.0065590312815337,2.327326333505996e-06,-0.0060544904137235,1.4847021538926548e-05,0,0,0,2,2
289,29,13:24:30,6,-0.0080726538849646,108085.0,-0.0083249243188697,-0.008577194752775,2.3223745753496e-05,-0.0090817356205852,1.3617334930088272e-06,-0.0095862764883956,6.849932116347434e-07,-0.0100908173562057,1.7010609736061058e-05,-0.0105953582240161,1.810692899188707e-05,-0.0080726538849646,1.964197402036975e-06,-0.0075681130171543,1.345227632487508e-06,-0.0070635721493441,7.411131374072284e-06,-0.0065590312815337,2.327326333505996e-06,-0.0060544904137235,1.4896539120490503e-05,0,0,0,2,2
290,29,13:24:33,6,-0.008577194752775,400861.0,-0.0083249243188697,-0.008577194752775,2.1639183143449364e-05,-0.0090817356205852,1.3617334930088272e-06,-0.0095862764883956,7.328602071465688e-06,-0.0100908173562057,1.7035368526843037e-05,-0.0105953582240161,1.808217020110509e-05,-0.0080726538849646,1.9559444717763157e-06,-0.0075681130171543,6.453791463835775e-06,-0.0070635721493441,7.411131374072284e-06,-0.0065590312815337,2.327326333505996e-06,-0.0060544904137235,1.4896539120490503e-05,0,0,0,2,2
291,29,13:24:36,6,-0.0080726538849646,453928.0,-0.0083249243188697,-0.008577194752775,2.2348935145866085e-05,-0.0090817356205852,1.3617334930088272e-06,-0.0095862764883956,7.83203081736592e-06,-0.0100908173562057,1.6878562851890502e-05,-0.0105953582240161,1.808217020110509e-05,-0.0080726538849646,2.4841320084585274e-06,-0.0075681130171543,6.453791463835775e-06,-0.0070635721493441,7.411131374072284e-06,-0.0065590312815337,2.327326333505996e-06,-0.0060544904137235,1.4896539120490503e-05,0,0,1,2,2
292,29,13:24:39,6,-0.008577194752775,5944159.0,-0.0088294651866801,-0.0090817356205852,1.5267920982220184e-06,-0.0095862764883956,7.823777887105261e-06,-0.0100908173562057,1.6853804061108527e-05,-0.0105953582240161,1.8073917270844436e-05,-0.0110998990918264,4.167729781633077e-05,-0.008577194752775,8.03010114362175e-06,-0.0080726538849646,2.451120287415889e-06,-0.0075681130171543,6.453791463835775e-06,-0.0070635721493441,7.411131374072284e-06,-0.0065590312815337,2.327326333505996e-06,0,0,1,2,2
293,29,13:24:42,6,-0.008577194752775,400806.0,-0.0088294651866801,-0.0090817356205852,1.1223985154497e-06,-0.0095862764883956,8.021848213361092e-06,-0.0100908173562057,1.6829045270326548e-05,-0.0105953582240161,1.889921029691039e-05,-0.0110998990918264,4.171030953737341e-05,-0.008577194752775,9.243281891938704e-06,-0.0080726538849646,2.43461442689457e-06,-0.0075681130171543,6.453791463835775e-06,-0.0070635721493441,7.411131374072284e-06,-0.0065590312815337,2.327326333505996e-06,0,0,1,2,2
294,29,13:24:45,6,-0.008577194752775,401243.0,-0.0088294651866801,-0.0090817356205852,6.665891771534725e-07,-0.0095862764883956,8.855394169687706e-06,-0.0100908173562057,1.6829045270326548e-05,-0.0105953582240161,1.8956980808735007e-05,-0.0110998990918264,4.181759763076199e-05,-0.008577194752775,8.896658820991005e-06,-0.0080726538849646,2.550155450543804e-06,-0.0075681130171543,6.453791463835775e-06,-0.0070635721493441,7.427637234593603e-06,-0.0065590312815337,2.327326333505996e-06,0,0,1,2,2
295,29,13:24:48,6,-0.0095862764883956,2114295.0,-0.0093340060544905,-0.0095862764883956,1.070982759925791e-06,-0.0100908173562057,1.6829045270326548e-05,-0.0105953582240161,1.897348666925633e-05,-0.0110998990918264,4.181759763076199e-05,-0.0116044399596367,6.197950625755329e-06,-0.0090817356205852,1.1554102364923383e-07,-0.008577194752775,8.82238244864507e-06,-0.0080726538849646,2.6326847531503995e-06,-0.0075681130171543,6.453791463835775e-06,-0.0070635721493441,7.427637234593603e-06,1,0,1,2,2
296,29,13:24:51,6,-0.0095862764883956,143365.0,-0.0093340060544905,-0.0095862764883956,1.0462239691438125e-06,-0.0100908173562057,1.7010609736061058e-05,-0.0105953582240161,1.913854527446952e-05,-0.0110998990918264,4.1801091770240667e-05,-0.0116044399596367,6.197950625755329e-06,-0.0090817356205852,1.6505860521319117e-08,-0.008577194752775,9.54038738132245e-06,-0.0080726538849646,3.5982775936475675e-06,-0.0075681130171543,6.453791463835775e-06,-0.0070635721493441,7.320349141205029e-06,1,0,2,2,2
297,29,13:24:54,6,-0.0100908173562057,728061.0,-0.0095862764883954,-0.0100908173562057,1.538288430075117e-05,-0.0105953582240161,1.9963838300535476e-05,-0.0110998990918264,4.266764944760992e-05,-0.0116044399596367,6.197950625755329e-06,-0.0121089808274471,5.669763089073117e-06,-0.0090817356205852,8.417988865872751e-07,-0.008577194752775,1.012634542982928e-05,-0.0080726538849646,3.5982775936475675e-06,-0.0075681130171543,6.437285603314456e-06,-0.0070635721493441,7.320349141205029e-06,1,1,2,2,2
298,29,13:24:57,6,-0.0090817356205852,306373.0,-0.0093340060544905,-0.0095862764883956,4.126465130329779e-08,-0.0100908173562057,1.545716067309711e-05,-0.0105953582240161,2.021142620835526e-05,-0.0110998990918264,4.293174321595103e-05,-0.0116044399596367,6.197950625755329e-06,-0.0090817356205852,9.812734079924216e-06,-0.008577194752775,9.507375660279812e-06,-0.0080726538849646,3.92839480407395e-06,-0.0075681130171543,1.328721771966189e-06,-0.0070635721493441,7.320349141205029e-06,0,1,2,2,2
299,29,13:25:00,6,-0.0095862764883956,37312.0,-0.0093340060544905,-0.0095862764883956,1.2676500880373082e-05,-0.0100908173562057,1.5366378440229852e-05,-0.0105953582240161,2.029395551096185e-05,-0.0110998990918264,4.293174321595103e-05,-0.0116044399596367,6.197950625755329e-06,-0.0090817356205852,1.0043816127222684e-05,-0.008577194752775,9.391834636630578e-06,-0.0080726538849646,3.829359640946035e-06,-0.0075681130171543,1.147157306231679e-06,-0.0070635721493441,7.320349141205029e-06,0,1,2,2,2
300,29,13:25:03,6,-0.0095862764883956,82469.0,-0.0093340060544905,-0.0095862764883956,1.3394505813050464e-05,-0.0100908173562057,1.5316860858665894e-05,-0.0105953582240161,2.0318714301743836e-05,-0.0110998990918264,4.293999614621168e-05,-0.0116044399596367,6.197950625755329e-06,-0.0090817356205852,1.0555497803383575e-05,-0.008577194752775,1.0365680407388406e-05,-0.0080726538849646,3.829359640946035e-06,-0.0075681130171543,1.1719160970136574e-06,-0.0070635721493441,7.320349141205029e-06,0,1,2,2,2
301,29,13:25:06,6,-0.0090817356205852,221834.0,-0.0093340060544905,-0.0095862764883956,1.4285822281201696e-05,-0.0100908173562057,1.5374631370490512e-05,-0.0105953582240161,2.0318714301743836e-05,-0.0110998990918264,5.1192926406871246e-05,-0.0116044399596367,6.197950625755329e-06,-0.0090817356205852,1.0596762454686874e-05,-0.008577194752775,1.0373933337649064e-05,-0.0080726538849646,3.829359640946035e-06,-0.0075681130171543,1.1719160970136574e-06,-0.0070635721493441,7.320349141205029e-06,0,1,2,2,2
302,29,13:25:09,6,-0.0095862764883956,2809154.0,-0.0093340060544905,-0.0095862764883956,3.424966058173717e-06,-0.0100908173562057,1.7049976213404403e-05,-0.0105953582240161,2.114400732780979e-05,-0.0110998990918264,5.133322622130246e-05,-0.0116044399596367,6.197950625755329e-06,-0.0090817356205852,1.0027310266701365e-05,-0.008577194752775,1.0836097432246002e-05,-0.0080726538849646,6.478550254617754e-06,-0.0075681130171543,1.1719160970136574e-06,-0.0070635721493441,7.320349141205029e-06,0,2,2,2,2
303,29,13:25:12,6,-0.0100908173562057,1126656.0,-0.0098385469223006,-0.0100908173562057,1.616691267551383e-05,-0.0105953582240161,2.111924853702781e-05,-0.0110998990918264,5.2125507526325775e-05,-0.0116044399596367,6.197950625755329e-06,-0.0121089808274471,5.711027740376415e-06,-0.0095862764883956,2.5749142413257824e-06,-0.0090817356205852,9.969539754876749e-06,-0.008577194752775,1.0877362083549298e-05,-0.0080726538849646,6.478550254617754e-06,-0.0075681130171543,1.1719160970136574e-06,2,2,2,2,2
304,29,13:25:15,6,-0.0095862764883956,186471.0,-0.0098385469223006,-0.0100908173562057,1.6084383372907236e-05,-0.0105953582240161,2.116051318833111e-05,-0.0110998990918264,5.215026631710775e-05,-0.0116044399596367,6.197950625755329e-06,-0.0121089808274471,5.711027740376415e-06,-0.0095862764883956,1.0968144316416552e-05,-0.0090817356205852,1.0406945058691704e-05,-0.008577194752775,1.0836097432246002e-05,-0.0080726538849646,6.519814905921052e-06,-0.0075681130171543,1.1719160970136574e-06,2,2,2,2,2
305,29,13:25:18,6,-0.0100908173562057,231588.0,-0.0098385469223006,-0.0100908173562057,1.6026612861082618e-05,-0.0105953582240161,2.134207765406562e-05,-0.0110998990918264,5.207598994476182e-05,-0.0116044399596367,6.610597138788307e-06,-0.0121089808274471,5.711027740376415e-06,-0.0095862764883956,1.3592576139306291e-05,-0.0090817356205852,1.0588509524426214e-05,-0.008577194752775,1.0836097432246002e-05,-0.0080726538849646,6.519814905921052e-06,-0.0075681130171543,1.1719160970136574e-06,2,2,2,2,2
306,29,13:25:21,6,-0.0095862764883956,394515.0,-0.0098385469223006,-0.0100908173562057,1.7635934261911232e-05,-0.0105953582240161,2.1391595235629577e-05,-0.0110998990918264,5.256291283014073e-05,-0.0116044399596367,6.610597138788307e-06,-0.0121089808274471,5.711027740376415e-06,-0.0095862764883956,1.289107706715023e-05,-0.0090817356205852,1.0588509524426214e-05,-0.008577194752775,1.0836097432246002e-05,-0.0080726538849646,6.519814905921052e-06,-0.0075681130171543,1.1719160970136574e-06,2,2,2,2,2
307,29,13:25:24,6,-0.0095862764883956,2076307.0,-0.0098385469223006,-0.0100908173562057,1.3476457410538814e-05,-0.0105953582240161,2.1804241748662555e-05,-0.0110998990918264,5.258767162092271e-05,-0.0116044399596367,6.610597138788307e-06,-0.0121089808274471,5.711027740376415e-06,-0.0095862764883956,1.2057531110823616e-05,-0.0090817356205852,1.0588509524426214e-05,-0.008577194752775,1.176042562143987e-05,-0.0080726538849646,6.602344208527647e-06,-0.0075681130171543,1.1719160970136574e-06,2,2,2,2,2
308,29,13:25:27,6,-0.0095862764883956,4273182.0,-0.0093340060544905,-0.0095862764883956,1.2065784041084274e-05,-0.0100908173562057,1.14792482874592e-05,-0.0105953582240161,2.1804241748662555e-05,-0.0110998990918264,5.258767162092271e-05,-0.0116044399596367,6.610597138788307e-06,-0.0090817356205852,9.565146172104428e-06,-0.008577194752775,1.176042562143987e-05,-0.0080726538849646,6.602344208527647e-06,-0.0075681130171543,1.1719160970136574e-06,-0.0070635721493441,7.138784675470519e-06,2,2,2,2,2
309,29,13:25:30,6,-0.0095862764883956,993490.0,-0.0093340060544905,-0.0095862764883956,1.2255601437079446e-05,-0.0100908173562057,1.1957918242577456e-05,-0.0105953582240161,2.1820747609183878e-05,-0.0110998990918264,5.282700659848184e-05,-0.0116044399596367,6.610597138788307e-06,-0.0090817356205852,7.815524956844603e-06,-0.008577194752775,1.1842954924046468e-05,-0.0080726538849646,6.602344208527647e-06,-0.0075681130171543,1.1719160970136574e-06,-0.0070635721493441,7.138784675470519e-06,2,2,2,2,2
310,29,13:25:33,6,-0.0095862764883956,3871658.0,-0.0093340060544905,-0.0095862764883956,2.393349775591272e-06,-0.0100908173562057,1.2329300104307134e-05,-0.0105953582240161,2.1862012260487173e-05,-0.0110998990918264,5.414747544018736e-05,-0.0116044399596367,6.610597138788307e-06,-0.0090817356205852,2.7977433583635904e-06,-0.008577194752775,1.1842954924046468e-05,-0.0080726538849646,6.107168392888074e-06,-0.0075681130171543,1.1719160970136574e-06,-0.0070635721493441,7.138784675470519e-06,2,2,2,2,2
311,29,13:25:36,6,-0.0095862764883956,1633825.0,-0.0090817356205852,-0.0095862764883956,2.0714854954255493e-06,-0.0100908173562057,1.242008233717439e-05,-0.0105953582240161,2.196104742361509e-05,-0.0110998990918264,5.498927432677464e-05,-0.0116044399596367,6.610597138788307e-06,-0.008577194752775,1.0819591571724682e-05,-0.0080726538849646,6.107168392888074e-06,-0.0075681130171543,1.1719160970136574e-06,-0.0070635721493441,7.138784675470519e-06,-0.0065590312815337,7.188302257034476e-06,2,2,2,2,2
312,29,13:25:39,6,-0.0090817356205852,2372496.0,-0.0088294651866801,-0.0090817356205852,4.943505226135076e-06,-0.0095862764883956,6.074156671845436e-06,-0.0100908173562057,1.297302866463858e-05,-0.0105953582240161,3.84669079449342e-05,-0.0110998990918264,5.512957414120585e-05,-0.008577194752775,1.0819591571724682e-05,-0.0080726538849646,6.107168392888074e-06,-0.0075681130171543,1.1719160970136574e-06,-0.0070635721493441,7.138784675470519e-06,-0.0065590312815337,7.188302257034476e-06,2,2,2,2,2
313,29,13:25:42,6,-0.0090817356205852,604913.0,-0.0088294651866801,-0.0090817356205852,1.6613148614707693e-05,-0.0095862764883956,9.91176924305213e-06,-0.0100908173562057,1.7248046539660233e-05,-0.0105953582240161,4.0703452045572944e-05,-0.0110998990918264,5.511306828068454e-05,-0.008577194752775,1.0811338641464022e-05,-0.0080726538849646,6.098915462627414e-06,-0.0075681130171543,1.1719160970136574e-06,-0.0070635721493441,7.09752002416722e-06,-0.0065590312815337,6.453791463835775e-06,2,2,2,2,2
314,29,13:25:45,6,-0.0090817356205852,1701466.0,-0.0088294651866801,-0.0090817356205852,1.7545729734162222e-05,-0.0095862764883956,1.0365680407388406e-05,-0.0100908173562057,1.7347081702788146e-05,-0.0105953582240161,4.0728210836354926e-05,-0.0110998990918264,5.516258586224849e-05,-0.008577194752775,5.628498437769819e-06,-0.0080726538849646,6.098915462627414e-06,-0.0075681130171543,1.1719160970136574e-06,-0.0070635721493441,7.09752002416722e-06,-0.0065590312815337,6.37126216122918e-06,2,2,2,2,2
315,29,13:25:48,6,-0.008577194752775,2999292.0,-0.0088294651866801,-0.0090817356205852,7.708236863456029e-06,-0.0095862764883956,1.23463836699467e-05,-0.0100908173562057,2.2373116231529817e-05,-0.0105953582240161,4.07529696271369e-05,-0.0110998990918264,5.58145673528406e-05,-0.008577194752775,3.4497248489556955e-06,-0.0080726538849646,6.098915462627414e-06,-0.0075681130171543,1.1141455851890403e-06,-0.0070635721493441,7.09752002416722e-06,-0.0065590312815337,6.37126216122918e-06,2,2,2,2,2
316,29,13:25:51,6,-0.008577194752775,958909.0,-0.0083249243188697,-0.008577194752775,1.6819471871224182e-05,-0.0090817356205852,7.807272026583943e-06,-0.0095862764883956,1.0357427477127746e-05,-0.0100908173562057,2.236486330126916e-05,-0.0105953582240161,4.07529696271369e-05,-0.0080726538849646,5.999880299499499e-06,-0.0075681130171543,1.1141455851890403e-06,-0.0070635721493441,7.09752002416722e-06,-0.0065590312815337,6.37126216122918e-06,-0.0060544904137235,1.518539167961359e-05,2,2,2,2,2
317,29,13:25:54,6,-0.008577194752775,3691011.0,-0.0083249243188697,-0.008577194752775,1.0365680407388406e-05,-0.0090817356205852,8.409735935612091e-06,-0.0095862764883956,1.0027310266701365e-05,-0.0100908173562057,2.233185158022652e-05,-0.0105953582240161,4.061266981270569e-05,-0.0080726538849646,8.252930260659559e-09,-0.0075681130171543,1.1141455851890403e-06,-0.0070635721493441,7.014990721560625e-06,-0.0065590312815337,6.412526812532477e-06,-0.0060544904137235,1.518539167961359e-05,2,2,2,2,2
318,29,13:25:57,6,-0.0080726538849646,281135.0,-0.0078203834510596,-0.0080726538849646,3.903636013291972e-06,-0.008577194752775,1.0184115941653896e-05,-0.0090817356205852,7.83203081736592e-06,-0.0095862764883956,9.54038738132245e-06,-0.0100908173562057,2.2447392603875757e-05,-0.0075681130171543,9.73845770757828e-07,-0.0070635721493441,7.014990721560625e-06,-0.0065590312815337,6.412526812532477e-06,-0.0060544904137235,1.518539167961359e-05,-0.0055499495459131,3.466230709477015e-07,2,2,2,2,2
319,29,13:26:00,6,-0.0080726538849646,184859.0,-0.0078203834510596,-0.0080726538849646,5.1580814129122245e-06,-0.008577194752775,1.0885615013809958e-05,-0.0090817356205852,7.955824771275815e-06,-0.0095862764883956,9.54038738132245e-06,-0.0100908173562057,2.2191551765795307e-05,-0.0075681130171543,5.199346064215523e-07,-0.0070635721493441,6.577585417745669e-06,-0.0065590312815337,6.412526812532477e-06,-0.0060544904137235,1.518539167961359e-05,-0.0055499495459131,3.466230709477015e-07,2,2,2,2,2
320,29,13:26:03,6,-0.0080726538849646,338202.0,-0.0078203834510596,-0.0080726538849646,6.164938904712691e-06,-0.008577194752775,1.1554102364923383e-05,-0.0090817356205852,2.4461685292594933e-05,-0.0095862764883956,9.548640311583107e-06,-0.0100908173562057,2.0433677620274825e-05,-0.0075681130171543,1.237939539098934e-07,-0.0070635721493441,6.577585417745669e-06,-0.0065590312815337,6.412526812532477e-06,-0.0060544904137235,1.518539167961359e-05,-0.0055499495459131,3.466230709477015e-07,2,2,2,2,2
321,29,13:26:06,6,-0.0075681130171543,426806.0,-0.0073158425832492,-0.0075681130171543,5.116816761608927e-07,-0.0080726538849646,7.526672397721518e-06,-0.008577194752775,1.0225380592957194e-05,-0.0090817356205852,2.4469938222855597e-05,-0.0095862764883956,6.412526812532477e-06,-0.0070635721493441,6.008133229760159e-06,-0.0065590312815337,6.412526812532477e-06,-0.0060544904137235,1.518539167961359e-05,-0.0055499495459131,3.466230709477015e-07,-0.0050454086781029,1.2957100509235507e-06,2,2,2,2,2
322,29,13:26:09,6,-0.0070635721493441,192840.0,-0.0073158425832492,-0.0075681130171543,1.7908858665631245e-06,-0.0080726538849646,7.1222788149492e-06,-0.008577194752775,9.325811194545302e-06,-0.0090817356205852,2.286061682202698e-05,-0.0095862764883956,5.422175181253331e-06,-0.0070635721493441,5.446933972035309e-06,-0.0065590312815337,6.429032673053797e-06,-0.0060544904137235,1.518539167961359e-05,-0.0055499495459131,3.466230709477015e-07,-0.0050454086781029,1.270951260141572e-06,2,2,2,2,2
323,29,13:26:12,6,-0.0075681130171543,1836045.0,-0.0070635721493441,-0.0075681130171543,2.2035323795961024e-06,-0.0080726538849646,7.171796396513157e-06,-0.008577194752775,9.38358170636992e-06,-0.0090817356205852,2.2769834589159723e-05,-0.0095862764883956,5.405669320732011e-06,-0.0065590312815337,6.404273882271818e-06,-0.0060544904137235,1.518539167961359e-05,-0.0055499495459131,3.466230709477015e-07,-0.0050454086781029,1.270951260141572e-06,-0.0045408678102926,1.2461924693595934e-06,1,2,2,2,2
324,29,13:26:15,6,-0.0070635721493441,1075806.0,-0.0068113017154388,-0.0070635721493441,3.944900664595269e-06,-0.0080726538849646,5.81006290350433e-06,-0.008577194752775,9.499122730019153e-06,-0.0090817356205852,2.5179690225272317e-05,-0.0095862764883956,5.488198623338607e-06,-0.0065590312815337,6.338250440186541e-06,-0.0060544904137235,1.5193644609874247e-05,-0.0055499495459131,3.466230709477015e-07,-0.0050454086781029,1.270951260141572e-06,-0.0045408678102926,1.2461924693595934e-06,2,2,2,2,2
325,29,13:26:18,6,-0.0070635721493441,311026.0,-0.0068113017154388,-0.0070635721493441,5.488198623338607e-06,-0.0075681130171543,1.7826329363024648e-06,-0.0080726538849646,5.356151739168054e-06,-0.008577194752775,9.268040682720684e-06,-0.0090817356205852,2.4824814224063957e-05,-0.0065590312815337,5.727533600897734e-06,-0.0060544904137235,1.4863527399447866e-05,-0.0055499495459131,3.466230709477015e-07,-0.0050454086781029,1.270951260141572e-06,-0.0045408678102926,1.2461924693595934e-06,2,2,2,2,2
326,29,13:26:21,6,-0.0065590312815337,253913.0,-0.0068113017154388,-0.0070635721493441,5.331392948386075e-06,-0.0075681130171543,2.0549796349042304e-06,-0.0080726538849646,5.834821694286308e-06,-0.008577194752775,9.284546543242004e-06,-0.0090817356205852,2.478354957276065e-05,-0.0065590312815337,5.389163460210692e-06,-0.0060544904137235,1.4822262748144568e-05,-0.0055499495459131,3.466230709477015e-07,-0.0050454086781029,1.270951260141572e-06,-0.0045408678102926,1.2461924693595934e-06,2,2,2,2,2
327,29,13:26:24,6,-0.0070635721493441,604240.0,-0.0068113017154388,-0.0070635721493441,3.466230709477015e-06,-0.0075681130171543,2.880272660970186e-06,-0.0080726538849646,6.263974067840605e-06,-0.008577194752775,9.54038738132245e-06,-0.0090817356205852,2.4734031991196697e-05,-0.0065590312815337,5.125069691869586e-06,-0.0060544904137235,2.1498883329018156e-05,-0.0055499495459131,3.466230709477015e-07,-0.0050454086781029,1.270951260141572e-06,-0.0045408678102926,1.2461924693595934e-06,2,2,2,2,2
328,29,13:26:27,6,-0.0065590312815337,332625.0,-0.0068113017154388,-0.0070635721493441,2.5749142413257824e-06,-0.0075681130171543,2.954549033316122e-06,-0.0080726538849646,6.18144476523401e-06,-0.008577194752775,9.581652032625748e-06,-0.0090817356205852,2.4750537851718016e-05,-0.0065590312815337,6.5858383480063285e-06,-0.0060544904137235,2.1498883329018156e-05,-0.0055499495459131,3.466230709477015e-07,-0.0050454086781029,1.270951260141572e-06,-0.0045408678102926,1.2461924693595934e-06,2,2,2,2,2
329,29,13:26:30,6,-0.0065590312815337,2034192.0,-0.0063067608476287,-0.0065590312815337,7.840283747626581e-07,-0.0070635721493441,3.499242430519653e-06,-0.0075681130171543,3.0040666148800795e-06,-0.0080726538849646,6.18144476523401e-06,-0.008577194752775,9.548640311583107e-06,-0.0060544904137235,1.979877969532228e-05,-0.0055499495459131,3.466230709477015e-07,-0.0050454086781029,1.270951260141572e-06,-0.0045408678102926,1.2461924693595934e-06,-0.0040363269424824,3.74683033833944e-06,1,2,1,2,2
330,29,13:26:33,6,-0.0065590312815337,482357.0,-0.0063067608476287,-0.0065590312815337,1.8569093086484008e-06,-0.0070635721493441,2.550155450543804e-06,-0.0075681130171543,2.9462961030554625e-06,-0.0080726538849646,6.18144476523401e-06,-0.008577194752775,9.548640311583107e-06,-0.0060544904137235,1.9757515044018984e-05,-0.0055499495459131,3.466230709477015e-07,-0.0050454086781029,1.270951260141572e-06,-0.0045408678102926,1.2461924693595934e-06,-0.0040363269424824,3.74683033833944e-06,2,2,1,2,2
331,29,13:26:36,6,-0.0065590312815337,567104.0,-0.0063067608476287,-0.0065590312815337,8.665576773692537e-07,-0.0070635721493441,2.62443182288974e-06,-0.0075681130171543,2.9462961030554625e-06,-0.0080726538849646,6.668367650612924e-06,-0.008577194752775,9.0204527749009e-06,-0.0060544904137235,1.944390369411392e-05,-0.0055499495459131,3.466230709477015e-07,-0.0050454086781029,1.270951260141572e-06,-0.0045408678102926,1.2461924693595934e-06,-0.0040363269424824,3.74683033833944e-06,2,2,2,2,2
332,29,13:26:39,6,-0.0060544904137235,93351.0,-0.0063067608476287,-0.0065590312815337,1.0366505700414472e-06,-0.0070635721493441,2.772984567581612e-06,-0.0075681130171543,2.9462961030554625e-06,-0.0080726538849646,6.742644022958859e-06,-0.008577194752775,9.0204527749009e-06,-0.0060544904137235,1.9146798204730176e-05,-0.0055499495459131,3.466230709477015e-07,-0.0050454086781029,1.270951260141572e-06,-0.0045408678102926,1.2461924693595934e-06,-0.0040363269424824,3.705565687036142e-06,2,2,2,2,2
333,29,13:26:42,6,-0.0065590312815337,175316.0,-0.0063067608476287,-0.0065590312815337,1.977484619756637e-06,-0.0070635721493441,2.9297902425341435e-06,-0.0075681130171543,2.9462961030554625e-06,-0.0080726538849646,6.717885232176881e-06,-0.008577194752775,9.301052403763323e-06,-0.0060544904137235,1.875065755221852e-05,-0.0055499495459131,4.704170248575949e-07,-0.0050454086781029,1.270951260141572e-06,-0.0045408678102926,1.2461924693595934e-06,-0.0040363269424824,3.705565687036142e-06,2,2,2,2,2
334,29,13:26:45,6,-0.0065590312815337,1441959.0,-0.0063067608476287,-0.0065590312815337,3.3557239732867837e-06,-0.0070635721493441,2.682202334714357e-06,-0.0075681130171543,1.3039629811842104e-06,-0.0080726538849646,4.819711272225183e-06,-0.008577194752775,9.647675474711024e-06,-0.0060544904137235,1.3377999952529144e-05,-0.0055499495459131,4.704170248575949e-07,-0.0050454086781029,1.3534805627481675e-06,-0.0045408678102926,1.4195040048334445e-06,-0.0040363269424824,3.705565687036142e-06,2,2,2,2,2
335,29,13:26:48,6,-0.0060544904137235,3297780.0,-0.0058022199798184,-0.0060544904137235,1.5820867309684376e-05,-0.0065590312815337,3.826140998144378e-06,-0.0070635721493441,3.1691252200932705e-06,-0.0075681130171543,1.3039629811842104e-06,-0.0080726538849646,4.819711272225183e-06,-0.0055499495459131,4.704170248575949e-07,-0.0050454086781029,1.3204688417055294e-06,-0.0045408678102926,1.4195040048334445e-06,-0.0040363269424824,3.705565687036142e-06,-0.003531786074672,3.525651807353764e-05,2,2,2,2,2
336,29,13:26:51,6,-0.0060544904137235,122197.0,-0.0055499495459131,-0.0060544904137235,1.6778207219920884e-05,-0.0065590312815337,4.247040441438016e-06,-0.0070635721493441,2.822502149145569e-06,-0.0075681130171543,1.3039629811842104e-06,-0.0080726538849646,4.737181969618587e-06,-0.0050454086781029,1.3204688417055294e-06,-0.0045408678102926,1.5845626100466352e-06,-0.0040363269424824,3.6808068962541633e-06,-0.003531786074672,3.525651807353764e-05,-0.0030272452068617,1.003803907604022e-06,1,1,1,2,2
337,29,13:26:54,6,-0.0050454086781029,216826.0,-0.0055499495459131,-0.0060544904137235,1.7116577360607925e-05,-0.0065590312815337,4.824745559684184e-06,-0.0070635721493441,2.905031451752165e-06,-0.0075681130171543,1.2461924693595934e-06,-0.0080726538849646,4.877481784049799e-06,-0.0050454086781029,8.252930260659559e-07,-0.0045408678102926,1.5845626100466352e-06,-0.0040363269424824,3.6808068962541633e-06,-0.003531786074672,3.525651807353764e-05,-0.0030272452068617,1.003803907604022e-06,1,2,2,2,2
338,29,13:26:57,6,-0.0055499495459131,386149.0,-0.0055499495459131,-0.0060544904137235,1.7306394756603094e-05,-0.0065590312815337,5.006310025418695e-06,-0.0070635721493441,2.9875607543587605e-06,-0.0075681130171543,1.2049278180562955e-06,-0.0080726538849646,4.926999365613756e-06,-0.0050454086781029,7.840283747626581e-07,-0.0045408678102926,4.885734714310459e-06,-0.0040363269424824,3.6808068962541633e-06,-0.003531786074672,3.525651807353764e-05,-0.0030272452068617,1.003803907604022e-06,1,2,2,2,2
339,29,13:27:00,6,-0.0045408678102926,619186.0,-0.0047931382441976,-0.0050454086781029,2.640937683411059e-07,-0.0055499495459131,1.980703262558294e-07,-0.0060544904137235,1.7512718013119583e-05,-0.0065590312815337,4.923780722812099e-06,-0.0070635721493441,2.7234669860176544e-06,-0.0045408678102926,4.522605782841438e-06,-0.0040363269424824,3.6808068962541633e-06,-0.003531786074672,3.525651807353764e-05,-0.0030272452068617,1.003803907604022e-06,-0.0025227043390515,2.2035323795961024e-06,0,0,1,2,1
340,29,13:27:03,6,-0.0050454086781029,155788.0,-0.005297679112008,-0.0055499495459131,6.519814905921052e-07,-0.0060544904137235,1.7306394756603094e-05,-0.0065590312815337,4.923780722812099e-06,-0.0070635721493441,2.80599628862425e-06,-0.0075681130171543,1.2874571206628912e-06,-0.0050454086781029,1.0068574918004662e-06,-0.0045408678102926,4.580376294666055e-06,-0.0040363269424824,3.6808068962541633e-06,-0.003531786074672,3.525651807353764e-05,-0.0030272452068617,9.625392563007244e-07,1,1,2,2,2
341,29,13:27:06,6,-0.0055499495459131,843676.0,-0.0058022199798184,-0.0060544904137235,1.7339406477645733e-05,-0.0065590312815337,5.163115700371227e-06,-0.0070635721493441,2.80599628862425e-06,-0.0075681130171543,1.2874571206628912e-06,-0.0080726538849646,5.537716204902564e-06,-0.0055499495459131,2.5336495900224848e-06,-0.0045408678102926,4.49784699205946e-06,-0.0040363269424824,3.5982775936475675e-06,-0.003531786074672,3.528952979458028e-05,-0.0030272452068617,9.625392563007244e-07,2,2,2,2,2
342,29,13:27:09,6,-0.0060544904137235,291654.0,-0.0058022199798184,-0.0060544904137235,1.76117531762475e-05,-0.0065590312815337,4.9732983043760565e-06,-0.0070635721493441,2.814249218884909e-06,-0.0075681130171543,1.2874571206628912e-06,-0.0080726538849646,5.537716204902564e-06,-0.0055499495459131,1.774380006041805e-06,-0.0050454086781029,8.252930260659559e-07,-0.0045408678102926,4.49784699205946e-06,-0.0040363269424824,3.5982775936475675e-06,-0.003531786074672,3.534730030640489e-05,2,2,2,2,2
343,29,13:27:12,6,-0.0050454086781029,802373.0,-0.005297679112008,-0.0055499495459131,6.024639090281479e-07,-0.0060544904137235,1.808217020110509e-05,-0.0065590312815337,4.965045374115398e-06,-0.0070635721493441,3.251654522699866e-06,-0.0075681130171543,1.2874571206628912e-06,-0.0050454086781029,4.704170248575949e-07,-0.0045408678102926,4.49784699205946e-06,-0.0040363269424824,3.6065305239082272e-06,-0.003531786074672,3.534730030640489e-05,-0.0030272452068617,9.625392563007244e-07,2,2,2,2,2
344,29,13:27:15,6,-0.0055499495459131,343045.0,-0.005297679112008,-0.0055499495459131,6.35475630070786e-07,-0.0060544904137235,1.8585598947005327e-05,-0.0065590312815337,5.022815885940014e-06,-0.0070635721493441,3.3011721042638235e-06,-0.0075681130171543,1.2874571206628912e-06,-0.0050454086781029,9.078223286725516e-08,-0.0045408678102926,4.613388015708694e-06,-0.0040363269424824,3.689059826514823e-06,-0.003531786074672,3.51409770498884e-05,-0.0030272452068617,9.625392563007244e-07,0,2,2,2,2
345,29,13:27:18,6,-0.0060544904137235,483002.0,-0.005297679112008,-0.0055499495459131,2.558408380804464e-07,-0.0060544904137235,1.844529913257412e-05,-0.0065590312815337,5.163115700371227e-06,-0.0070635721493441,3.433218988434377e-06,-0.0075681130171543,1.2874571206628912e-06,-0.0050454086781029,1.485527446918721e-07,-0.0045408678102926,4.704170248575949e-06,-0.0040363269424824,3.689059826514823e-06,-0.003531786074672,3.51822417011917e-05,-0.0030272452068617,9.625392563007244e-07,1,2,2,2,2
346,29,13:27:21,6,-0.0055499495459131,289737.0,-0.005297679112008,-0.0055499495459131,2.640937683411059e-07,-0.0060544904137235,1.868463411013324e-05,-0.0065590312815337,5.09709225828595e-06,-0.0070635721493441,3.433218988434377e-06,-0.0075681130171543,1.2874571206628912e-06,-0.0050454086781029,1.485527446918721e-07,-0.0045408678102926,4.704170248575949e-06,-0.0040363269424824,3.689059826514823e-06,-0.003531786074672,3.51822417011917e-05,-0.0030272452068617,9.625392563007244e-07,1,2,2,2,2
347,29,13:27:24,6,-0.0050454086781029,226764.0,-0.0047931382441976,-0.0050454086781029,5.777051182461691e-07,-0.0055499495459131,3.218642801657228e-07,-0.0060544904137235,1.9501674205938537e-05,-0.0065590312815337,3.322712252244145e-06,-0.0070635721493441,3.391954337131079e-06,-0.0045408678102926,4.704170248575949e-06,-0.0040363269424824,5.339645878646735e-06,-0.003531786074672,3.51822417011917e-05,-0.0030272452068617,9.625392563007244e-07,-0.0025227043390515,2.2035323795961024e-06,1,1,2,2,2
348,29,13:27:27,6,-0.0050454086781029,455424.0,-0.0047931382441976,-0.0050454086781029,2.228291170378081e-07,-0.0055499495459131,7.097520024167221e-07,-0.0060544904137235,1.9691491601933703e-05,-0.0065590312815337,3.322712252244145e-06,-0.0070635721493441,3.4414719186950363e-06,-0.0045408678102926,4.720676109097267e-06,-0.0040363269424824,5.298381227343437e-06,-0.003531786074672,3.51822417011917e-05,-0.0030272452068617,9.625392563007244e-07,-0.0025227043390515,2.2035323795961024e-06,1,2,2,2,2
349,29,13:27:30,6,-0.0060544904137235,425768.0,-0.0058022199798184,-0.0060544904137235,1.95099271361992e-05,-0.0065590312815337,3.322712252244145e-06,-0.0070635721493441,3.4414719186950363e-06,-0.0075681130171543,1.2874571206628912e-06,-0.0080726538849646,5.512957414120586e-06,-0.0055499495459131,8.170400958052963e-07,-0.0045408678102926,5.925603927153564e-06,-0.0040363269424824,5.298381227343437e-06,-0.003531786074672,3.51822417011917e-05,-0.0030272452068617,9.625392563007244e-07,2,2,2,2,2
350,29,13:27:33,6,-0.0060544904137235,2220369.0,-0.0055499495459131,-0.0060544904137235,1.2288613158122085e-05,-0.0065590312815337,3.017353832599741e-06,-0.0070635721493441,3.4414719186950363e-06,-0.0075681130171543,1.2874571206628912e-06,-0.0080726538849646,5.554222065423883e-06,-0.0050454086781029,9.160752589332112e-07,-0.0045408678102926,6.008133229760159e-06,-0.0040363269424824,5.711027740376415e-06,-0.003531786074672,3.51822417011917e-05,-0.0030272452068617,9.625392563007244e-07,2,2,2,2,2
351,29,13:27:36,6,-0.0055499495459131,325367.0,-0.005297679112008,-0.0055499495459131,9.078223286725516e-08,-0.0060544904137235,1.3064388602624084e-05,-0.0065590312815337,3.017353832599741e-06,-0.0070635721493441,3.6395422449508656e-06,-0.0075681130171543,1.2792041904022315e-06,-0.0050454086781029,1.1389043759710192e-06,-0.0045408678102926,6.008133229760159e-06,-0.0040363269424824,5.711027740376415e-06,-0.003531786074672,3.51822417011917e-05,-0.0030272452068617,9.625392563007244e-07,2,2,2,2,2
352,29,13:27:39,6,-0.0055499495459131,463335.0,-0.0047931382441976,-0.0050454086781029,6.602344208527648e-08,-0.0055499495459131,7.345107931987008e-07,-0.0060544904137235,1.3179929626273317e-05,-0.0065590312815337,2.7697659247799545e-06,-0.0070635721493441,3.482736569998334e-06,-0.0045408678102926,6.090662532366754e-06,-0.0040363269424824,5.711027740376415e-06,-0.003531786074672,3.51822417011917e-05,-0.0030272452068617,9.625392563007244e-07,-0.0025227043390515,2.2035323795961024e-06,1,2,1,2,1
353,29,13:27:42,6,-0.0050454086781029,1148259.0,-0.0047931382441976,-0.0050454086781029,1.980703262558294e-07,-0.0055499495459131,1.402998144312125e-06,-0.0060544904137235,1.310565325392738e-05,-0.0065590312815337,2.786271785301274e-06,-0.0070635721493441,3.400207267391738e-06,-0.0045408678102926,1.5432979587433376e-06,-0.0040363269424824,5.694521879855096e-06,-0.003531786074672,3.5264771003798295e-05,-0.0030272452068617,9.625392563007244e-07,-0.0025227043390515,2.2035323795961024e-06,2,2,1,2,1
354,29,13:27:45,6,-0.0050454086781029,303713.0,-0.0047931382441976,-0.0050454086781029,2.9710548938374413e-07,-0.0055499495459131,1.848656378387741e-06,-0.0060544904137235,1.3031376881581444e-05,-0.0065590312815337,2.745007133997976e-06,-0.0070635721493441,3.408460197652398e-06,-0.0045408678102926,1.3534805627481675e-06,-0.0040363269424824,5.694521879855096e-06,-0.003531786074672,3.5223506352495e-05,-0.0030272452068617,9.625392563007244e-07,-0.0025227043390515,2.2035323795961024e-06,2,2,2,2,1
355,29,13:27:48,6,-0.0050454086781029,51290.0,-0.0047931382441976,-0.0050454086781029,8.170400958052963e-07,-0.0055499495459131,2.25304996116006e-06,-0.0060544904137235,1.3262458928879912e-05,-0.0065590312815337,2.7367542037373165e-06,-0.0070635721493441,3.5157482910409723e-06,-0.0045408678102926,1.1719160970136574e-06,-0.0040363269424824,5.694521879855096e-06,-0.003531786074672,3.5223506352495e-05,-0.0030272452068617,9.625392563007244e-07,-0.0025227043390515,2.2035323795961024e-06,2,2,2,2,1
356,29,13:27:51,6,-0.0050454086781029,39442.0,-0.0047931382441976,-0.0050454086781029,1.4277569350941035e-06,-0.0055499495459131,2.2943146124633574e-06,-0.0060544904137235,1.3369747022268486e-05,-0.0065590312815337,2.67073076165204e-06,-0.0070635721493441,3.5157482910409723e-06,-0.0045408678102926,1.237939539098934e-06,-0.0040363269424824,5.900845136371585e-06,-0.003531786074672,3.5223506352495e-05,-0.0030272452068617,9.625392563007244e-07,-0.0025227043390515,2.2035323795961024e-06,2,2,2,2,1
357,29,13:27:54,6,-0.0040363269424824,1077363.0,-0.0045408678102928,-0.0050454086781029,1.815644657345103e-06,-0.0055499495459131,2.319073403245336e-06,-0.0060544904137235,1.3377999952529144e-05,-0.0065590312815337,2.571695598524125e-06,-0.0070635721493441,3.466230709477015e-06,-0.0040363269424824,4.943505226135076e-06,-0.003531786074672,3.5223506352495e-05,-0.0030272452068617,9.625392563007244e-07,-0.0025227043390515,2.2035323795961024e-06,-0.0020181634712411,1.6588389823925717e-06,1,2,1,1,1
358,29,13:27:57,6,-0.0045408678102926,142023.0,-0.0042885973763875,-0.0045408678102926,2.1457618677714854e-07,-0.0050454086781029,1.6423331218712525e-06,-0.0055499495459131,2.401602705851932e-06,-0.0060544904137235,1.3526552697221016e-05,-0.0065590312815337,2.654224901130721e-06,-0.0040363269424824,4.943505226135076e-06,-0.003531786074672,3.53060356551016e-05,-0.0030272452068617,9.625392563007244e-07,-0.0025227043390515,2.2035323795961024e-06,-0.0020181634712411,1.6588389823925717e-06,1,2,1,1,1
359,29,13:28:00,6,-0.0045408678102926,1973.0,-0.0042885973763875,-0.0045408678102926,1.7908858665631245e-06,-0.0050454086781029,1.6588389823925717e-06,-0.0055499495459131,2.525396659761825e-06,-0.0060544904137235,1.3584323209045632e-05,-0.0065590312815337,2.6212131800880825e-06,-0.0040363269424824,4.951758156395736e-06,-0.003531786074672,3.53060356551016e-05,-0.0030272452068617,9.87298047082703e-07,-0.0025227043390515,2.2035323795961024e-06,-0.0020181634712411,1.6588389823925717e-06,2,2,1,1,1
360,29,13:28:03,6,-0.0045408678102926,193360.0,-0.0042885973763875,-0.0045408678102926,1.6918507034352096e-06,-0.0050454086781029,1.947691541515656e-06,-0.0055499495459131,2.3850968453306123e-06,-0.0060544904137235,1.3130412044709358e-05,-0.0065590312815337,2.6212131800880825e-06,-0.0040363269424824,4.902240574831778e-06,-0.003531786074672,3.53060356551016e-05,-0.0030272452068617,9.87298047082703e-07,-0.0025227043390515,2.2035323795961024e-06,-0.0020181634712411,1.6588389823925717e-06,2,1,1,1,1
361,29,13:28:06,6,-0.0040363269424824,76980.0,-0.0042885973763875,-0.0045408678102926,4.48134113153814e-06,-0.0050454086781029,1.947691541515656e-06,-0.0055499495459131,2.550155450543804e-06,-0.0060544904137235,1.3221194277576612e-05,-0.0065590312815337,2.6212131800880825e-06,-0.0040363269424824,4.629893876230012e-06,-0.003531786074672,3.5388564957708187e-05,-0.0030272452068617,9.87298047082703e-07,-0.0025227043390515,2.2035323795961024e-06,-0.0020181634712411,1.6588389823925717e-06,2,1,2,1,1
362,29,13:28:09,6,-0.0045408678102926,801144.0,-0.0042885973763875,-0.0045408678102926,2.2035323795961024e-06,-0.0050454086781029,1.9394386112549963e-06,-0.0055499495459131,2.525396659761825e-06,-0.0060544904137235,1.3493540976178378e-05,-0.0065590312815337,2.868801087907869e-06,-0.0040363269424824,3.812853780424716e-06,-0.003531786074672,3.5388564957708187e-05,-0.0030272452068617,9.87298047082703e-07,-0.0025227043390515,2.2035323795961024e-06,-0.0020181634712411,1.6588389823925717e-06,2,1,2,1,1
363,29,13:28:12,6,-0.0045408678102926,238778.0,-0.0042885973763875,-0.0045408678102926,2.1622677282928043e-06,-0.0050454086781029,1.906426890212358e-06,-0.0055499495459131,2.525396659761825e-06,-0.0060544904137235,1.3963958001035974e-05,-0.0065590312815337,2.9018128089505075e-06,-0.0040363269424824,4.126465130329779e-06,-0.003531786074672,3.5388564957708187e-05,-0.0030272452068617,9.87298047082703e-07,-0.0025227043390515,2.2035323795961024e-06,-0.0020181634712411,1.6588389823925717e-06,2,1,2,1,1
364,29,13:28:15,6,-0.0040363269424824,4955935.0,-0.0037840565085773,-0.0040363269424824,1.485527446918721e-07,-0.0045408678102926,4.126465130329779e-08,-0.0050454086781029,2.170520658553464e-06,-0.0055499495459131,2.112750146728847e-06,-0.0060544904137235,1.4005222652339271e-05,-0.003531786074672,2.253875254186125e-05,-0.0030272452068617,9.87298047082703e-07,-0.0025227043390515,2.2035323795961024e-06,-0.0020181634712411,1.6588389823925717e-06,-0.0015136226034309,5.034287459002331e-07,1,1,1,1,0
365,29,13:28:18,6,-0.0045408678102926,96722.0,-0.0037840565085773,-0.0040363269424824,4.126465130329779e-06,-0.0045408678102926,1.015110422061126e-06,-0.0050454086781029,2.170520658553464e-06,-0.0055499495459131,2.1210030769895067e-06,-0.0060544904137235,1.4137269536509825e-05,-0.003531786074672,2.253875254186125e-05,-0.0030272452068617,1.061574419428639e-06,-0.0025227043390515,2.2035323795961024e-06,-0.0020181634712411,1.6588389823925717e-06,-0.0015136226034309,5.034287459002331e-07,0,1,1,1,0
366,29,13:28:21,6,-0.003531786074672,1024569.0,-0.0037840565085773,-0.0040363269424824,1.0563750733644237e-06,-0.0045408678102926,1.6588389823925717e-06,-0.0050454086781029,2.1622677282928043e-06,-0.0055499495459131,2.2860616822026977e-06,-0.0060544904137235,1.421154590885576e-05,-0.003531786074672,2.2018817935439704e-05,-0.0030272452068617,1.0780802799499585e-06,-0.0025227043390515,2.2035323795961024e-06,-0.0020181634712411,1.6588389823925717e-06,-0.0015136226034309,5.034287459002331e-07,0,1,1,1,0
367,29,13:28:24,6,-0.003531786074672,410650.0,-0.0037840565085773,-0.0040363269424824,1.386492283790806e-06,-0.0045408678102926,1.68359777317455e-06,-0.0050454086781029,2.1952794493354427e-06,-0.0055499495459131,2.2860616822026977e-06,-0.0060544904137235,1.4178534187813125e-05,-0.003531786074672,2.1614424352667385e-05,-0.0030272452068617,1.003803907604022e-06,-0.0025227043390515,2.2035323795961024e-06,-0.0020181634712411,1.6588389823925717e-06,-0.0015136226034309,5.034287459002331e-07,0,1,1,1,0
368,29,13:28:27,6,-0.0040363269424824,86860.0,-0.0037840565085773,-0.0040363269424824,1.1223985154497e-06,-0.0045408678102926,2.021967913861592e-06,-0.0050454086781029,2.1952794493354427e-06,-0.0055499495459131,2.327326333505996e-06,-0.0060544904137235,1.4277569350941038e-05,-0.003531786074672,2.1672194864492003e-05,-0.0030272452068617,1.119344931253256e-06,-0.0025227043390515,2.3438321940273147e-06,-0.0020181634712411,1.6588389823925717e-06,-0.0015136226034309,5.034287459002331e-07,1,1,1,1,0
369,29,13:28:30,6,-0.0040363269424824,762017.0,-0.0037840565085773,-0.0040363269424824,6.849932116347434e-07,-0.0045408678102926,2.0467267046435707e-06,-0.0050454086781029,1.9889561928189536e-06,-0.0055499495459131,2.4841320084585274e-06,-0.0060544904137235,1.3963958001035974e-05,-0.003531786074672,3.18563108061459e-06,-0.0030272452068617,1.003803907604022e-06,-0.0025227043390515,2.3438321940273147e-06,-0.0020181634712411,1.6588389823925717e-06,-0.0015136226034309,5.034287459002331e-07,1,1,2,1,0
370,29,13:28:33,6,-0.0040363269424824,349362.0,-0.0042885973763875,-0.0045408678102926,1.700103633695869e-06,-0.0050454086781029,2.1952794493354427e-06,-0.0055499495459131,2.880272660970186e-06,-0.0060544904137235,1.347703511565706e-05,-0.0065590312815337,2.885306948429189e-06,-0.0040363269424824,2.005462053340273e-06,-0.003531786074672,3.3837014068704192e-06,-0.0030272452068617,1.003803907604022e-06,-0.0025227043390515,2.3438321940273147e-06,-0.0020181634712411,1.6588389823925717e-06,2,2,2,1,0
371,29,13:28:36,6,-0.0040363269424824,809417.0,-0.0042885973763875,-0.0045408678102926,1.8404034481270816e-06,-0.0050454086781029,2.1952794493354427e-06,-0.0055499495459131,3.045331266183377e-06,-0.0060544904137235,1.3221194277576612e-05,-0.0065590312815337,2.802777645822593e-06,-0.0040363269424824,1.6505860521319117e-07,-0.003531786074672,3.012319545140739e-06,-0.0030272452068617,1.003803907604022e-06,-0.0025227043390515,2.3438321940273147e-06,-0.0020181634712411,1.6588389823925717e-06,2,2,2,1,0
372,29,13:28:39,6,-0.0045408678102926,517013.0,-0.0042885973763875,-0.0045408678102926,2.583167171586442e-06,-0.0050454086781029,2.1622677282928043e-06,-0.0055499495459131,3.4909895002589936e-06,-0.0060544904137235,1.289107706715023e-05,-0.0065590312815337,2.802777645822593e-06,-0.0040363269424824,5.7770511824616916e-08,-0.003531786074672,2.863766800448867e-06,-0.0030272452068617,1.003803907604022e-06,-0.0025227043390515,2.3438321940273147e-06,-0.0020181634712411,1.6588389823925717e-06,2,2,2,1,0
373,29,13:28:42,6,-0.003531786074672,536925.0,-0.0040363269424822,-0.0045408678102926,1.9146798204730176e-06,-0.0050454086781029,2.1210030769895067e-06,-0.0055499495459131,3.656048105472185e-06,-0.0060544904137235,1.3014871021060124e-05,-0.0065590312815337,2.802777645822593e-06,-0.003531786074672,1.8651622389090603e-06,-0.0030272452068617,1.003803907604022e-06,-0.0025227043390515,2.2035323795961024e-06,-0.0020181634712411,1.6588389823925717e-06,-0.0015136226034309,5.034287459002331e-07,1,2,1,1,0
374,29,13:28:45,6,-0.003531786074672,327822.0,-0.0037840565085773,-0.0040363269424824,8.830635378905728e-07,-0.0045408678102926,2.021967913861592e-06,-0.0050454086781029,2.1292560072501664e-06,-0.0055499495459131,3.689059826514823e-06,-0.0060544904137235,1.3014871021060124e-05,-0.003531786074672,7.180049326773816e-07,-0.0030272452068617,1.003803907604022e-06,-0.0025227043390515,2.2035323795961024e-06,-0.0020181634712411,1.6588389823925717e-06,-0.0015136226034309,5.034287459002331e-07,1,2,1,1,0
375,29,13:28:48,6,-0.003531786074672,90838.0,-0.0037840565085773,-0.0040363269424824,8.748106076299132e-07,-0.0045408678102926,2.61617889262908e-06,-0.0050454086781029,2.1457618677714854e-06,-0.0055499495459131,3.689059826514823e-06,-0.0060544904137235,1.3014871021060124e-05,-0.003531786074672,9.3258111945453e-07,-0.0030272452068617,1.003803907604022e-06,-0.0025227043390515,1.7908858665631245e-06,-0.0020181634712411,1.6588389823925717e-06,-0.0015136226034309,5.034287459002331e-07,1,2,1,1,0
376,29,13:28:51,6,-0.0040363269424824,201368.0,-0.0037840565085773,-0.0040363269424824,6.272226998101265e-07,-0.0045408678102926,2.938043172794803e-06,-0.0050454086781029,2.1457618677714854e-06,-0.0055499495459131,3.689059826514823e-06,-0.0060544904137235,1.307264153288474e-05,-0.003531786074672,7.67522514241339e-07,-0.0030272452068617,1.531991444286234e-06,-0.0025227043390515,1.7908858665631245e-06,-0.0020181634712411,1.6588389823925717e-06,-0.0015136226034309,5.034287459002331e-07,2,2,2,1,0
377,29,13:28:54,6,-0.0040363269424824,262630.0,-0.0037840565085773,-0.0040363269424824,6.272226998101265e-07,-0.0045408678102926,3.111354708268654e-06,-0.0050454086781029,2.1457618677714854e-06,-0.0055499495459131,3.796347919903397e-06,-0.0060544904137235,1.307264153288474e-05,-0.003531786074672,3.3424367555671214e-07,-0.0030272452068617,1.6145207468928295e-06,-0.0025227043390515,1.7908858665631245e-06,-0.0020181634712411,1.6588389823925717e-06,-0.0015136226034309,5.034287459002331e-07,2,2,1,1,0
378,29,13:28:57,6,-0.003531786074672,100715.0,-0.0037840565085773,-0.0040363269424824,1.386492283790806e-06,-0.0045408678102926,3.482736569998334e-06,-0.0050454086781029,2.228291170378081e-06,-0.0055499495459131,3.7715891291214182e-06,-0.0060544904137235,1.307264153288474e-05,-0.003531786074672,2.43461442689457e-07,-0.0030272452068617,1.6145207468928295e-06,-0.0025227043390515,1.7908858665631245e-06,-0.0020181634712411,1.6588389823925717e-06,-0.0015136226034309,5.199346064215523e-07,2,2,1,1,0
379,29,13:29:00,6,-0.003531786074672,529016.0,-0.0037840565085773,-0.0040363269424824,5.364404669428713e-07,-0.0045408678102926,3.1691252200932705e-06,-0.0050454086781029,2.228291170378081e-06,-0.0055499495459131,3.779842059382078e-06,-0.0060544904137235,1.3155170835491338e-05,-0.003531786074672,1.0316162825824449e-07,-0.0030272452068617,1.7795793521060207e-06,-0.0025227043390515,1.7908858665631245e-06,-0.0020181634712411,1.6588389823925717e-06,-0.0015136226034309,5.034287459002331e-07,2,2,1,1,0
380,29,13:29:03,6,-0.0040363269424824,238909.0,-0.0037840565085773,-0.0040363269424824,3.631289314690206e-07,-0.0045408678102926,3.1691252200932705e-06,-0.0050454086781029,2.228291170378081e-06,-0.0055499495459131,3.779842059382078e-06,-0.0060544904137235,1.3196435486794634e-05,-0.003531786074672,1.3576070278784974e-06,-0.0030272452068617,1.7795793521060207e-06,-0.0025227043390515,1.7908858665631245e-06,-0.0020181634712411,1.6588389823925717e-06,-0.0015136226034309,5.034287459002331e-07,2,2,1,1,0
381,29,13:29:06,6,-0.003531786074672,632086.0,-0.0032795156407667,-0.003531786074672,5.199346064215523e-07,-0.0040363269424824,3.7963479199033973e-07,-0.0045408678102926,3.911888943552631e-06,-0.0050454086781029,2.3520851242879744e-06,-0.0055499495459131,3.424966058173717e-06,-0.0030272452068617,9.831715819523732e-07,-0.0025227043390515,1.7908858665631245e-06,-0.0020181634712411,1.6588389823925717e-06,-0.0015136226034309,5.034287459002331e-07,-0.0010090817356205,7.68347807267405e-06,1,2,1,0,0
382,29,13:29:09,6,-0.003531786074672,47400.0,-0.0032795156407667,-0.003531786074672,1.0563750733644237e-06,-0.0040363269424824,2.80599628862425e-06,-0.0045408678102926,3.911888943552631e-06,-0.0050454086781029,2.3603380545486337e-06,-0.0055499495459131,3.5900246633869083e-06,-0.0030272452068617,1.024436233255671e-06,-0.0025227043390515,1.7908858665631245e-06,-0.0020181634712411,1.6588389823925717e-06,-0.0015136226034309,5.034287459002331e-07,-0.0010090817356205,7.68347807267405e-06,1,2,0,0,0
383,29,13:29:12,6,-0.003531786074672,132328.0,-0.0032795156407667,-0.003531786074672,2.9875607543587605e-06,-0.0040363269424824,2.814249218884909e-06,-0.0045408678102926,3.903636013291972e-06,-0.0050454086781029,2.3603380545486337e-06,-0.0055499495459131,3.5900246633869083e-06,-0.0030272452068617,9.996774424736924e-07,-0.0025227043390515,1.7908858665631245e-06,-0.0020181634712411,1.6588389823925717e-06,-0.0015136226034309,5.034287459002331e-07,-0.0010090817356205,7.68347807267405e-06,1,1,1,0,0
384,29,13:29:15,6,-0.003531786074672,148129.0,-0.0032795156407667,-0.003531786074672,3.103101778007994e-06,-0.0040363269424824,2.888525591230846e-06,-0.0045408678102926,3.903636013291972e-06,-0.0050454086781029,2.3603380545486337e-06,-0.0055499495459131,3.474483639737674e-06,-0.0030272452068617,1.1317243266442453e-06,-0.0025227043390515,1.7908858665631245e-06,-0.0020181634712411,1.6588389823925717e-06,-0.0015136226034309,5.034287459002331e-07,-0.0010090817356205,7.68347807267405e-06,2,0,1,0,0
385,29,13:29:18,6,-0.003531786074672,820184.0,-0.0030272452068618,-0.003531786074672,4.711350297902723e-06,-0.0040363269424824,2.888525591230846e-06,-0.0045408678102926,3.903636013291972e-06,-0.0050454086781029,2.401602705851932e-06,-0.0055499495459131,3.474483639737674e-06,-0.0025227043390515,1.7908858665631245e-06,-0.0020181634712411,1.6588389823925717e-06,-0.0015136226034309,5.034287459002331e-07,-0.0010090817356205,7.741248584498666e-06,-0.0005045408678103,7.11402588468854e-06,1,0,0,0,0
386,29,13:29:21,6,-0.0030272452068617,71104.0,-0.0032795156407667,-0.003531786074672,5.190020253020977e-06,-0.0040363269424824,2.888525591230846e-06,-0.0045408678102926,3.903636013291972e-06,-0.0050454086781029,2.401602705851932e-06,-0.0055499495459131,3.482736569998334e-06,-0.0030272452068617,1.700103633695869e-06,-0.0025227043390515,1.8073917270844437e-06,-0.0020181634712411,1.7331153547385077e-06,-0.0015136226034309,5.034287459002331e-07,-0.0010090817356205,7.741248584498666e-06,2,2,1,0,0
387,29,13:29:24,6,-0.0030272452068617,124478.0,-0.0032795156407667,-0.003531786074672,5.190020253020977e-06,-0.0040363269424824,2.888525591230846e-06,-0.0045408678102926,3.92014187381329e-06,-0.0050454086781029,2.401602705851932e-06,-0.0055499495459131,3.482736569998334e-06,-0.0030272452068617,1.3617334930088272e-06,-0.0025227043390515,1.7908858665631245e-06,-0.0020181634712411,1.7331153547385077e-06,-0.0015136226034309,5.034287459002331e-07,-0.0010090817356205,7.741248584498666e-06,2,0,1,0,0
388,29,13:29:27,6,-0.003531786074672,264743.0,-0.0032795156407667,-0.003531786074672,4.94243234520119e-06,-0.0040363269424824,2.888525591230846e-06,-0.0045408678102926,3.821106710685376e-06,-0.0050454086781029,2.376843915069953e-06,-0.0055499495459131,3.482736569998334e-06,-0.0030272452068617,8.748106076299132e-07,-0.0025227043390515,1.7908858665631245e-06,-0.0020181634712411,1.7331153547385077e-06,-0.0015136226034309,5.034287459002331e-07,-0.0010090817356205,7.83203081736592e-06,1,0,1,0,0
389,29,13:29:30,6,-0.0030272452068617,454416.0,-0.0027749747729566,-0.0030272452068617,8.25293026065956e-08,-0.003531786074672,4.298703784869745e-06,-0.0040363269424824,4.2915237355429707e-07,-0.0045408678102926,3.7550832686000993e-06,-0.0050454086781029,2.376843915069953e-06,-0.0025227043390515,1.6588389823925717e-06,-0.0020181634712411,1.7331153547385077e-06,-0.0015136226034309,5.034287459002331e-07,-0.0010090817356205,7.83203081736592e-06,-0.0005045408678103,7.11402588468854e-06,0,0,0,0,0
390,29,13:29:33,6,-0.0030272452068617,274623.0,-0.0027749747729566,-0.0030272452068617,1.31221591144487e-06,-0.003531786074672,4.488521180864914e-06,-0.0040363269424824,4.2915237355429707e-07,-0.0045408678102926,3.7550832686000993e-06,-0.0050454086781029,2.3850968453306123e-06,-0.0025227043390515,1.7083565639565288e-06,-0.0020181634712411,1.6588389823925717e-06,-0.0015136226034309,5.034287459002331e-07,-0.0010090817356205,7.83203081736592e-06,-0.0005045408678103,7.11402588468854e-06,0,0,0,0,0
391,29,13:29:36,6,-0.0030272452068617,152209.0,-0.0027749747729566,-0.0030272452068617,3.202136941135909e-06,-0.003531786074672,2.8049234076903644e-06,-0.0040363269424824,4.5391116433627574e-07,-0.0045408678102926,3.7550832686000993e-06,-0.0050454086781029,2.3850968453306123e-06,-0.0025227043390515,1.237939539098934e-06,-0.0020181634712411,1.6588389823925717e-06,-0.0015136226034309,1.328721771966189e-06,-0.0010090817356205,8.244677330398899e-06,-0.0005045408678103,7.11402588468854e-06,1,0,0,0,0
392,29,13:29:39,6,-0.0030272452068617,762747.0,-0.0027749747729566,-0.0030272452068617,7.262578629380412e-07,-0.003531786074672,2.936970291860917e-06,-0.0040363269424824,4.374053038149566e-07,-0.0045408678102926,3.7550832686000993e-06,-0.0050454086781029,2.3850968453306123e-06,-0.0025227043390515,1.1719160970136574e-06,-0.0020181634712411,1.6588389823925717e-06,-0.0015136226034309,1.518539167961359e-06,-0.0010090817356205,8.244677330398899e-06,-0.0005045408678103,7.11402588468854e-06,0,0,0,0,0
393,29,13:29:42,6,-0.003531786074672,422908.0,-0.0032795156407667,-0.003531786074672,3.011246664206853e-06,-0.0040363269424824,4.374053038149566e-07,-0.0045408678102926,3.7550832686000993e-06,-0.0050454086781029,2.4098556361125914e-06,-0.0055499495459131,3.3754484766097595e-06,-0.0030272452068617,9.655928404971683e-07,-0.0025227043390515,6.272226998101265e-07,-0.0020181634712411,1.774380006041805e-06,-0.0015136226034309,1.68359777317455e-06,-0.0010090817356205,8.244677330398899e-06,0,0,0,0,0
394,29,13:29:45,6,-0.003531786074672,803566.0,-0.0037840565085773,-0.0040363269424824,4.2089944329363753e-07,-0.0045408678102926,3.7550832686000993e-06,-0.0050454086781029,2.4098556361125914e-06,-0.0055499495459131,3.3754484766097595e-06,-0.0060544904137235,1.3064388602624084e-05,-0.003531786074672,7.851012556965439e-07,-0.0030272452068617,1.1223985154497e-06,-0.0025227043390515,6.107168392888073e-07,-0.0020181634712411,1.774380006041805e-06,-0.0015136226034309,1.68359777317455e-06,0,1,1,0,0
395,29,13:29:48,6,-0.003531786074672,766777.0,-0.0037840565085773,-0.0040363269424824,1.4277569350941035e-06,-0.0045408678102926,3.763336198860759e-06,-0.0050454086781029,2.4098556361125914e-06,-0.0055499495459131,3.3754484766097595e-06,-0.0060544904137235,1.3064388602624084e-05,-0.003531786074672,6.272226998101265e-07,-0.0020181634712411,1.774380006041805e-06,-0.0015136226034309,1.68359777317455e-06,-0.0010090817356205,8.244677330398899e-06,-0.0005045408678103,7.11402588468854e-06,1,0,1,0,0
396,29,13:29:51,6,-0.0025227043390515,456369.0,-0.0027749747729566,-0.0030272452068617,1.6175743310892736e-06,-0.003531786074672,8.25293026065956e-08,-0.0040363269424824,1.4855274469187206e-06,-0.0045408678102926,3.74683033833944e-06,-0.0050454086781029,2.4098556361125914e-06,-0.0025227043390515,7.592695839806795e-07,-0.0020181634712411,1.8073917270844437e-06,-0.0015136226034309,1.68359777317455e-06,-0.0010090817356205,8.244677330398899e-06,-0.0005045408678103,7.11402588468854e-06,0,0,0,0,0
397,29,13:29:54,6,-0.003531786074672,610497.0,-0.0037840565085773,-0.0040363269424824,1.4360098653547632e-06,-0.0045408678102926,3.74683033833944e-06,-0.0050454086781029,2.4098556361125914e-06,-0.0055499495459131,3.3837014068704192e-06,-0.0060544904137235,1.311390618418804e-05,-0.003531786074672,9.944780964094768e-06,-0.0025227043390515,1.4525157258760824e-06,-0.0020181634712411,1.8073917270844437e-06,-0.0015136226034309,1.700103633695869e-06,-0.0010090817356205,8.244677330398899e-06,0,2,1,0,0
398,29,13:29:57,6,-0.0040363269424824,442392.0,-0.0037840565085773,-0.0040363269424824,3.961406525116588e-07,-0.0045408678102926,3.74683033833944e-06,-0.0050454086781029,2.4098556361125914e-06,-0.0055499495459131,3.391954337131079e-06,-0.0060544904137235,1.2816800694804297e-05,-0.003531786074672,8.211665609356262e-06,-0.0030272452068617,4.951758156395736e-07,-0.0025227043390515,1.4855274469187206e-06,-0.0020181634712411,1.8073917270844437e-06,-0.0015136226034309,1.7826329363024648e-06,1,2,1,0,0
399,29,13:30:00,6,-0.0040363269424824,349510.0,-0.0042885973763875,-0.0045408678102926,3.705565687036142e-06,-0.0050454086781029,2.4098556361125914e-06,-0.0055499495459131,3.3754484766097595e-06,-0.0060544904137235,1.2940594648714189e-05,-0.0065590312815337,2.687236622173359e-06,-0.0040363269424824,2.9223626052995497e-07,-0.003531786074672,7.246072768859092e-06,-0.0030272452068617,4.951758156395736e-07,-0.0025227043390515,2.228291170378081e-06,-0.0020181634712411,3.276413313481845e-06,2,2,1,0,0
400,29,13:30:03,6,-0.0045408678102926,695028.0,-0.0040363269424822,-0.0045408678102926,3.705565687036142e-06,-0.0050454086781029,2.814249218884909e-06,-0.0055499495459131,3.433218988434377e-06,-0.0060544904137235,1.2981859300017486e-05,-0.0065590312815337,2.687236622173359e-06,-0.003531786074672,5.565858697091413e-06,-0.0030272452068617,4.951758156395736e-07,-0.0025227043390515,2.2695558216813787e-06,-0.0020181634712411,3.276413313481845e-06,-0.0015136226034309,1.7826329363024648e-06,1,1,1,0,0
401,29,13:30:06,6,-0.003531786074672,55300.0,-0.0037840565085773,-0.0040363269424824,1.6505860521319117e-08,-0.0045408678102926,3.722071547557461e-06,-0.0050454086781029,2.814249218884909e-06,-0.0055499495459131,3.433218988434377e-06,-0.0060544904137235,1.2990112230278144e-05,-0.003531786074672,5.334776649792945e-06,-0.0030272452068617,4.951758156395736e-07,-0.0025227043390515,4.960011086656395e-06,-0.0020181634712411,3.276413313481845e-06,-0.0015136226034309,1.7826329363024648e-06,2,0,1,0,0
402,29,13:30:09,6,-0.0045408678102926,197344.0,-0.0042885973763875,-0.0045408678102926,3.292919174003164e-06,-0.0050454086781029,2.814249218884909e-06,-0.0055499495459131,3.433218988434377e-06,-0.0060544904137235,1.2990112230278144e-05,-0.0065590312815337,2.687236622173359e-06,-0.0040363269424824,2.3108204729846767e-07,-0.003531786074672,5.714411441783285e-06,-0.0030272452068617,6.519814905921052e-07,-0.0025227043390515,4.960011086656395e-06,-0.0020181634712411,3.276413313481845e-06,2,1,1,0,1
403,29,13:30:12,6,-0.0045408678102926,343380.0,-0.0040363269424822,-0.0045408678102926,2.376843915069953e-06,-0.0050454086781029,2.888525591230846e-06,-0.0055499495459131,3.433218988434377e-06,-0.0060544904137235,1.3031376881581444e-05,-0.0065590312815337,2.687236622173359e-06,-0.003531786074672,5.607123348394711e-06,-0.0030272452068617,6.519814905921052e-07,-0.0025227043390515,4.960011086656395e-06,-0.0020181634712411,3.276413313481845e-06,-0.0015136226034309,1.7826329363024648e-06,2,1,1,0,1
404,29,13:30:15,6,-0.0045408678102926,80928.0,-0.0037840565085773,-0.0040363269424824,1.6505860521319117e-07,-0.0045408678102926,2.4098556361125914e-06,-0.0050454086781029,2.888525591230846e-06,-0.0055499495459131,3.2434015924392065e-06,-0.0060544904137235,1.276728311324034e-05,-0.003531786074672,5.524594045788116e-06,-0.0030272452068617,7.67522514241339e-07,-0.0025227043390515,4.9187464353530976e-06,-0.0020181634712411,3.3011721042638235e-06,-0.0015136226034309,2.1952794493354427e-06,1,0,0,0,0
405,29,13:30:18,6,-0.0045408678102926,505323.0,-0.0042885973763875,-0.0045408678102926,2.1622677282928043e-06,-0.0050454086781029,2.4923849387191867e-06,-0.0055499495459131,3.2434015924392065e-06,-0.0060544904137235,1.2841559485586274e-05,-0.0065590312815337,2.6047073195667635e-06,-0.0040363269424824,7.427637234593603e-08,-0.003531786074672,5.458570603702839e-06,-0.0030272452068617,7.67522514241339e-07,-0.0025227043390515,4.926999365613756e-06,-0.0020181634712411,3.3011721042638235e-06,2,1,1,0,0
406,29,13:30:21,6,-0.003531786074672,1387251.0,-0.0032795156407667,-0.003531786074672,2.563277609658252e-06,-0.0040363269424824,7.427637234593603e-08,-0.0045408678102926,2.8555138701882075e-06,-0.0050454086781029,2.4923849387191867e-06,-0.0055499495459131,3.2434015924392065e-06,-0.0030272452068617,7.67522514241339e-07,-0.0025227043390515,4.926999365613756e-06,-0.0020181634712411,3.3011721042638235e-06,-0.0015136226034309,2.1952794493354427e-06,-0.0010090817356205,8.756359006559792e-06,0,0,0,0,0
407,29,13:30:24,6,-0.003531786074672,404975.0,-0.0030272452068618,-0.003531786074672,2.332195562359785e-06,-0.0040363269424824,1.8981739599516989e-06,-0.0045408678102926,2.731719916278314e-06,-0.0050454086781029,2.4923849387191867e-06,-0.0055499495459131,3.2846662437425045e-06,-0.0025227043390515,9.061717426204195e-06,-0.0020181634712411,3.3011721042638235e-06,-0.0015136226034309,2.178773588814124e-06,-0.0010090817356205,8.756359006559792e-06,-0.0005045408678103,7.1222788149492e-06,0,0,0,0,0
408,29,13:30:27,6,-0.003531786074672,59253.0,-0.0032795156407667,-0.003531786074672,3.223512030511017e-06,-0.0040363269424824,1.8981739599516989e-06,-0.0045408678102926,2.731719916278314e-06,-0.0050454086781029,2.5171437295011654e-06,-0.0055499495459131,3.2846662437425045e-06,-0.0030272452068617,1.1554102364923383e-07,-0.0025227043390515,9.91176924305213e-06,-0.0020181634712411,1.7166094942171885e-06,-0.0015136226034309,3.0040666148800795e-06,-0.0010090817356205,8.764611936820451e-06,0,0,0,0,0
409,29,13:30:30,6,-0.003531786074672,872113.0,-0.0037840565085773,-0.0040363269424824,1.8073917270844437e-06,-0.0045408678102926,2.764731637320952e-06,-0.0050454086781029,2.4428673571552294e-06,-0.0055499495459131,3.325930895045802e-06,-0.0060544904137235,1.2635236229069783e-05,-0.003531786074672,6.00326400090637e-06,-0.0030272452068617,1.402998144312125e-07,-0.0025227043390515,1.01015866390473e-05,-0.0020181634712411,1.68359777317455e-06,-0.0015136226034309,3.0040666148800795e-06,0,0,0,0,0
410,29,13:30:33,6,-0.0040363269424824,130308.0,-0.0037840565085773,-0.0040363269424824,1.6918507034352096e-06,-0.0045408678102926,2.8720197307095265e-06,-0.0050454086781029,2.4593732176765488e-06,-0.0055499495459131,3.325930895045802e-06,-0.0060544904137235,1.2635236229069783e-05,-0.003531786074672,5.98675814038505e-06,-0.0030272452068617,2.9710548938374413e-07,-0.0025227043390515,1.01015866390473e-05,-0.0020181634712411,1.68359777317455e-06,-0.0015136226034309,3.045331266183377e-06,0,0,0,0,0
411,29,13:30:36,6,-0.0040363269424824,538970.0,-0.0042885973763875,-0.0045408678102926,2.954549033316122e-06,-0.0050454086781029,2.2778087519420384e-06,-0.0055499495459131,3.17737815035393e-06,-0.0060544904137235,1.2684753810633742e-05,-0.0065590312815337,2.596454389306104e-06,-0.0040363269424824,8.583047471085941e-07,-0.003531786074672,5.640135069437349e-06,-0.0030272452068617,2.030220844122252e-06,-0.0025227043390515,1.01015866390473e-05,-0.0020181634712411,1.68359777317455e-06,1,1,0,0,0
412,29,13:30:39,6,-0.0045408678102926,333557.0,-0.0042885973763875,-0.0045408678102926,2.698708195235676e-06,-0.0050454086781029,2.2778087519420384e-06,-0.0055499495459131,3.17737815035393e-06,-0.0060544904137235,1.272601846193704e-05,-0.0065590312815337,2.596454389306104e-06,-0.0040363269424824,9.078223286725516e-08,-0.003531786074672,5.615376278655371e-06,-0.0030272452068617,3.119607638529313e-06,-0.0025227043390515,1.01015866390473e-05,-0.0020181634712411,1.68359777317455e-06,1,1,0,0,0
413,29,13:30:42,6,-0.0040363269424824,159927.0,-0.0042885973763875,-0.0045408678102926,3.086595917486675e-06,-0.0050454086781029,2.2778087519420384e-06,-0.0055499495459131,3.17737815035393e-06,-0.0060544904137235,1.2981859300017486e-05,-0.0065590312815337,2.596454389306104e-06,-0.0040363269424824,1.386492283790806e-06,-0.003531786074672,5.483329394484817e-06,-0.0030272452068617,3.119607638529313e-06,-0.0025227043390515,9.515628590540472e-06,-0.0020181634712411,1.68359777317455e-06,1,1,0,0,0
414,29,13:30:45,6,-0.0040363269424824,499445.0,-0.0042885973763875,-0.0045408678102926,2.99581368461942e-06,-0.0050454086781029,2.2778087519420384e-06,-0.0055499495459131,3.17737815035393e-06,-0.0060544904137235,1.2981859300017486e-05,-0.0065590312815337,2.596454389306104e-06,-0.0040363269424824,3.136113499050633e-07,-0.003531786074672,5.277006137968328e-06,-0.0030272452068617,3.119607638529313e-06,-0.0025227043390515,9.515628590540472e-06,-0.0020181634712411,1.68359777317455e-06,1,0,0,0,0
415,29,13:30:48,6,-0.0045408678102926,120396.0,-0.0042885973763875,-0.0045408678102926,4.365800107888907e-06,-0.0050454086781029,2.2778087519420384e-06,-0.0055499495459131,3.18563108061459e-06,-0.0060544904137235,1.2981859300017486e-05,-0.0065590312815337,2.596454389306104e-06,-0.0040363269424824,7.427637234593603e-08,-0.003531786074672,5.392547161617562e-06,-0.0030272452068617,1.460768656136742e-06,-0.0025227043390515,9.515628590540472e-06,-0.0020181634712411,1.68359777317455e-06,1,0,0,0,0
416,29,13:30:51,6,-0.0045408678102926,63145.0,-0.0042885973763875,-0.0045408678102926,4.440076480234843e-06,-0.0050454086781029,2.2778087519420384e-06,-0.0055499495459131,3.202136941135909e-06,-0.0060544904137235,1.2973606369756826e-05,-0.0065590312815337,2.596454389306104e-06,-0.0040363269424824,1.5102862377006992e-06,-0.003531786074672,5.037671160409201e-06,-0.0030272452068617,1.477274516658061e-06,-0.0025227043390515,9.515628590540472e-06,-0.0020181634712411,1.68359777317455e-06,1,0,0,0,0
417,29,13:30:54,6,-0.0045408678102926,250590.0,-0.0042885973763875,-0.0045408678102926,3.5900246633869083e-06,-0.0050454086781029,2.2778087519420384e-06,-0.0055499495459131,3.144366429311292e-06,-0.0060544904137235,1.2932341718453527e-05,-0.0065590312815337,2.596454389306104e-06,-0.0040363269424824,2.1292560072501664e-06,-0.003531786074672,5.087188741973159e-06,-0.0030272452068617,1.5598038192646566e-06,-0.0025227043390515,9.515628590540472e-06,-0.0020181634712411,1.68359777317455e-06,1,0,0,0,0
418,29,13:30:57,6,-0.0045408678102926,315726.0,-0.0042885973763875,-0.0045408678102926,2.822502149145569e-06,-0.0050454086781029,2.2778087519420384e-06,-0.0055499495459131,2.979307824098101e-06,-0.0060544904137235,1.2189577994994168e-05,-0.0065590312815337,2.596454389306104e-06,-0.0040363269424824,2.508890799240506e-06,-0.003531786074672,5.334776649792945e-06,-0.0030272452068617,1.5598038192646566e-06,-0.0025227043390515,9.515628590540472e-06,-0.0020181634712411,1.68359777317455e-06,1,0,0,0,0
419,29,13:31:00,6,-0.0045408678102926,730015.0,-0.0042885973763875,-0.0045408678102926,9.90351631279147e-08,-0.0050454086781029,2.2778087519420384e-06,-0.0055499495459131,2.979307824098101e-06,-0.0060544904137235,1.2189577994994168e-05,-0.0065590312815337,2.596454389306104e-06,-0.0040363269424824,3.053584196444037e-06,-0.003531786074672,5.334776649792945e-06,-0.0030272452068617,1.477274516658061e-06,-0.0025227043390515,9.515628590540472e-06,-0.0020181634712411,1.68359777317455e-06,0,0,0,0,0
420,29,13:31:03,6,-0.0045408678102926,230864.0,-0.0042885973763875,-0.0045408678102926,8.252930260659559e-09,-0.0050454086781029,2.2860616822026977e-06,-0.0055499495459131,2.979307824098101e-06,-0.0060544904137235,1.2272107297600764e-05,-0.0065590312815337,2.513925086699508e-06,-0.0040363269424824,2.8720197307095265e-06,-0.003531786074672,5.466823533963499e-06,-0.0030272452068617,1.477274516658061e-06,-0.0025227043390515,9.259787752460025e-06,-0.0020181634712411,1.7248624244778478e-06,0,0,0,0,0
421,29,13:31:06,6,-0.0045408678102926,467803.0,-0.0042885973763875,-0.0045408678102926,2.3108204729846767e-07,-0.0050454086781029,2.5336495900224848e-06,-0.0055499495459131,2.979307824098101e-06,-0.0060544904137235,1.2272107297600764e-05,-0.0065590312815337,2.513925086699508e-06,-0.0040363269424824,1.6918507034352096e-06,-0.003531786074672,5.466823533963499e-06,-0.0030272452068617,1.477274516658061e-06,-0.0025227043390515,9.259787752460025e-06,-0.0020181634712411,1.7248624244778478e-06,0,0,0,1,0
422,29,13:31:09,6,-0.0045408678102926,276222.0,-0.0042885973763875,-0.0045408678102926,1.0728809338857429e-06,-0.0050454086781029,2.5336495900224848e-06,-0.0055499495459131,2.979307824098101e-06,-0.0060544904137235,1.2272107297600764e-05,-0.0065590312815337,2.513925086699508e-06,-0.0040363269424824,1.8404034481270816e-06,-0.003531786074672,5.466823533963499e-06,-0.0030272452068617,1.477274516658061e-06,-0.0025227043390515,9.259787752460025e-06,-0.0020181634712411,1.7248624244778478e-06,0,0,0,1,0
423,29,13:31:12,6,-0.0045408678102926,82866.0,-0.0042885973763875,-0.0045408678102926,1.2049278180562955e-06,-0.0050454086781029,2.5749142413257824e-06,-0.0055499495459131,3.0618371267046965e-06,-0.0060544904137235,1.2230842646297468e-05,-0.0065590312815337,2.513925086699508e-06,-0.0040363269424824,1.8569093086484008e-06,-0.003531786074672,5.4750764642241584e-06,-0.0030272452068617,1.5598038192646566e-06,-0.0025227043390515,9.259787752460025e-06,-0.0020181634712411,1.7248624244778478e-06,0,0,0,1,0
424,29,13:31:15,6,-0.0045408678102926,353147.0,-0.0047931382441976,-0.0050454086781029,2.508890799240506e-06,-0.0055499495459131,3.119607638529313e-06,-0.0060544904137235,1.2313371948904062e-05,-0.0065590312815337,2.513925086699508e-06,-0.0070635721493441,3.424966058173717e-06,-0.0045408678102926,1.089386794407062e-06,-0.0040363269424824,1.8651622389090603e-06,-0.003531786074672,5.4750764642241584e-06,-0.0030272452068617,2.376843915069953e-06,-0.0025227043390515,6.7343910926982005e-06,0,0,1,1,0
425,29,13:31:18,6,-0.0050454086781029,132157.0,-0.0047931382441976,-0.0050454086781029,2.2365441006387403e-06,-0.0055499495459131,3.119607638529313e-06,-0.0060544904137235,1.23463836699467e-05,-0.0065590312815337,2.596454389306104e-06,-0.0070635721493441,3.424966058173717e-06,-0.0045408678102926,9.903516312791472e-07,-0.0040363269424824,1.7166094942171885e-06,-0.003531786074672,5.4750764642241584e-06,-0.0030272452068617,2.4098556361125914e-06,-0.0025227043390515,6.7343910926982005e-06,0,0,1,1,0
426,29,13:31:21,6,-0.0050454086781029,98622.0,-0.0047931382441976,-0.0050454086781029,4.803205411703864e-06,-0.0055499495459131,3.3011721042638235e-06,-0.0060544904137235,1.23463836699467e-05,-0.0065590312815337,2.7367542037373165e-06,-0.0070635721493441,3.424966058173717e-06,-0.0045408678102926,9.573399102365088e-07,-0.0040363269424824,2.0714854954255493e-06,-0.003531786074672,5.4750764642241584e-06,-0.0030272452068617,2.4098556361125914e-06,-0.0025227043390515,6.7343910926982005e-06,0,0,1,1,0
427,29,13:31:24,6,-0.0045408678102926,268208.0,-0.0047931382441976,-0.0050454086781029,3.854118431728014e-06,-0.0055499495459131,3.3011721042638235e-06,-0.0060544904137235,1.233813073968604e-05,-0.0065590312815337,2.6789836919126995e-06,-0.0070635721493441,3.424966058173717e-06,-0.0045408678102926,1.0068574918004662e-06,-0.0040363269424824,2.2695558216813787e-06,-0.003531786074672,5.425558882660201e-06,-0.0030272452068617,1.7331153547385077e-06,-0.0025227043390515,6.7343910926982005e-06,0,0,1,1,0
428,29,13:31:27,6,-0.0050454086781029,996524.0,-0.005297679112008,-0.0055499495459131,3.1910780145866253e-06,-0.0060544904137235,1.233813073968604e-05,-0.0065590312815337,2.6789836919126995e-06,-0.0070635721493441,3.424966058173717e-06,-0.0075681130171543,1.625827261349933e-06,-0.0050454086781029,2.99581368461942e-06,-0.0045408678102926,1.2296866088382744e-06,-0.0040363269424824,2.327326333505996e-06,-0.003531786074672,5.425558882660201e-06,-0.0030272452068617,1.7331153547385077e-06,1,0,1,1,1
429,29,13:31:30,6,-0.0050454086781029,39435.0,-0.005297679112008,-0.0055499495459131,3.3396307592784973e-06,-0.0060544904137235,1.2173072134472849e-05,-0.0065590312815337,2.6789836919126995e-06,-0.0070635721493441,3.4414719186950363e-06,-0.0075681130171543,1.68359777317455e-06,-0.0050454086781029,3.763336198860759e-06,-0.0045408678102926,2.112750146728847e-06,-0.0040363269424824,2.327326333505996e-06,-0.003531786074672,5.425558882660201e-06,-0.0030272452068617,1.7331153547385077e-06,1,0,1,1,1
430,29,13:31:33,6,-0.0055499495459131,124211.0,-0.005297679112008,-0.0055499495459131,3.10029578171937e-06,-0.0060544904137235,1.2024519389780978e-05,-0.0065590312815337,2.6789836919126995e-06,-0.0070635721493441,3.358942616088441e-06,-0.0075681130171543,1.68359777317455e-06,-0.0050454086781029,4.035682897462524e-06,-0.0045408678102926,2.187026519074783e-06,-0.0040363269424824,2.3685909848092934e-06,-0.003531786074672,5.425558882660201e-06,-0.0030272452068617,1.7331153547385077e-06,1,1,1,1,1
431,29,13:31:36,6,-0.0055499495459131,264117.0,-0.005297679112008,-0.0055499495459131,2.019161917572968e-06,-0.0060544904137235,1.198325473847768e-05,-0.0065590312815337,2.6789836919126995e-06,-0.0070635721493441,3.358942616088441e-06,-0.0075681130171543,1.68359777317455e-06,-0.0050454086781029,4.175982711893737e-06,-0.0045408678102926,2.187026519074783e-06,-0.0040363269424824,2.104497216468188e-06,-0.003531786074672,5.466823533963499e-06,-0.0030272452068617,1.7331153547385077e-06,1,0,1,1,1
432,29,13:31:39,6,-0.0055499495459131,13802.0,-0.005297679112008,-0.0055499495459131,3.075536990937391e-06,-0.0060544904137235,1.1925484226653065e-05,-0.0065590312815337,2.6789836919126995e-06,-0.0070635721493441,3.358942616088441e-06,-0.0075681130171543,1.68359777317455e-06,-0.0050454086781029,3.969659455377248e-06,-0.0045408678102926,2.187026519074783e-06,-0.0040363269424824,2.1292560072501664e-06,-0.003531786074672,5.466823533963499e-06,-0.0030272452068617,1.7331153547385077e-06,1,0,1,1,1
433,29,13:31:42,6,-0.0055499495459131,287766.0,-0.005297679112008,-0.0055499495459131,2.291508616174733e-06,-0.0060544904137235,1.1925484226653065e-05,-0.0065590312815337,2.6789836919126995e-06,-0.0070635721493441,3.358942616088441e-06,-0.0075681130171543,1.68359777317455e-06,-0.0050454086781029,4.068694618505162e-06,-0.0045408678102926,2.187026519074783e-06,-0.0040363269424824,2.096244286207528e-06,-0.003531786074672,5.508088185266796e-06,-0.0030272452068617,1.7331153547385077e-06,0,1,1,1,1
434,29,13:31:45,6,-0.0050454086781029,157295.0,-0.005297679112008,-0.0055499495459131,2.037483422751632e-06,-0.0060544904137235,1.176042562143987e-05,-0.0065590312815337,2.6789836919126995e-06,-0.0070635721493441,3.358942616088441e-06,-0.0075681130171543,1.68359777317455e-06,-0.0050454086781029,3.7880949896427376e-06,-0.0045408678102926,2.187026519074783e-06,-0.0040363269424824,2.096244286207528e-06,-0.003531786074672,5.508088185266796e-06,-0.0030272452068617,1.7331153547385077e-06,0,1,1,1,1
435,29,13:31:48,6,-0.0055499495459131,47319.0,-0.005297679112008,-0.0055499495459131,1.963207050405696e-06,-0.0060544904137235,1.176042562143987e-05,-0.0065590312815337,2.6789836919126995e-06,-0.0070635721493441,3.358942616088441e-06,-0.0075681130171543,1.7248624244778478e-06,-0.0050454086781029,3.664301035732844e-06,-0.0045408678102926,2.187026519074783e-06,-0.0040363269424824,1.741368284999167e-06,-0.003531786074672,5.508088185266796e-06,-0.0030272452068617,1.7331153547385077e-06,1,1,1,1,1
436,29,13:31:51,6,-0.0055499495459131,1231991.0,-0.005297679112008,-0.0055499495459131,1.253455047988974e-06,-0.0060544904137235,1.1521090643880745e-05,-0.0065590312815337,2.6789836919126995e-06,-0.0070635721493441,3.358942616088441e-06,-0.0075681130171543,1.7248624244778478e-06,-0.0050454086781029,2.550155450543804e-06,-0.0045408678102926,2.4428673571552294e-06,-0.0040363269424824,1.741368284999167e-06,-0.003531786074672,5.425558882660201e-06,-0.0030272452068617,1.7331153547385077e-06,0,1,1,1,1
437,29,13:31:54,6,-0.0055499495459131,1081748.0,-0.005297679112008,-0.0055499495459131,3.301172104263824e-07,-0.0060544904137235,8.738862794407193e-06,-0.0065590312815337,2.6789836919126995e-06,-0.0070635721493441,3.358942616088441e-06,-0.0075681130171543,1.7248624244778478e-06,-0.0050454086781029,2.4181085663732507e-06,-0.0045408678102926,2.4428673571552294e-06,-0.0040363269424824,1.741368284999167e-06,-0.003531786074672,5.425558882660201e-06,-0.0030272452068617,1.7331153547385077e-06,0,1,1,1,1
438,29,13:31:57,6,-0.0060544904137235,577263.0,-0.0058022199798184,-0.0060544904137235,6.725147810806262e-06,-0.0065590312815337,2.6789836919126995e-06,-0.0070635721493441,3.400207267391738e-06,-0.0075681130171543,1.7248624244778478e-06,-0.0080726538849646,5.851327554807627e-06,-0.0055499495459131,1.402998144312125e-07,-0.0050454086781029,2.451120287415889e-06,-0.0045408678102926,2.43461442689457e-06,-0.0040363269424824,1.741368284999167e-06,-0.003531786074672,5.425558882660201e-06,2,2,1,1,1
439,29,13:32:00,6,-0.0055499495459131,98110.0,-0.0058022199798184,-0.0060544904137235,6.693951734420968e-06,-0.0065590312815337,2.6789836919126995e-06,-0.0070635721493441,3.400207267391738e-06,-0.0075681130171543,1.8073917270844437e-06,-0.0080726538849646,5.859580485068287e-06,-0.0055499495459131,2.558408380804464e-07,-0.0050454086781029,2.5171437295011654e-06,-0.0045408678102926,2.550155450543804e-06,-0.0040363269424824,1.741368284999167e-06,-0.003531786074672,5.425558882660201e-06,2,2,1,1,1
440,29,13:32:03,6,-0.0050454086781029,112336.0,-0.005297679112008,-0.0055499495459131,1.6918507034352096e-06,-0.0060544904137235,6.710457594942287e-06,-0.0065590312815337,2.6789836919126995e-06,-0.0070635721493441,3.400207267391738e-06,-0.0075681130171543,1.8073917270844437e-06,-0.0050454086781029,2.475879078197868e-06,-0.0045408678102926,2.7399728465389734e-06,-0.0040363269424824,1.741368284999167e-06,-0.003531786074672,5.425558882660201e-06,-0.0030272452068617,1.7331153547385077e-06,1,1,1,1,1
441,29,13:32:06,6,-0.0055499495459131,638497.0,-0.0058022199798184,-0.0060544904137235,1.2223415009062871e-05,-0.0065590312815337,2.5386838774814868e-06,-0.0070635721493441,3.400207267391738e-06,-0.0075681130171543,1.815644657345103e-06,-0.0080726538849646,5.851327554807627e-06,-0.0055499495459131,2.3108204729846767e-07,-0.0050454086781029,2.5006378689798464e-06,-0.0045408678102926,2.657443543932378e-06,-0.0040363269424824,1.741368284999167e-06,-0.003531786074672,5.425558882660201e-06,2,2,2,1,1
442,29,13:32:09,6,-0.0060544904137235,1089433.0,-0.0058022199798184,-0.0060544904137235,7.95665006430188e-06,-0.0065590312815337,2.5386838774814868e-06,-0.0070635721493441,3.4414719186950363e-06,-0.0075681130171543,1.906426890212358e-06,-0.0080726538849646,5.851327554807627e-06,-0.0055499495459131,1.815644657345103e-07,-0.0050454086781029,2.4923849387191867e-06,-0.0045408678102926,2.657443543932378e-06,-0.0040363269424824,1.741368284999167e-06,-0.003531786074672,5.425558882660201e-06,2,2,2,1,1
443,29,13:32:12,6,-0.0050454086781029,289657.0,-0.005297679112008,-0.0055499495459131,8.252930260659559e-09,-0.0060544904137235,7.22213927110318e-06,-0.0065590312815337,2.5386838774814868e-06,-0.0070635721493441,3.482736569998334e-06,-0.0075681130171543,1.906426890212358e-06,-0.0050454086781029,2.4098556361125914e-06,-0.0045408678102926,2.657443543932378e-06,-0.0040363269424824,1.741368284999167e-06,-0.003531786074672,5.425558882660201e-06,-0.0030272452068617,1.7331153547385077e-06,1,1,1,1,1
444,29,13:32:15,6,-0.0055499495459131,1030560.0,-0.005297679112008,-0.0055499495459131,4.704170248575949e-07,-0.0060544904137235,4.762766053426632e-06,-0.0065590312815337,2.5386838774814868e-06,-0.0070635721493441,3.466230709477015e-06,-0.0075681130171543,1.906426890212358e-06,-0.0050454086781029,2.1292560072501664e-06,-0.0045408678102926,2.3520851242879744e-06,-0.0040363269424824,1.5432979587433376e-06,-0.003531786074672,5.425558882660201e-06,-0.0030272452068617,1.7331153547385077e-06,1,0,1,1,1
445,29,13:32:18,6,-0.0055499495459131,98550.0,-0.005297679112008,-0.0055499495459131,2.7234669860176546e-07,-0.0060544904137235,5.084630333592354e-06,-0.0065590312815337,2.6212131800880825e-06,-0.0070635721493441,3.482736569998334e-06,-0.0075681130171543,1.906426890212358e-06,-0.0050454086781029,2.1622677282928043e-06,-0.0045408678102926,2.3520851242879744e-06,-0.0040363269424824,1.5432979587433376e-06,-0.003531786074672,5.425558882660201e-06,-0.0030272452068617,1.7331153547385077e-06,1,1,1,1,1
446,29,13:32:21,6,-0.0055499495459131,147793.0,-0.005297679112008,-0.0055499495459131,1.700103633695869e-06,-0.0060544904137235,4.919571728379164e-06,-0.0065590312815337,2.571695598524125e-06,-0.0070635721493441,3.474483639737674e-06,-0.0075681130171543,1.906426890212358e-06,-0.0050454086781029,2.2035323795961024e-06,-0.0045408678102926,2.3520851242879744e-06,-0.0040363269424824,1.5432979587433376e-06,-0.003531786074672,5.499835255006137e-06,-0.0030272452068617,1.7331153547385077e-06,1,1,1,1,1
447,29,13:32:24,6,-0.0055499495459131,51248.0,-0.005297679112008,-0.0055499495459131,2.888525591230846e-06,-0.0060544904137235,5.051618612549716e-06,-0.0065590312815337,2.571695598524125e-06,-0.0070635721493441,3.474483639737674e-06,-0.0075681130171543,1.906426890212358e-06,-0.0050454086781029,2.187026519074783e-06,-0.0045408678102926,2.3520851242879744e-06,-0.0040363269424824,1.5432979587433376e-06,-0.003531786074672,5.499835255006137e-06,-0.0030272452068617,1.7331153547385077e-06,1,1,1,1,1
448,29,13:32:27,6,-0.0055499495459131,204984.0,-0.005297679112008,-0.0055499495459131,2.261302891420719e-06,-0.0060544904137235,5.051618612549716e-06,-0.0065590312815337,2.571695598524125e-06,-0.0070635721493441,3.474483639737674e-06,-0.0075681130171543,1.906426890212358e-06,-0.0050454086781029,2.187026519074783e-06,-0.0045408678102926,2.3520851242879744e-06,-0.0040363269424824,1.5432979587433376e-06,-0.003531786074672,5.499835255006137e-06,-0.0030272452068617,1.7331153547385077e-06,1,1,1,1,1
449,29,13:32:30,6,-0.0050454086781029,163646.0,-0.005297679112008,-0.0055499495459131,2.3438321940273147e-06,-0.0060544904137235,5.068124473071036e-06,-0.0065590312815337,2.571695598524125e-06,-0.0070635721493441,3.4909895002589936e-06,-0.0075681130171543,1.906426890212358e-06,-0.0050454086781029,2.2365441006387403e-06,-0.0045408678102926,2.3520851242879744e-06,-0.0040363269424824,1.5432979587433376e-06,-0.003531786074672,5.499835255006137e-06,-0.0030272452068617,1.7331153547385077e-06,0,1,1,1,1
450,29,13:32:33,6,-0.0050454086781029,171499.0,-0.005297679112008,-0.0055499495459131,4.8609759235284805e-06,-0.0060544904137235,5.084630333592354e-06,-0.0065590312815337,2.588201459045444e-06,-0.0070635721493441,3.4909895002589936e-06,-0.0075681130171543,1.5102862377006992e-06,-0.0050454086781029,2.0549796349042304e-06,-0.0045408678102926,2.3520851242879744e-06,-0.0040363269424824,1.5432979587433376e-06,-0.003531786074672,5.499835255006137e-06,-0.0030272452068617,1.7331153547385077e-06,1,1,1,1,1
451,29,13:32:36,6,-0.0050454086781029,165593.0,-0.005297679112008,-0.0055499495459131,4.753687830139906e-06,-0.0060544904137235,5.002101030985759e-06,-0.0065590312815337,2.588201459045444e-06,-0.0070635721493441,3.507495360780313e-06,-0.0075681130171543,1.5102862377006992e-06,-0.0050454086781029,2.005462053340273e-06,-0.0045408678102926,2.2860616822026977e-06,-0.0040363269424824,1.5432979587433376e-06,-0.003531786074672,5.499835255006137e-06,-0.0030272452068617,1.7331153547385077e-06,1,2,1,1,1
452,29,13:32:39,6,-0.0055499495459131,1206306.0,-0.005297679112008,-0.0055499495459131,1.0068574918004662e-06,-0.0060544904137235,5.018606891507078e-06,-0.0065590312815337,2.588201459045444e-06,-0.0070635721493441,4.332788386846268e-06,-0.0075681130171543,1.5102862377006992e-06,-0.0050454086781029,1.5598038192646566e-06,-0.0045408678102926,2.2035323795961024e-06,-0.0040363269424824,1.5432979587433376e-06,-0.003531786074672,5.499835255006137e-06,-0.0030272452068617,1.7331153547385077e-06,1,2,1,1,1
453,29,13:32:42,6,-0.0055499495459131,447510.0,-0.005297679112008,-0.0055499495459131,9.078223286725516e-08,-0.0060544904137235,5.026859821767737e-06,-0.0065590312815337,2.588201459045444e-06,-0.0070635721493441,4.4153176894528645e-06,-0.0075681130171543,1.5102862377006992e-06,-0.0050454086781029,7.922813050233176e-07,-0.0045408678102926,2.2035323795961024e-06,-0.0040363269424824,1.5432979587433376e-06,-0.003531786074672,5.499835255006137e-06,-0.0030272452068617,1.7331153547385077e-06,1,2,1,1,1
454,29,13:32:45,6,-0.0060544904137235,154632.0,-0.0058022199798184,-0.0060544904137235,5.353263213576823e-06,-0.0065590312815337,2.6047073195667635e-06,-0.0070635721493441,4.4153176894528645e-06,-0.0075681130171543,1.5102862377006992e-06,-0.0080726538849646,6.453791463835775e-06,-0.0055499495459131,1.6505860521319117e-07,-0.0050454086781029,6.272226998101265e-07,-0.0045408678102926,2.228291170378081e-06,-0.0040363269424824,1.5432979587433376e-06,-0.003531786074672,5.499835255006137e-06,2,2,1,1,1
455,29,13:32:48,6,-0.0060544904137235,189243.0,-0.0055499495459131,-0.0060544904137235,6.9460787538841175e-06,-0.0065590312815337,2.6047073195667635e-06,-0.0070635721493441,4.4153176894528645e-06,-0.0075681130171543,1.5102862377006992e-06,-0.0080726538849646,6.453791463835775e-06,-0.0050454086781029,4.374053038149566e-07,-0.0045408678102926,2.228291170378081e-06,-0.0040363269424824,1.5432979587433376e-06,-0.003531786074672,5.409053022138882e-06,-0.0030272452068617,1.7331153547385077e-06,1,1,1,1,1
456,29,13:32:51,6,-0.0050454086781029,139997.0,-0.005297679112008,-0.0055499495459131,2.0632325651648897e-07,-0.0060544904137235,8.877264434878455e-06,-0.0065590312815337,2.6047073195667635e-06,-0.0070635721493441,4.4153176894528645e-06,-0.0075681130171543,1.5102862377006992e-06,-0.0050454086781029,3.38370140687042e-07,-0.0045408678102926,2.228291170378081e-06,-0.0040363269424824,1.5432979587433376e-06,-0.003531786074672,5.43381181292086e-06,-0.0030272452068617,1.7331153547385077e-06,2,1,1,1,1
457,29,13:32:54,6,-0.0050454086781029,84781.0,-0.005297679112008,-0.0055499495459131,1.1801690272743168e-06,-0.0060544904137235,8.481123782366795e-06,-0.0065590312815337,2.6047073195667635e-06,-0.0070635721493441,4.431823549974183e-06,-0.0075681130171543,1.5102862377006992e-06,-0.0050454086781029,1.237939539098934e-07,-0.0045408678102926,2.228291170378081e-06,-0.0040363269424824,1.5432979587433376e-06,-0.003531786074672,5.43381181292086e-06,-0.0030272452068617,1.7331153547385077e-06,2,1,1,1,1
458,29,13:32:57,6,-0.0055499495459131,583432.0,-0.005297679112008,-0.0055499495459131,5.323140018125416e-06,-0.0060544904137235,6.384879496159267e-06,-0.0065590312815337,2.6047073195667635e-06,-0.0070635721493441,4.431823549974183e-06,-0.0075681130171543,1.5102862377006992e-06,-0.0050454086781029,7.014990721560625e-07,-0.0045408678102926,2.2447970308994e-06,-0.0040363269424824,1.5432979587433376e-06,-0.003531786074672,5.43381181292086e-06,-0.0030272452068617,1.7331153547385077e-06,2,1,1,1,1
459,29,13:33:00,6,-0.0055499495459131,224781.0,-0.005297679112008,-0.0055499495459131,8.145642167270984e-06,-0.0060544904137235,6.467408798765864e-06,-0.0065590312815337,2.6047073195667635e-06,-0.0070635721493441,4.431823549974183e-06,-0.0075681130171543,1.5102862377006992e-06,-0.0050454086781029,2.475879078197868e-07,-0.0045408678102926,2.393349775591272e-06,-0.0040363269424824,1.5432979587433376e-06,-0.003531786074672,5.582364557612732e-06,-0.0030272452068617,1.7331153547385077e-06,1,1,1,1,1
460,29,13:33:03,6,-0.0055499495459131,510541.0,-0.005297679112008,-0.0055499495459131,6.445538533575115e-06,-0.0060544904137235,6.698490846064331e-06,-0.0065590312815337,2.6129602498274228e-06,-0.0070635721493441,4.423570619713523e-06,-0.0075681130171543,1.5102862377006992e-06,-0.0050454086781029,1.485527446918721e-07,-0.0045408678102926,2.467626147937208e-06,-0.0040363269424824,1.5432979587433376e-06,-0.003531786074672,5.582364557612732e-06,-0.0030272452068617,1.7331153547385077e-06,1,1,1,1,1
461,29,13:33:06,6,-0.0050454086781029,59160.0,-0.0047931382441976,-0.0050454086781029,1.485527446918721e-07,-0.0055499495459131,6.899449697911391e-06,-0.0060544904137235,8.349076898196243e-06,-0.0065590312815337,2.6129602498274228e-06,-0.0070635721493441,4.423570619713523e-06,-0.0045408678102926,2.4428673571552294e-06,-0.0040363269424824,1.5432979587433376e-06,-0.003531786074672,5.582364557612732e-06,-0.0030272452068617,1.7331153547385077e-06,-0.0025227043390515,6.404273882271818e-06,0,0,0,0,0
462,29,13:33:09,6,-0.0050454086781029,86768.0,-0.0047931382441976,-0.0050454086781029,2.302567542724017e-06,-0.0055499495459131,4.580376294666055e-06,-0.0060544904137235,8.340823967935584e-06,-0.0065590312815337,2.637719040609401e-06,-0.0070635721493441,4.836217132746501e-06,-0.0045408678102926,2.5336495900224848e-06,-0.0040363269424824,1.5432979587433376e-06,-0.003531786074672,5.582364557612732e-06,-0.0030272452068617,1.7331153547385077e-06,-0.0025227043390515,6.404273882271818e-06,0,0,0,0,0
463,29,13:33:12,6,-0.0050454086781029,191322.0,-0.0047931382441976,-0.0050454086781029,1.8569093086484008e-06,-0.0055499495459131,5.05904624978431e-06,-0.0060544904137235,8.349076898196243e-06,-0.0065590312815337,2.637719040609401e-06,-0.0070635721493441,4.836217132746501e-06,-0.0045408678102926,2.2200382401174214e-06,-0.0040363269424824,1.5432979587433376e-06,-0.003531786074672,5.582364557612732e-06,-0.0030272452068617,1.7331153547385077e-06,-0.0025227043390515,6.404273882271818e-06,0,0,0,0,0
464,29,13:33:15,6,-0.0050454086781029,534412.0,-0.005297679112008,-0.0055499495459131,5.133322622130245e-06,-0.0060544904137235,8.373835688978222e-06,-0.0065590312815337,2.637719040609401e-06,-0.0070635721493441,4.836217132746501e-06,-0.0075681130171543,1.5102862377006992e-06,-0.0050454086781029,1.815644657345103e-07,-0.0045408678102926,2.80599628862425e-06,-0.0040363269424824,1.5432979587433376e-06,-0.003531786074672,5.582364557612732e-06,-0.0030272452068617,1.7331153547385077e-06,1,1,1,1,0
465,29,13:33:18,6,-0.0055499495459131,289867.0,-0.005297679112008,-0.0055499495459131,4.770193690661225e-06,-0.0060544904137235,8.415100340281519e-06,-0.0065590312815337,2.637719040609401e-06,-0.0070635721493441,4.9187464353530976e-06,-0.0075681130171543,1.5102862377006992e-06,-0.0050454086781029,1.2371142460728678e-05,-0.0045408678102926,2.4181085663732507e-06,-0.0040363269424824,1.5432979587433376e-06,-0.003531786074672,5.582364557612732e-06,-0.0030272452068617,1.7331153547385077e-06,1,1,1,1,0
466,29,13:33:21,6,-0.0055499495459131,408184.0,-0.005297679112008,-0.0055499495459131,8.021848213361092e-06,-0.0060544904137235,8.415100340281519e-06,-0.0065590312815337,2.637719040609401e-06,-0.0070635721493441,4.9187464353530976e-06,-0.0075681130171543,1.5102862377006992e-06,-0.0050454086781029,1.124874394527898e-05,-0.0045408678102926,2.4181085663732507e-06,-0.0040363269424824,1.5432979587433376e-06,-0.003531786074672,5.582364557612732e-06,-0.0030272452068617,1.757874145520486e-06,1,1,1,1,0
467,29,13:33:24,6,-0.0055499495459131,711801.0,-0.005297679112008,-0.0055499495459131,7.419384304332943e-06,-0.0060544904137235,8.505882573148774e-06,-0.0065590312815337,2.629466110348742e-06,-0.0070635721493441,5.001275737959693e-06,-0.0075681130171543,1.5102862377006992e-06,-0.0050454086781029,9.259787752460025e-06,-0.0045408678102926,2.541902520283144e-06,-0.0040363269424824,1.667091912653231e-06,-0.003531786074672,5.582364557612732e-06,-0.0030272452068617,1.7661270757811456e-06,1,1,1,1,1
468,29,13:33:27,6,-0.0055499495459131,114368.0,-0.005297679112008,-0.0055499495459131,7.353360862247667e-06,-0.0060544904137235,8.505882573148774e-06,-0.0065590312815337,2.629466110348742e-06,-0.0070635721493441,5.001275737959693e-06,-0.0075681130171543,1.5102862377006992e-06,-0.0050454086781029,9.507375660279812e-06,-0.0045408678102926,1.9559444717763157e-06,-0.0040363269424824,1.667091912653231e-06,-0.003531786074672,5.582364557612732e-06,-0.0030272452068617,1.7661270757811456e-06,1,0,1,1,0
469,29,13:33:30,6,-0.0050454086781029,207034.0,-0.005297679112008,-0.0055499495459131,7.246072768859092e-06,-0.0060544904137235,8.670941178361966e-06,-0.0065590312815337,2.629466110348742e-06,-0.0070635721493441,5.001275737959693e-06,-0.0075681130171543,1.5102862377006992e-06,-0.0050454086781029,9.111235007768154e-06,-0.0045408678102926,1.9559444717763157e-06,-0.0040363269424824,1.667091912653231e-06,-0.003531786074672,5.582364557612732e-06,-0.0030272452068617,1.7661270757811456e-06,1,0,1,1,1
470,29,13:33:33,6,-0.0055499495459131,151817.0,-0.005297679112008,-0.0055499495459131,7.0314965820819445e-06,-0.0060544904137235,8.712205829665263e-06,-0.0065590312815337,2.629466110348742e-06,-0.0070635721493441,5.215851924736842e-06,-0.0075681130171543,1.5102862377006992e-06,-0.0050454086781029,8.82238244864507e-06,-0.0045408678102926,1.9559444717763157e-06,-0.0040363269424824,1.667091912653231e-06,-0.003531786074672,5.582364557612732e-06,-0.0030272452068617,1.7661270757811456e-06,1,0,1,1,1
471,29,13:33:36,6,-0.0055499495459131,57179.0,-0.005297679112008,-0.0055499495459131,6.998484861039306e-06,-0.0060544904137235,8.712205829665263e-06,-0.0065590312815337,2.629466110348742e-06,-0.0070635721493441,5.215851924736842e-06,-0.0075681130171543,1.5102862377006992e-06,-0.0050454086781029,8.748106076299132e-06,-0.0045408678102926,1.9559444717763157e-06,-0.0040363269424824,1.667091912653231e-06,-0.003531786074672,5.582364557612732e-06,-0.0030272452068617,1.7661270757811456e-06,1,0,1,1,1
472,29,13:33:39,6,-0.0050454086781029,551883.0,-0.005297679112008,-0.0055499495459131,5.24886364577948e-06,-0.0060544904137235,8.96804666774571e-06,-0.0065590312815337,2.629466110348742e-06,-0.0070635721493441,5.215851924736842e-06,-0.0075681130171543,1.5102862377006992e-06,-0.0050454086781029,8.748106076299132e-06,-0.0045408678102926,1.9559444717763157e-06,-0.0040363269424824,1.667091912653231e-06,-0.003531786074672,5.582364557612732e-06,-0.0030272452068617,1.7661270757811456e-06,1,0,1,1,1
473,29,13:33:42,6,-0.0055499495459131,74910.0,-0.005297679112008,-0.0055499495459131,5.042540389262991e-06,-0.0060544904137235,9.009311319049007e-06,-0.0065590312815337,2.629466110348742e-06,-0.0070635721493441,5.339645878646735e-06,-0.0075681130171543,1.5102862377006992e-06,-0.0050454086781029,9.466111008976514e-06,-0.0045408678102926,1.9972091230796133e-06,-0.0040363269424824,1.667091912653231e-06,-0.003531786074672,5.582364557612732e-06,-0.0030272452068617,1.7661270757811456e-06,0,0,1,1,1
474,29,13:33:45,6,-0.0055499495459131,92648.0,-0.005297679112008,-0.0055499495459131,4.852722993267821e-06,-0.0060544904137235,9.025817179570328e-06,-0.0065590312815337,2.629466110348742e-06,-0.0070635721493441,5.339645878646735e-06,-0.0075681130171543,1.592815540307295e-06,-0.0050454086781029,9.38358170636992e-06,-0.0045408678102926,1.9972091230796133e-06,-0.0040363269424824,1.667091912653231e-06,-0.003531786074672,5.582364557612732e-06,-0.0030272452068617,1.7661270757811456e-06,0,0,1,1,1
475,29,13:33:48,6,-0.0055499495459131,1398761.0,-0.005297679112008,-0.0055499495459131,4.2638764191697616e-06,-0.0060544904137235,9.025817179570328e-06,-0.0065590312815337,2.629466110348742e-06,-0.0070635721493441,5.339645878646735e-06,-0.0075681130171543,1.6340801916105926e-06,-0.0050454086781029,4.728929039357927e-06,-0.0045408678102926,1.9972091230796133e-06,-0.0040363269424824,1.667091912653231e-06,-0.003531786074672,5.582364557612732e-06,-0.0030272452068617,1.7661270757811456e-06,0,0,1,1,1
476,29,13:33:51,6,-0.0055499495459131,130094.0,-0.005297679112008,-0.0055499495459131,4.866340328197909e-06,-0.0060544904137235,9.025817179570328e-06,-0.0065590312815337,2.629466110348742e-06,-0.0070635721493441,5.339645878646735e-06,-0.0075681130171543,1.6340801916105926e-06,-0.0050454086781029,4.662905597272651e-06,-0.0045408678102926,1.9972091230796133e-06,-0.0040363269424824,1.667091912653231e-06,-0.003531786074672,5.80519367465054e-06,-0.0030272452068617,1.7661270757811456e-06,0,0,1,1,1
477,29,13:33:54,6,-0.0050454086781029,343076.0,-0.005297679112008,-0.0055499495459131,4.882846188719228e-06,-0.0060544904137235,9.067081830873623e-06,-0.0065590312815337,2.629466110348742e-06,-0.0070635721493441,5.339645878646735e-06,-0.0075681130171543,1.6340801916105926e-06,-0.0050454086781029,3.824903058605279e-06,-0.0045408678102926,1.9972091230796133e-06,-0.0040363269424824,1.667091912653231e-06,-0.003531786074672,5.80519367465054e-06,-0.0030272452068617,1.7661270757811456e-06,0,0,1,1,1
478,29,13:33:57,6,-0.0055499495459131,1304170.0,-0.0058022199798184,-0.0060544904137235,9.067081830873623e-06,-0.0065590312815337,2.629466110348742e-06,-0.0070635721493441,5.339645878646735e-06,-0.0075681130171543,1.6340801916105926e-06,-0.0080726538849646,5.909098066632244e-06,-0.0055499495459131,3.444360444286267e-06,-0.0050454086781029,3.3462331034870246e-06,-0.0045408678102926,1.9972091230796133e-06,-0.0040363269424824,1.667091912653231e-06,-0.003531786074672,5.80519367465054e-06,1,1,1,1,2
479,29,13:34:00,6,-0.0055499495459131,94596.0,-0.0058022199798184,-0.0060544904137235,9.034070109830986e-06,-0.0065590312815337,2.629466110348742e-06,-0.0070635721493441,5.339645878646735e-06,-0.0075681130171543,1.6340801916105926e-06,-0.0080726538849646,5.4304281115139895e-06,-0.0055499495459131,3.642430770542097e-06,-0.0050454086781029,3.651591523131428e-06,-0.0045408678102926,1.9972091230796133e-06,-0.0040363269424824,1.667091912653231e-06,-0.003531786074672,5.80519367465054e-06,1,1,1,1,2
480,29,13:34:03,6,-0.0060544904137235,216761.0,-0.0058022199798184,-0.0060544904137235,8.794735132271858e-06,-0.0065590312815337,2.629466110348742e-06,-0.0070635721493441,5.389163460210692e-06,-0.0075681130171543,1.6340801916105926e-06,-0.0080726538849646,5.4304281115139895e-06,-0.0055499495459131,3.271048908812416e-06,-0.0050454086781029,3.734120825738024e-06,-0.0045408678102926,1.9972091230796133e-06,-0.0040363269424824,1.667091912653231e-06,-0.003531786074672,5.80519367465054e-06,1,1,1,1,2
481,29,13:34:06,6,-0.0060544904137235,114014.0,-0.0058022199798184,-0.0060544904137235,8.886755304678213e-06,-0.0065590312815337,2.629466110348742e-06,-0.0070635721493441,5.554222065423883e-06,-0.0075681130171543,1.6340801916105926e-06,-0.0080726538849646,5.4304281115139895e-06,-0.0055499495459131,3.048219791774608e-06,-0.0050454086781029,3.734120825738024e-06,-0.0045408678102926,1.9972091230796133e-06,-0.0040363269424824,1.667091912653231e-06,-0.003531786074672,5.80519367465054e-06,1,2,1,1,2
482,29,13:34:09,6,-0.0060544904137235,206851.0,-0.0058022199798184,-0.0060544904137235,8.110979860176215e-06,-0.0065590312815337,2.629466110348742e-06,-0.0070635721493441,5.554222065423883e-06,-0.0075681130171543,1.6340801916105926e-06,-0.0080726538849646,5.4304281115139895e-06,-0.0055499495459131,3.0647256522959274e-06,-0.0050454086781029,3.8001442678233008e-06,-0.0045408678102926,1.9972091230796133e-06,-0.0040363269424824,1.667091912653231e-06,-0.003531786074672,6.630486700716497e-06,1,2,1,1,2
483,29,13:34:12,6,-0.0060544904137235,112296.0,-0.0058022199798184,-0.0060544904137235,7.698333347143237e-06,-0.0065590312815337,2.629466110348742e-06,-0.0070635721493441,5.554222065423883e-06,-0.0075681130171543,1.6340801916105926e-06,-0.0080726538849646,5.4304281115139895e-06,-0.0055499495459131,3.5846602587174795e-06,-0.0050454086781029,3.214186219316472e-06,-0.0045408678102926,1.9972091230796133e-06,-0.0040363269424824,1.667091912653231e-06,-0.003531786074672,6.671751352019794e-06,1,2,1,1,2
484,29,13:34:15,6,-0.0060544904137235,766659.0,-0.0058022199798184,-0.0060544904137235,7.310445624892237e-06,-0.0065590312815337,2.629466110348742e-06,-0.0070635721493441,5.570727925945203e-06,-0.0075681130171543,1.6340801916105926e-06,-0.0080726538849646,5.347898808907394e-06,-0.0055499495459131,9.602284358277395e-07,-0.0050454086781029,3.230692079837791e-06,-0.0045408678102926,1.9972091230796133e-06,-0.0040363269424824,1.667091912653231e-06,-0.003531786074672,6.688257212541113e-06,1,2,1,1,2
485,29,13:34:18,6,-0.0060544904137235,175336.0,-0.0058022199798184,-0.0060544904137235,6.641958273778813e-06,-0.0065590312815337,2.629466110348742e-06,-0.0070635721493441,5.537716204902564e-06,-0.0075681130171543,1.6340801916105926e-06,-0.0080726538849646,5.347898808907394e-06,-0.0055499495459131,1.0262518779130162e-06,-0.0050454086781029,3.230692079837791e-06,-0.0045408678102926,1.9972091230796133e-06,-0.0040363269424824,1.667091912653231e-06,-0.003531786074672,6.688257212541113e-06,1,2,1,1,2
486,29,13:34:21,6,-0.0060544904137235,49252.0,-0.0058022199798184,-0.0060544904137235,6.361358644916388e-06,-0.0065590312815337,2.629466110348742e-06,-0.0070635721493441,5.719280670637075e-06,-0.0075681130171543,1.7083565639565288e-06,-0.0080726538849646,5.3066341576040966e-06,-0.0055499495459131,1.199563413386867e-06,-0.0050454086781029,3.3874977547903227e-06,-0.0045408678102926,2.0137149836009323e-06,-0.0040363269424824,1.667091912653231e-06,-0.003531786074672,6.688257212541113e-06,2,1,1,1,2
487,29,13:34:24,6,-0.0060544904137235,338925.0,-0.0058022199798184,-0.0060544904137235,5.965217992404729e-06,-0.0065590312815337,2.654224901130721e-06,-0.0070635721493441,5.719280670637075e-06,-0.0075681130171543,1.7083565639565288e-06,-0.0080726538849646,5.3066341576040966e-06,-0.0055499495459131,9.107108542637824e-07,-0.0050454086781029,3.3874977547903227e-06,-0.0045408678102926,2.0137149836009323e-06,-0.0040363269424824,1.667091912653231e-06,-0.003531786074672,6.688257212541113e-06,2,1,1,1,2
488,29,13:34:27,6,-0.0060544904137235,263986.0,-0.0058022199798184,-0.0060544904137235,4.908842919040306e-06,-0.0065590312815337,2.654224901130721e-06,-0.0070635721493441,5.719280670637075e-06,-0.0075681130171543,1.7083565639565288e-06,-0.0080726538849646,5.3066341576040966e-06,-0.0055499495459131,8.611932726998249e-07,-0.0050454086781029,3.3874977547903227e-06,-0.0045408678102926,2.0137149836009323e-06,-0.0040363269424824,1.667091912653231e-06,-0.003531786074672,6.688257212541113e-06,2,1,1,1,2
489,29,13:34:30,6,-0.0055499495459131,94572.0,-0.0058022199798184,-0.0060544904137235,9.167354933540638e-06,-0.0065590312815337,2.654224901130721e-06,-0.0070635721493441,5.719280670637075e-06,-0.0075681130171543,1.7083565639565288e-06,-0.0080726538849646,5.3066341576040966e-06,-0.0055499495459131,9.35469645045761e-07,-0.0050454086781029,3.3874977547903227e-06,-0.0045408678102926,2.0137149836009323e-06,-0.0040363269424824,1.667091912653231e-06,-0.003531786074672,6.688257212541113e-06,2,1,1,1,2
490,29,13:34:33,6,-0.0060544904137235,709339.0,-0.0058022199798184,-0.0060544904137235,7.467251299844769e-06,-0.0065590312815337,2.6129602498274228e-06,-0.0070635721493441,5.719280670637075e-06,-0.0075681130171543,1.7083565639565288e-06,-0.0080726538849646,5.3066341576040966e-06,-0.0055499495459131,7.716489793716687e-08,-0.0050454086781029,3.4122565455723014e-06,-0.0045408678102926,2.0137149836009323e-06,-0.0040363269424824,1.700103633695869e-06,-0.003531786074672,6.688257212541113e-06,2,1,1,1,2
491,29,13:34:36,6,-0.0055499495459131,229293.0,-0.005297679112008,-0.0055499495459131,3.437345453564707e-07,-0.0060544904137235,7.434239578802131e-06,-0.0065590312815337,2.6129602498274228e-06,-0.0070635721493441,5.719280670637075e-06,-0.0075681130171543,1.7496212152598264e-06,-0.0050454086781029,3.5360504994821947e-06,-0.0045408678102926,2.0137149836009323e-06,-0.0040363269424824,1.700103633695869e-06,-0.003531786074672,6.688257212541113e-06,-0.0030272452068617,1.7661270757811456e-06,1,0,1,1,2
492,29,13:34:39,6,-0.0055499495459131,17739.0,-0.005297679112008,-0.0055499495459131,4.6752849926636403e-07,-0.0060544904137235,7.343457345934876e-06,-0.0065590312815337,2.6954895524340185e-06,-0.0070635721493441,5.678016019333777e-06,-0.0075681130171543,1.7496212152598264e-06,-0.0050454086781029,3.5360504994821947e-06,-0.0045408678102926,2.0137149836009323e-06,-0.0040363269424824,1.700103633695869e-06,-0.003531786074672,6.688257212541113e-06,-0.0030272452068617,1.7661270757811456e-06,0,0,1,1,2
493,29,13:34:42,6,-0.0055499495459131,153757.0,-0.005297679112008,-0.0055499495459131,1.1265249805800299e-07,-0.0060544904137235,7.335204415674216e-06,-0.0065590312815337,2.6954895524340185e-06,-0.0070635721493441,5.760545321940372e-06,-0.0075681130171543,1.7496212152598264e-06,-0.0050454086781029,3.3874977547903227e-06,-0.0045408678102926,2.0137149836009323e-06,-0.0040363269424824,1.700103633695869e-06,-0.003531786074672,6.688257212541113e-06,-0.0030272452068617,1.7661270757811456e-06,0,0,1,1,2
494,29,13:34:45,6,-0.0055499495459131,7885.0,-0.005297679112008,-0.0055499495459131,4.180109177024066e-07,-0.0060544904137235,7.335204415674216e-06,-0.0065590312815337,2.6954895524340185e-06,-0.0070635721493441,5.760545321940372e-06,-0.0075681130171543,1.7496212152598264e-06,-0.0050454086781029,3.4617741271362587e-06,-0.0045408678102926,1.815644657345103e-06,-0.0040363269424824,1.700103633695869e-06,-0.003531786074672,6.688257212541113e-06,-0.0030272452068617,1.7661270757811456e-06,0,0,1,1,2
495,29,13:34:48,6,-0.0055499495459131,640133.0,-0.005297679112008,-0.0055499495459131,3.3011721042638234e-08,-0.0060544904137235,7.335204415674216e-06,-0.0065590312815337,2.6954895524340185e-06,-0.0070635721493441,5.760545321940372e-06,-0.0075681130171543,1.7496212152598264e-06,-0.0050454086781029,1.4757064599085355e-06,-0.0045408678102926,1.815644657345103e-06,-0.0040363269424824,1.700103633695869e-06,-0.003531786074672,6.688257212541113e-06,-0.0030272452068617,1.7661270757811456e-06,0,0,1,1,2
496,29,13:34:51,6,-0.0050454086781029,159643.0,-0.0055499495459131,-0.0060544904137235,7.161892880200365e-06,-0.0065590312815337,2.6954895524340185e-06,-0.0070635721493441,5.843074624546968e-06,-0.0075681130171543,1.7496212152598264e-06,-0.0080726538849646,5.265369506300799e-06,-0.0050454086781029,1.9461234847661307e-06,-0.0045408678102926,1.815644657345103e-06,-0.0040363269424824,1.700103633695869e-06,-0.003531786074672,6.688257212541113e-06,-0.0030272452068617,1.477274516658061e-06,1,1,1,1,2
497,29,13:34:54,6,-0.0060544904137235,27585.0,-0.0058022199798184,-0.0060544904137235,7.08761650785443e-06,-0.0065590312815337,2.6954895524340185e-06,-0.0070635721493441,5.843074624546968e-06,-0.0075681130171543,1.7496212152598264e-06,-0.0080726538849646,5.166334343172884e-06,-0.0055499495459131,6.272226998101265e-07,-0.0050454086781029,1.9543764150267904e-06,-0.0045408678102926,1.815644657345103e-06,-0.0040363269424824,1.700103633695869e-06,-0.003531786074672,6.688257212541113e-06,1,1,1,2,2
498,29,13:34:57,6,-0.0060544904137235,323132.0,-0.0058022199798184,-0.0060544904137235,6.204552969963856e-06,-0.0065590312815337,2.6954895524340185e-06,-0.0070635721493441,5.925603927153564e-06,-0.0075681130171543,1.7496212152598264e-06,-0.0080726538849646,5.166334343172884e-06,-0.0055499495459131,3.7963479199033973e-07,-0.0050454086781029,1.937870554505471e-06,-0.0045408678102926,1.815644657345103e-06,-0.0040363269424824,1.7248624244778478e-06,-0.003531786074672,6.787292375669028e-06,1,1,1,2,2
499,29,13:35:00,6,-0.0060544904137235,232460.0,-0.0058022199798184,-0.0060544904137235,5.2802247807699855e-06,-0.0065590312815337,2.6954895524340185e-06,-0.0070635721493441,5.925603927153564e-06,-0.0075681130171543,1.7496212152598264e-06,-0.0080726538849646,5.166334343172884e-06,-0.0055499495459131,6.932461418954029e-07,-0.0050454086781029,1.937870554505471e-06,-0.0045408678102926,1.815644657345103e-06,-0.0040363269424824,1.7248624244778478e-06,-0.003531786074672,6.787292375669028e-06,1,1,1,2,2
500,29,13:35:03,6,-0.0055499495459131,112312.0,-0.0058022199798184,-0.0060544904137235,5.164683757120752e-06,-0.0065590312815337,3.1163889957276563e-06,-0.0070635721493441,6.131927183670053e-06,-0.0075681130171543,1.7496212152598264e-06,-0.0080726538849646,5.166334343172884e-06,-0.0055499495459131,1.6340801916105926e-06,-0.0050454086781029,1.7616704934403894e-06,-0.0045408678102926,1.815644657345103e-06,-0.0040363269424824,1.7248624244778478e-06,-0.003531786074672,6.820304096711666e-06,1,1,1,2,2
501,29,13:35:06,6,-0.0060544904137235,365184.0,-0.0058022199798184,-0.0060544904137235,4.410778577809502e-06,-0.0065590312815337,3.141147786509635e-06,-0.0070635721493441,6.131927183670053e-06,-0.0075681130171543,1.7496212152598264e-06,-0.0080726538849646,5.001275737959693e-06,-0.0055499495459131,1.4690215863974016e-06,-0.0050454086781029,1.7616704934403894e-06,-0.0045408678102926,1.815644657345103e-06,-0.0040363269424824,1.7248624244778478e-06,-0.003531786074672,6.820304096711666e-06,1,1,1,2,2
502,29,13:35:09,6,-0.0060544904137235,143812.0,-0.0058022199798184,-0.0060544904137235,4.2374670423356505e-06,-0.0065590312815337,3.141147786509635e-06,-0.0070635721493441,6.131927183670053e-06,-0.0075681130171543,1.8651622389090603e-06,-0.0080726538849646,5.001275737959693e-06,-0.0055499495459131,2.0549796349042304e-06,-0.0050454086781029,1.7616704934403894e-06,-0.0045408678102926,1.8981739599516989e-06,-0.0040363269424824,1.7248624244778478e-06,-0.003531786074672,6.820304096711666e-06,1,1,1,2,2
503,29,13:35:12,6,-0.0060544904137235,88655.0,-0.0058022199798184,-0.0060544904137235,3.9403615529519065e-06,-0.0065590312815337,3.141147786509635e-06,-0.0070635721493441,6.131927183670053e-06,-0.0075681130171543,1.8651622389090603e-06,-0.0080726538849646,5.826568764025649e-06,-0.0055499495459131,2.112750146728847e-06,-0.0050454086781029,1.7616704934403894e-06,-0.0045408678102926,1.964197402036975e-06,-0.0040363269424824,1.5267920982220184e-06,-0.003531786074672,6.820304096711666e-06,1,1,1,2,2
504,29,13:35:15,6,-0.0060544904137235,240351.0,-0.0058022199798184,-0.0060544904137235,3.461691597833652e-06,-0.0065590312815337,3.141147786509635e-06,-0.0070635721493441,6.131927183670053e-06,-0.0075681130171543,1.8651622389090603e-06,-0.0080726538849646,5.958615648196202e-06,-0.0055499495459131,2.030220844122252e-06,-0.0050454086781029,1.844199796046985e-06,-0.0045408678102926,1.964197402036975e-06,-0.0040363269424824,1.5432979587433376e-06,-0.003531786074672,6.820304096711666e-06,1,1,1,2,2
505,29,13:35:18,6,-0.0060544904137235,143813.0,-0.0058022199798184,-0.0060544904137235,4.971977835534351e-06,-0.0065590312815337,3.3887356943294216e-06,-0.0070635721493441,6.131927183670053e-06,-0.0075681130171543,1.8651622389090603e-06,-0.0080726538849646,6.024639090281478e-06,-0.0055499495459131,6.305238719143903e-06,-0.0050454086781029,1.9432349591749e-06,-0.0045408678102926,1.964197402036975e-06,-0.0040363269424824,1.5432979587433376e-06,-0.003531786074672,6.820304096711666e-06,1,1,1,2,2
506,29,13:35:21,6,-0.0060544904137235,155660.0,-0.0058022199798184,-0.0060544904137235,5.038001277619628e-06,-0.0065590312815337,3.3887356943294216e-06,-0.0070635721493441,6.131927183670053e-06,-0.0075681130171543,1.8651622389090603e-06,-0.0080726538849646,6.107168392888074e-06,-0.0055499495459131,5.884339275850265e-06,-0.0050454086781029,1.815644657345103e-06,-0.0045408678102926,1.964197402036975e-06,-0.0040363269424824,1.5432979587433376e-06,-0.003531786074672,6.820304096711666e-06,1,1,1,2,2
507,29,13:35:24,6,-0.0060544904137235,35461.0,-0.0058022199798184,-0.0060544904137235,4.897701463188415e-06,-0.0065590312815337,4.247040441438016e-06,-0.0070635721493441,6.131927183670053e-06,-0.0075681130171543,1.8651622389090603e-06,-0.0080726538849646,6.230962346797968e-06,-0.0055499495459131,6.074156671845436e-06,-0.0050454086781029,1.9972091230796133e-06,-0.0045408678102926,1.964197402036975e-06,-0.0040363269424824,1.551550889003997e-06,-0.003531786074672,6.820304096711666e-06,1,1,1,2,2
508,29,13:35:27,6,-0.0060544904137235,1192202.0,-0.0058022199798184,-0.0060544904137235,4.0311437858191615e-06,-0.0065590312815337,4.247040441438016e-06,-0.0070635721493441,6.131927183670053e-06,-0.0075681130171543,1.8651622389090603e-06,-0.0080726538849646,6.230962346797968e-06,-0.0055499495459131,4.126465130329779e-06,-0.0050454086781029,1.9972091230796133e-06,-0.0045408678102926,1.964197402036975e-06,-0.0040363269424824,1.551550889003997e-06,-0.003531786074672,6.820304096711666e-06,1,1,1,2,2
509,29,13:35:30,6,-0.0060544904137235,214736.0,-0.0058022199798184,-0.0060544904137235,3.899096901648609e-06,-0.0065590312815337,4.329569744044611e-06,-0.0070635721493441,6.123674253409393e-06,-0.0075681130171543,1.8651622389090603e-06,-0.0080726538849646,6.230962346797968e-06,-0.0055499495459131,4.093453409287141e-06,-0.0050454086781029,2.038473774382911e-06,-0.0045408678102926,1.964197402036975e-06,-0.0040363269424824,1.551550889003997e-06,-0.003531786074672,6.820304096711666e-06,1,1,1,2,2
510,29,13:35:33,6,-0.0060544904137235,88675.0,-0.0058022199798184,-0.0060544904137235,3.758797087217396e-06,-0.0065590312815337,4.329569744044611e-06,-0.0070635721493441,6.131927183670053e-06,-0.0075681130171543,1.87341516916972e-06,-0.0080726538849646,6.230962346797968e-06,-0.0055499495459131,4.3118259439841936e-06,-0.0050454086781029,2.038473774382911e-06,-0.0045408678102926,1.964197402036975e-06,-0.0040363269424824,1.551550889003997e-06,-0.003531786074672,6.820304096711666e-06,1,1,1,2,2
511,29,13:35:36,6,-0.0060544904137235,122150.0,-0.0058022199798184,-0.0060544904137235,3.346150574184418e-06,-0.0065590312815337,4.329569744044611e-06,-0.0070635721493441,6.131927183670053e-06,-0.0075681130171543,1.87341516916972e-06,-0.0080726538849646,6.230962346797968e-06,-0.0055499495459131,4.641943154410576e-06,-0.0050454086781029,1.7908858665631245e-06,-0.0045408678102926,1.964197402036975e-06,-0.0040363269424824,1.551550889003997e-06,-0.003531786074672,6.820304096711666e-06,1,1,1,2,2
512,29,13:35:39,6,-0.0055499495459131,108374.0,-0.0058022199798184,-0.0060544904137235,3.1480802479285887e-06,-0.0065590312815337,4.387340255869228e-06,-0.0070635721493441,6.131927183670053e-06,-0.0075681130171543,1.87341516916972e-06,-0.0080726538849646,6.230962346797968e-06,-0.0055499495459131,4.798748829363107e-06,-0.0050454086781029,1.8569093086484008e-06,-0.0045408678102926,1.964197402036975e-06,-0.0040363269424824,1.551550889003997e-06,-0.003531786074672,6.820304096711666e-06,1,0,1,2,2
513,29,13:35:42,6,-0.0060544904137235,187150.0,-0.0058022199798184,-0.0060544904137235,3.3791622952270564e-06,-0.0065590312815337,4.387340255869228e-06,-0.0070635721493441,6.131927183670053e-06,-0.0075681130171543,1.87341516916972e-06,-0.0080726538849646,6.230962346797968e-06,-0.0055499495459131,4.922542783273e-06,-0.0050454086781029,1.8569093086484008e-06,-0.0045408678102926,1.964197402036975e-06,-0.0040363269424824,1.551550889003997e-06,-0.003531786074672,6.820304096711666e-06,1,0,2,2,2
514,29,13:35:45,6,-0.0060544904137235,80776.0,-0.0058022199798184,-0.0060544904137235,3.519462109658269e-06,-0.0065590312815337,4.131499417788782e-06,-0.0070635721493441,6.189697695494669e-06,-0.0075681130171543,1.87341516916972e-06,-0.0080726538849646,6.230962346797968e-06,-0.0055499495459131,5.013325016140256e-06,-0.0050454086781029,1.8569093086484008e-06,-0.0045408678102926,2.0714854954255493e-06,-0.0040363269424824,1.551550889003997e-06,-0.003531786074672,6.820304096711666e-06,1,0,2,2,2
515,29,13:35:48,6,-0.0060544904137235,151726.0,-0.0058022199798184,-0.0060544904137235,3.4534386675729924e-06,-0.0065590312815337,4.131499417788782e-06,-0.0070635721493441,6.189697695494669e-06,-0.0075681130171543,1.87341516916972e-06,-0.0080726538849646,6.230962346797968e-06,-0.0055499495459131,4.732725387277831e-06,-0.0050454086781029,1.8569093086484008e-06,-0.0045408678102926,2.0714854954255493e-06,-0.0040363269424824,1.551550889003997e-06,-0.003531786074672,6.820304096711666e-06,1,0,2,2,2
516,29,13:35:51,6,-0.0060544904137235,226563.0,-0.0058022199798184,-0.0060544904137235,2.8592276888055043e-06,-0.0065590312815337,4.131499417788782e-06,-0.0070635721493441,6.189697695494669e-06,-0.0075681130171543,1.87341516916972e-06,-0.0080726538849646,6.230962346797968e-06,-0.0055499495459131,4.625437293889256e-06,-0.0050454086781029,1.8569093086484008e-06,-0.0045408678102926,2.0714854954255493e-06,-0.0040363269424824,1.551550889003997e-06,-0.003531786074672,6.820304096711666e-06,1,0,2,2,2
517,29,13:35:54,6,-0.0060544904137235,123703.0,-0.0058022199798184,-0.0060544904137235,2.828031612420211e-06,-0.0065590312815337,4.131499417788782e-06,-0.0070635721493441,6.35475630070786e-06,-0.0075681130171543,1.87341516916972e-06,-0.0080726538849646,6.313491649404563e-06,-0.0055499495459131,4.410861107112108e-06,-0.0050454086781029,1.8569093086484008e-06,-0.0045408678102926,2.0714854954255493e-06,-0.0040363269424824,1.551550889003997e-06,-0.003531786074672,6.820304096711666e-06,0,1,2,2,2
518,29,13:35:57,6,-0.0060544904137235,100490.0,-0.0058022199798184,-0.0060544904137235,2.66297300720702e-06,-0.0065590312815337,4.131499417788782e-06,-0.0070635721493441,6.222709416537308e-06,-0.0075681130171543,1.87341516916972e-06,-0.0080726538849646,6.313491649404563e-06,-0.0055499495459131,4.2540554321595765e-06,-0.0050454086781029,1.8569093086484008e-06,-0.0045408678102926,2.0714854954255493e-06,-0.0040363269424824,1.551550889003997e-06,-0.003531786074672,6.861568748014964e-06,0,0,2,2,2
519,29,13:36:00,6,-0.0060544904137235,579213.0,-0.0058022199798184,-0.0060544904137235,6.079933723027898e-07,-0.0065590312815337,4.131499417788782e-06,-0.0070635721493441,6.222709416537308e-06,-0.0075681130171543,1.9146798204730176e-06,-0.0080726538849646,6.313491649404563e-06,-0.0055499495459131,3.9899616638184704e-06,-0.0050454086781029,1.815644657345103e-06,-0.0045408678102926,2.0714854954255493e-06,-0.0040363269424824,1.551550889003997e-06,-0.003531786074672,6.861568748014964e-06,0,1,2,2,2
520,29,13:36:03,6,-0.0060544904137235,41382.0,-0.0058022199798184,-0.0060544904137235,2.0770149587001918e-06,-0.0065590312815337,4.156258208570761e-06,-0.0070635721493441,6.222709416537308e-06,-0.0075681130171543,1.9146798204730176e-06,-0.0080726538849646,6.313491649404563e-06,-0.0055499495459131,4.138514408510343e-06,-0.0050454086781029,1.815644657345103e-06,-0.0045408678102926,2.0714854954255493e-06,-0.0040363269424824,1.551550889003997e-06,-0.003531786074672,6.861568748014964e-06,0,1,2,2,2
521,29,13:36:06,6,-0.0060544904137235,327043.0,-0.0058022199798184,-0.0060544904137235,1.0123869550751082e-06,-0.0065590312815337,4.4616166282151645e-06,-0.0070635721493441,6.057650811324116e-06,-0.0075681130171543,1.9146798204730176e-06,-0.0080726538849646,6.313491649404563e-06,-0.0055499495459131,4.650196084671235e-06,-0.0050454086781029,1.9889561928189536e-06,-0.0045408678102926,2.0714854954255493e-06,-0.0040363269424824,1.5267920982220184e-06,-0.003531786074672,6.861568748014964e-06,0,1,2,2,2
522,29,13:36:09,6,-0.0065590312815337,340128.0,-0.0063067608476287,-0.0065590312815337,4.197522859874058e-06,-0.0070635721493441,6.057650811324116e-06,-0.0075681130171543,1.9146798204730176e-06,-0.0080726538849646,6.313491649404563e-06,-0.008577194752775,2.110274267650649e-05,-0.0060544904137235,3.32865436203182e-06,-0.0055499495459131,4.955554504315639e-06,-0.0050454086781029,1.9889561928189536e-06,-0.0045408678102926,2.0714854954255493e-06,-0.0040363269424824,1.1801690272743168e-06,2,2,2,2,2
523,29,13:36:12,6,-0.0065590312815337,38959.0,-0.0063067608476287,-0.0065590312815337,4.07554455062151e-06,-0.0070635721493441,6.057650811324116e-06,-0.0075681130171543,3.5652658726049296e-06,-0.0080726538849646,6.313491649404563e-06,-0.008577194752775,2.111924853702781e-05,-0.0060544904137235,5.380662942042212e-06,-0.0055499495459131,4.518149200500682e-06,-0.0050454086781029,1.9889561928189536e-06,-0.0045408678102926,2.005462053340273e-06,-0.0040363269424824,1.1801690272743168e-06,1,2,2,2,2
524,29,13:36:15,6,-0.0065590312815337,250153.0,-0.0063067608476287,-0.0065590312815337,3.7701861309771065e-06,-0.0070635721493441,6.057650811324116e-06,-0.0075681130171543,3.5652658726049296e-06,-0.0080726538849646,6.313491649404563e-06,-0.008577194752775,2.111924853702781e-05,-0.0060544904137235,4.629646288322193e-06,-0.0055499495459131,4.683207805713873e-06,-0.0050454086781029,1.9889561928189536e-06,-0.0045408678102926,2.005462053340273e-06,-0.0040363269424824,1.1801690272743168e-06,2,2,2,2,2
525,29,13:36:18,6,-0.0065590312815337,356512.0,-0.0063067608476287,-0.0065590312815337,3.374045478465448e-06,-0.0070635721493441,6.057650811324116e-06,-0.0075681130171543,3.5652658726049296e-06,-0.0080726538849646,6.313491649404563e-06,-0.008577194752775,2.111924853702781e-05,-0.0060544904137235,3.8868825648628325e-06,-0.0055499495459131,4.204537850595619e-06,-0.0050454086781029,1.7661270757811456e-06,-0.0045408678102926,2.005462053340273e-06,-0.0040363269424824,1.254445399620253e-06,2,2,2,2,2
526,29,13:36:21,6,-0.0065590312815337,592776.0,-0.0063067608476287,-0.0065590312815337,4.818308274080871e-06,-0.0070635721493441,6.057650811324116e-06,-0.0075681130171543,3.5652658726049296e-06,-0.0080726538849646,6.313491649404563e-06,-0.008577194752775,2.111924853702781e-05,-0.0060544904137235,3.56501828469711e-06,-0.0055499495459131,4.320078874244852e-06,-0.0050454086781029,1.7661270757811456e-06,-0.0045408678102926,2.3438321940273147e-06,-0.0040363269424824,1.254445399620253e-06,2,2,2,2,2
527,29,13:36:24,6,-0.0060544904137235,1087414.0,-0.0058022199798184,-0.0060544904137235,2.7072087134041557e-06,-0.0065590312815337,5.19794306607121e-06,-0.0070635721493441,6.049397881063457e-06,-0.0075681130171543,3.5652658726049296e-06,-0.0080726538849646,6.329997509925882e-06,-0.0055499495459131,4.00646752433979e-06,-0.0050454086781029,1.7661270757811456e-06,-0.0045408678102926,2.3438321940273147e-06,-0.0040363269424824,1.196674887795636e-06,-0.003531786074672,7.670355913559602e-06,2,2,2,2,2
528,29,13:36:27,6,-0.0060544904137235,1042429.0,-0.0063067608476287,-0.0065590312815337,5.123666693725274e-06,-0.0070635721493441,6.008133229760159e-06,-0.0075681130171543,3.5652658726049296e-06,-0.0080726538849646,6.338250440186541e-06,-0.008577194752775,2.111924853702781e-05,-0.0060544904137235,7.014990721560625e-07,-0.0055499495459131,1.1757124449335608e-06,-0.0050454086781029,1.7661270757811456e-06,-0.0045408678102926,2.3438321940273147e-06,-0.0040363269424824,1.196674887795636e-06,2,2,2,2,2
529,29,13:36:30,6,-0.0060544904137235,443268.0,-0.0058022199798184,-0.0060544904137235,1.5680567495253166e-07,-0.0065590312815337,5.2722194384171465e-06,-0.0070635721493441,6.049397881063457e-06,-0.0075681130171543,3.5652658726049296e-06,-0.0080726538849646,6.338250440186541e-06,-0.0055499495459131,7.465600713792637e-07,-0.0050454086781029,1.7661270757811456e-06,-0.0045408678102926,2.3438321940273147e-06,-0.0040363269424824,1.196674887795636e-06,-0.003531786074672,7.670355913559602e-06,2,2,2,2,2
530,29,13:36:33,6,-0.0060544904137235,439373.0,-0.0058022199798184,-0.0060544904137235,5.7770511824616916e-08,-0.0065590312815337,5.140172554246593e-06,-0.0070635721493441,6.049397881063457e-06,-0.0075681130171543,3.697312756775482e-06,-0.0080726538849646,6.750896953219519e-06,-0.0055499495459131,2.678901162610093e-07,-0.0050454086781029,1.7661270757811456e-06,-0.0045408678102926,2.3438321940273147e-06,-0.0040363269424824,1.163663166752998e-06,-0.003531786074672,7.719873495123558e-06,2,2,2,2,2
531,29,13:36:36,6,-0.0050454086781029,307478.0,-0.0055499495459131,-0.0060544904137235,3.961406525116588e-07,-0.0065590312815337,5.544566137018911e-06,-0.0070635721493441,6.049397881063457e-06,-0.0075681130171543,3.697312756775482e-06,-0.0080726538849646,6.750896953219519e-06,-0.0050454086781029,1.283000538322135e-06,-0.0045408678102926,2.3438321940273147e-06,-0.0040363269424824,1.163663166752998e-06,-0.003531786074672,7.719873495123558e-06,-0.0030272452068617,1.4277569350941035e-06,2,2,2,2,2
532,29,13:36:39,6,-0.0055499495459131,246413.0,-0.005297679112008,-0.0055499495459131,3.0040666148800795e-06,-0.0060544904137235,1.7331153547385076e-07,-0.0065590312815337,5.5693249278008905e-06,-0.0070635721493441,6.049397881063457e-06,-0.0075681130171543,3.697312756775482e-06,-0.0050454086781029,7.383071411186042e-07,-0.0045408678102926,2.3438321940273147e-06,-0.0040363269424824,1.163663166752998e-06,-0.003531786074672,7.719873495123558e-06,-0.0030272452068617,1.4277569350941035e-06,2,2,2,2,2
533,29,13:36:42,6,-0.0055499495459131,536433.0,-0.0047931382441976,-0.0050454086781029,8.252930260659559e-09,-0.0055499495459131,2.5666613110651227e-06,-0.0060544904137235,3.012319545140739e-06,-0.0065590312815337,3.1264575706456607e-06,-0.0070635721493441,6.049397881063457e-06,-0.0045408678102926,1.4067944922320283e-06,-0.0040363269424824,1.163663166752998e-06,-0.003531786074672,7.719873495123558e-06,-0.0030272452068617,1.4277569350941035e-06,-0.0025227043390515,6.148433044191371e-06,1,2,2,2,2
534,29,13:36:45,6,-0.0050454086781029,270236.0,-0.0047931382441976,-0.0050454086781029,2.475879078197868e-08,-0.0055499495459131,2.451120287415889e-06,-0.0060544904137235,3.0783429872260155e-06,-0.0065590312815337,2.9779048259537887e-06,-0.0070635721493441,6.049397881063457e-06,-0.0045408678102926,5.815014661660725e-07,-0.0040363269424824,1.2296866088382744e-06,-0.003531786074672,7.719873495123558e-06,-0.0030272452068617,1.4277569350941035e-06,-0.0025227043390515,5.98337443897818e-06,2,2,2,2,2
535,29,13:36:48,6,-0.0050454086781029,134048.0,-0.0047931382441976,-0.0050454086781029,1.1306514457103595e-06,-0.0055499495459131,2.1210030769895067e-06,-0.0060544904137235,3.103101778007994e-06,-0.0065590312815337,2.9779048259537887e-06,-0.0070635721493441,6.049397881063457e-06,-0.0045408678102926,6.640307687726681e-07,-0.0040363269424824,1.2296866088382744e-06,-0.003531786074672,8.215049310763131e-06,-0.0030272452068617,1.4277569350941035e-06,-0.0025227043390515,5.98337443897818e-06,2,2,2,2,2
536,29,13:36:51,6,-0.0050454086781029,78880.0,-0.0047931382441976,-0.0050454086781029,3.763336198860759e-06,-0.0055499495459131,2.187026519074783e-06,-0.0060544904137235,7.840283747626581e-07,-0.0065590312815337,2.9779048259537887e-06,-0.0070635721493441,6.098915462627414e-06,-0.0045408678102926,6.970424898153064e-07,-0.0040363269424824,1.2296866088382744e-06,-0.003531786074672,8.215049310763131e-06,-0.0030272452068617,1.4277569350941035e-06,-0.0025227043390515,5.98337443897818e-06,2,2,2,2,2
537,29,13:36:54,6,-0.0050454086781029,65076.0,-0.0047931382441976,-0.0050454086781029,3.7303244778181206e-06,-0.0055499495459131,2.99581368461942e-06,-0.0060544904137235,8.005342352839772e-07,-0.0065590312815337,2.9779048259537887e-06,-0.0070635721493441,6.098915462627414e-06,-0.0045408678102926,6.970424898153064e-07,-0.0040363269424824,2.0549796349042304e-06,-0.003531786074672,8.26456689232709e-06,-0.0030272452068617,1.4277569350941035e-06,-0.0025227043390515,5.98337443897818e-06,2,2,2,2,2
538,29,13:36:57,6,-0.0050454086781029,29580.0,-0.0047931382441976,-0.0050454086781029,3.6065305239082272e-06,-0.0055499495459131,2.99581368461942e-06,-0.0060544904137235,8.005342352839772e-07,-0.0065590312815337,2.9779048259537887e-06,-0.0070635721493441,6.098915462627414e-06,-0.0045408678102926,7.960776529432211e-07,-0.0040363269424824,2.178773588814124e-06,-0.003531786074672,8.26456689232709e-06,-0.0030272452068617,1.4277569350941035e-06,-0.0025227043390515,5.98337443897818e-06,2,2,2,2,2
539,29,13:37:00,6,-0.0045408678102926,261318.0,-0.0042885973763875,-0.0045408678102926,1.3579371450889238e-06,-0.0050454086781029,3.408460197652398e-06,-0.0055499495459131,2.99581368461942e-06,-0.0060544904137235,1.0646280036250832e-06,-0.0065590312815337,2.9779048259537887e-06,-0.0040363269424824,2.178773588814124e-06,-0.003531786074672,8.26456689232709e-06,-0.0030272452068617,1.4277569350941035e-06,-0.0025227043390515,5.98337443897818e-06,-0.0020181634712411,1.4277569350941035e-06,1,1,1,2,2
540,29,13:37:03,6,-0.0045408678102926,27622.0,-0.0042885973763875,-0.0045408678102926,1.6220309134300296e-06,-0.0050454086781029,3.276413313481845e-06,-0.0055499495459131,2.99581368461942e-06,-0.0060544904137235,1.2131807483169552e-06,-0.0065590312815337,2.4827290103142157e-06,-0.0040363269424824,2.43461442689457e-06,-0.003531786074672,8.347096194933685e-06,-0.0030272452068617,1.4277569350941035e-06,-0.0025227043390515,5.98337443897818e-06,-0.0020181634712411,1.4277569350941035e-06,1,2,1,2,2
541,29,13:37:06,6,-0.0045408678102926,187456.0,-0.0042885973763875,-0.0045408678102926,3.710022269376898e-06,-0.0050454086781029,3.276413313481845e-06,-0.0055499495459131,2.99581368461942e-06,-0.0060544904137235,2.2860616822026977e-06,-0.0065590312815337,2.4827290103142157e-06,-0.0040363269424824,2.2943146124633574e-06,-0.003531786074672,8.347096194933685e-06,-0.0030272452068617,1.4277569350941035e-06,-0.0025227043390515,5.98337443897818e-06,-0.0020181634712411,1.4277569350941035e-06,1,2,2,2,2
542,29,13:37:09,6,-0.0045408678102926,426178.0,-0.0042885973763875,-0.0045408678102926,2.241000682979497e-06,-0.0050454086781029,3.276413313481845e-06,-0.0055499495459131,2.99581368461942e-06,-0.0060544904137235,2.4923849387191867e-06,-0.0065590312815337,2.4827290103142157e-06,-0.0040363269424824,2.335579263766655e-06,-0.003531786074672,8.347096194933685e-06,-0.0030272452068617,1.4277569350941035e-06,-0.0025227043390515,5.98337443897818e-06,-0.0020181634712411,1.4277569350941035e-06,1,2,2,2,2
543,29,13:37:12,6,-0.0040363269424824,130225.0,-0.0042885973763875,-0.0045408678102926,4.271221527101748e-06,-0.0050454086781029,8.500518168479345e-07,-0.0055499495459131,2.9297902425341435e-06,-0.0060544904137235,2.7399728465389734e-06,-0.0065590312815337,2.4827290103142157e-06,-0.0040363269424824,2.335579263766655e-06,-0.003531786074672,8.347096194933685e-06,-0.0030272452068617,1.4277569350941035e-06,-0.0025227043390515,5.98337443897818e-06,-0.0020181634712411,1.4277569350941035e-06,1,2,2,2,2
544,29,13:37:15,6,-0.0040363269424824,276338.0,-0.0042885973763875,-0.0045408678102926,4.543568225703514e-06,-0.0050454086781029,8.500518168479345e-07,-0.0055499495459131,2.9297902425341435e-06,-0.0060544904137235,2.847260939927548e-06,-0.0065590312815337,2.226888172233769e-06,-0.0040363269424824,1.402998144312125e-06,-0.003531786074672,8.41311963701896e-06,-0.0030272452068617,1.4277569350941035e-06,-0.0025227043390515,5.98337443897818e-06,-0.0020181634712411,1.4277569350941035e-06,1,2,1,2,2
545,29,13:37:18,6,-0.0045408678102926,284192.0,-0.0042885973763875,-0.0045408678102926,4.262968596841089e-06,-0.0050454086781029,8.500518168479345e-07,-0.0055499495459131,2.9875607543587605e-06,-0.0060544904137235,2.847260939927548e-06,-0.0065590312815337,2.226888172233769e-06,-0.0040363269424824,1.3369747022268483e-06,-0.003531786074672,8.41311963701896e-06,-0.0030272452068617,1.4277569350941035e-06,-0.0025227043390515,5.98337443897818e-06,-0.0020181634712411,1.4277569350941035e-06,2,2,2,2,2
546,29,13:37:21,6,-0.0040363269424824,414527.0,-0.0042885973763875,-0.0045408678102926,4.41977427179362e-06,-0.0050454086781029,8.500518168479345e-07,-0.0055499495459131,2.9875607543587605e-06,-0.0060544904137235,2.9462961030554625e-06,-0.0065590312815337,2.226888172233769e-06,-0.0040363269424824,1.87341516916972e-06,-0.003531786074672,8.41311963701896e-06,-0.0030272452068617,1.4277569350941035e-06,-0.0025227043390515,5.98337443897818e-06,-0.0020181634712411,1.4277569350941035e-06,2,2,2,2,2
547,29,13:37:24,6,-0.0045408678102926,102641.0,-0.0042885973763875,-0.0045408678102926,4.60959166778879e-06,-0.0050454086781029,9.3258111945453e-07,-0.0055499495459131,2.9875607543587605e-06,-0.0060544904137235,3.028825405662058e-06,-0.0065590312815337,2.226888172233769e-06,-0.0040363269424824,1.5020333074400395e-06,-0.003531786074672,8.371854985715664e-06,-0.0030272452068617,1.4277569350941035e-06,-0.0025227043390515,6.478550254617754e-06,-0.0020181634712411,1.4277569350941035e-06,2,2,2,2,2
548,29,13:37:27,6,-0.0040363269424824,712745.0,-0.0042885973763875,-0.0045408678102926,4.61784459804945e-06,-0.0050454086781029,8.583047471085941e-07,-0.0055499495459131,3.400207267391738e-06,-0.0060544904137235,3.3011721042638235e-06,-0.0065590312815337,2.317670405101024e-06,-0.0040363269424824,1.402998144312125e-07,-0.003531786074672,7.175180097920027e-06,-0.0030272452068617,1.4277569350941035e-06,-0.0025227043390515,6.478550254617754e-06,-0.0020181634712411,1.4277569350941035e-06,2,2,2,2,2
549,29,13:37:30,6,-0.0045408678102926,126291.0,-0.0042885973763875,-0.0045408678102926,4.362003759969004e-06,-0.0050454086781029,8.583047471085941e-07,-0.0055499495459131,3.251654522699866e-06,-0.0060544904137235,3.334183825306462e-06,-0.0065590312815337,2.004059055195961e-06,-0.0040363269424824,5.281875366822117e-07,-0.003531786074672,7.175180097920027e-06,-0.0030272452068617,1.4277569350941035e-06,-0.0025227043390515,6.478550254617754e-06,-0.0020181634712411,1.4277569350941035e-06,2,2,2,2,2
550,29,13:37:33,6,-0.0040363269424824,189517.0,-0.0037840565085773,-0.0040363269424824,8.335459563266155e-07,-0.0045408678102926,4.312486178405046e-06,-0.0050454086781029,1.270951260141572e-06,-0.0055499495459131,3.499242430519653e-06,-0.0060544904137235,3.325930895045802e-06,-0.003531786074672,7.109156655834751e-06,-0.0030272452068617,1.4277569350941035e-06,-0.0025227043390515,6.478550254617754e-06,-0.0020181634712411,1.4277569350941035e-06,-0.0015136226034309,4.283270805282311e-06,1,1,2,2,2
551,29,13:37:36,6,-0.0040363269424824,272443.0,-0.0037840565085773,-0.0040363269424824,2.393349775591272e-07,-0.0045408678102926,4.097909991627898e-06,-0.0050454086781029,1.31221591144487e-06,-0.0055499495459131,3.4497248489556955e-06,-0.0060544904137235,3.202136941135909e-06,-0.003531786074672,7.092650795313431e-06,-0.0030272452068617,1.4277569350941035e-06,-0.0025227043390515,6.478550254617754e-06,-0.0020181634712411,1.4277569350941035e-06,-0.0015136226034309,4.283270805282311e-06,1,2,1,2,2
552,29,13:37:39,6,-0.0040363269424824,177731.0,-0.0037840565085773,-0.0040363269424824,7.592695839806795e-07,-0.0045408678102926,4.477544783618237e-06,-0.0050454086781029,1.31221591144487e-06,-0.0055499495459131,3.4497248489556955e-06,-0.0060544904137235,3.3671955463491003e-06,-0.003531786074672,6.57271618889188e-06,-0.0030272452068617,1.4277569350941035e-06,-0.0025227043390515,6.478550254617754e-06,-0.0020181634712411,1.4277569350941035e-06,-0.0015136226034309,4.283270805282311e-06,1,2,1,2,2
553,29,13:37:42,6,-0.003531786074672,138220.0,-0.0037840565085773,-0.0040363269424824,3.045331266183377e-06,-0.0045408678102926,2.084195008026965e-06,-0.0050454086781029,2.154014798032145e-06,-0.0055499495459131,3.4497248489556955e-06,-0.0060544904137235,3.779842059382078e-06,-0.003531786074672,6.2508519087261565e-06,-0.0030272452068617,1.4277569350941035e-06,-0.0025227043390515,6.478550254617754e-06,-0.0020181634712411,1.4277569350941035e-06,-0.0015136226034309,4.283270805282311e-06,1,2,2,2,2
554,29,13:37:45,6,-0.003531786074672,51329.0,-0.0037840565085773,-0.0040363269424824,3.193884010875249e-06,-0.0045408678102926,2.009918635681029e-06,-0.0050454086781029,2.154014798032145e-06,-0.0055499495459131,3.4497248489556955e-06,-0.0060544904137235,3.870624292249333e-06,-0.003531786074672,6.2508519087261565e-06,-0.0030272452068617,1.4277569350941035e-06,-0.0025227043390515,6.478550254617754e-06,-0.0020181634712411,1.4277569350941035e-06,-0.0015136226034309,4.283270805282311e-06,1,1,2,2,2
555,29,13:37:48,6,-0.0040363269424824,98733.0,-0.0037840565085773,-0.0040363269424824,3.259907452960526e-06,-0.0045408678102926,2.009918635681029e-06,-0.0050454086781029,2.154014798032145e-06,-0.0055499495459131,3.4497248489556955e-06,-0.0060544904137235,3.870624292249333e-06,-0.003531786074672,5.98675814038505e-06,-0.0030272452068617,1.4277569350941035e-06,-0.0025227043390515,6.478550254617754e-06,-0.0020181634712411,1.4277569350941035e-06,-0.0015136226034309,4.283270805282311e-06,1,2,2,2,2
556,29,13:37:51,6,-0.0040363269424824,205377.0,-0.0037840565085773,-0.0040363269424824,4.085200479026482e-06,-0.0045408678102926,2.0346774264630075e-06,-0.0050454086781029,2.170520658553464e-06,-0.0055499495459131,3.4497248489556955e-06,-0.0060544904137235,3.870624292249333e-06,-0.003531786074672,5.483329394484817e-06,-0.0030272452068617,1.4277569350941035e-06,-0.0025227043390515,6.478550254617754e-06,-0.0020181634712411,1.4277569350941035e-06,-0.0015136226034309,4.283270805282311e-06,2,2,2,2,2
557,29,13:37:54,6,-0.0040363269424824,165894.0,-0.0037840565085773,-0.0040363269424824,5.735786531158393e-06,-0.0045408678102926,2.0346774264630075e-06,-0.0050454086781029,2.170520658553464e-06,-0.0055499495459131,3.4497248489556955e-06,-0.0060544904137235,4.101706339547801e-06,-0.003531786074672,4.988153578845244e-06,-0.0030272452068617,1.4277569350941035e-06,-0.0025227043390515,6.478550254617754e-06,-0.0020181634712411,1.4277569350941035e-06,-0.0015136226034309,4.283270805282311e-06,2,2,2,2,2
558,29,13:37:57,6,-0.003531786074672,225086.0,-0.0037840565085773,-0.0040363269424824,5.207598994476182e-06,-0.0045408678102926,2.0759420777663056e-06,-0.0050454086781029,2.170520658553464e-06,-0.0055499495459131,1.6175743310892736e-06,-0.0060544904137235,4.142970990851099e-06,-0.003531786074672,4.575507065812266e-06,-0.0030272452068617,1.4277569350941035e-06,-0.0025227043390515,6.478550254617754e-06,-0.0020181634712411,1.4277569350941035e-06,-0.0015136226034309,4.283270805282311e-06,2,2,2,2,2
559,29,13:38:00,6,-0.0040363269424824,460159.0,-0.0037840565085773,-0.0040363269424824,5.174587273433543e-06,-0.0045408678102926,2.0759420777663056e-06,-0.0050454086781029,2.187026519074783e-06,-0.0055499495459131,1.6505860521319118e-06,-0.0060544904137235,4.027429967201865e-06,-0.003531786074672,2.9249210136803543e-06,-0.0030272452068617,1.4277569350941035e-06,-0.0025227043390515,6.478550254617754e-06,-0.0020181634712411,1.4277569350941035e-06,-0.0015136226034309,4.283270805282311e-06,1,2,2,2,2
560,29,13:38:03,6,-0.003531786074672,69120.0,-0.0037840565085773,-0.0040363269424824,5.645004298291138e-06,-0.0045408678102926,2.1007008685482843e-06,-0.0050454086781029,2.187026519074783e-06,-0.0055499495459131,1.6505860521319118e-06,-0.0060544904137235,4.027429967201865e-06,-0.003531786074672,2.677333105860568e-06,-0.0030272452068617,1.4112510745727846e-06,-0.0025227043390515,6.478550254617754e-06,-0.0020181634712411,1.4277569350941035e-06,-0.0015136226034309,4.283270805282311e-06,2,2,2,2,2
561,29,13:38:06,6,-0.003531786074672,1114211.0,-0.0032795156407667,-0.003531786074672,1.0390439198170384e-07,-0.0040363269424824,5.448832145995261e-06,-0.0045408678102926,2.282265334282794e-06,-0.0050454086781029,2.187026519074783e-06,-0.0055499495459131,1.6505860521319118e-06,-0.0030272452068617,1.5267920982220184e-06,-0.0025227043390515,6.478550254617754e-06,-0.0020181634712411,1.4277569350941035e-06,-0.0015136226034309,4.283270805282311e-06,-0.0010090817356205,1.1083685340065787e-05,1,1,2,2,2
562,29,13:38:09,6,-0.003531786074672,222332.0,-0.0032795156407667,-0.003531786074672,4.621640945969353e-07,-0.0040363269424824,5.1517266566115166e-06,-0.0045408678102926,2.282265334282794e-06,-0.0050454086781029,2.1952794493354427e-06,-0.0055499495459131,1.6423331218712525e-06,-0.0030272452068617,1.5219228693682292e-06,-0.0025227043390515,6.478550254617754e-06,-0.0020181634712411,1.4277569350941035e-06,-0.0015136226034309,4.283270805282311e-06,-0.0010090817356205,1.1100191200587108e-05,2,1,2,2,2
563,29,13:38:12,6,-0.003531786074672,19751.0,-0.0032795156407667,-0.003531786074672,6.024639090281479e-07,-0.0040363269424824,4.29977666580363e-06,-0.0045408678102926,2.2987711948041136e-06,-0.0050454086781029,2.1952794493354427e-06,-0.0055499495459131,1.6423331218712525e-06,-0.0030272452068617,1.563187520671527e-06,-0.0025227043390515,6.478550254617754e-06,-0.0020181634712411,1.4277569350941035e-06,-0.0015136226034309,4.283270805282311e-06,-0.0010090817356205,1.1100191200587108e-05,1,2,2,2,1
564,29,13:38:15,6,-0.0040363269424824,282391.0,-0.003531786074672,-0.0040363269424824,4.109959269808461e-06,-0.0045408678102926,2.463829800017305e-06,-0.0050454086781029,2.1952794493354427e-06,-0.0055499495459131,1.6423331218712525e-06,-0.0060544904137235,3.763336198860759e-06,-0.0030272452068617,1.163663166752998e-06,-0.0025227043390515,2.3438321940273147e-06,-0.0020181634712411,1.4277569350941035e-06,-0.0015136226034309,4.283270805282311e-06,-0.0010090817356205,1.1100191200587108e-05,2,2,2,2,1
565,29,13:38:18,6,-0.003531786074672,110615.0,-0.0032795156407667,-0.003531786074672,3.251654522699866e-06,-0.0040363269424824,4.275017875021651e-06,-0.0045408678102926,2.463829800017305e-06,-0.0050454086781029,2.1952794493354427e-06,-0.0055499495459131,1.6423331218712525e-06,-0.0030272452068617,1.0646280036250832e-06,-0.0025227043390515,2.3438321940273147e-06,-0.0020181634712411,1.4277569350941035e-06,-0.0015136226034309,4.283270805282311e-06,-0.0010090817356205,1.1100191200587108e-05,2,2,2,2,1
566,29,13:38:21,6,-0.003531786074672,17775.0,-0.0032795156407667,-0.003531786074672,3.482736569998334e-06,-0.0040363269424824,4.275017875021651e-06,-0.0045408678102926,2.439071009235326e-06,-0.0050454086781029,2.1952794493354427e-06,-0.0055499495459131,1.6423331218712525e-06,-0.0030272452068617,1.0646280036250832e-06,-0.0025227043390515,2.3438321940273147e-06,-0.0020181634712411,1.4277569350941035e-06,-0.0015136226034309,4.283270805282311e-06,-0.0010090817356205,1.1100191200587108e-05,1,2,2,2,1
567,29,13:38:24,6,-0.0030272452068617,399083.0,-0.0027749747729566,-0.0030272452068617,9.90351631279147e-08,-0.003531786074672,5.389163460210692e-06,-0.0040363269424824,4.275017875021651e-06,-0.0045408678102926,2.439071009235326e-06,-0.0050454086781029,2.43461442689457e-06,-0.0025227043390515,2.3438321940273147e-06,-0.0020181634712411,1.4277569350941035e-06,-0.0015136226034309,4.283270805282311e-06,-0.0010090817356205,1.1100191200587108e-05,-0.0005045408678103,7.279084489901731e-06,0,1,2,1,1
568,29,13:38:27,6,-0.003531786074672,142226.0,-0.0030272452068618,-0.003531786074672,5.001275737959693e-06,-0.0040363269424824,4.275017875021651e-06,-0.0045408678102926,2.439071009235326e-06,-0.0050454086781029,2.43461442689457e-06,-0.0055499495459131,1.6505860521319118e-06,-0.0025227043390515,2.178773588814124e-06,-0.0020181634712411,1.4277569350941035e-06,-0.0015136226034309,4.283270805282311e-06,-0.0010090817356205,1.1100191200587108e-05,-0.0005045408678103,7.279084489901731e-06,1,2,2,1,1
569,29,13:38:30,6,-0.003531786074672,150137.0,-0.0030272452068618,-0.003531786074672,4.803205411703864e-06,-0.0040363269424824,4.456582340756162e-06,-0.0045408678102926,2.439071009235326e-06,-0.0050454086781029,2.43461442689457e-06,-0.0055499495459131,1.6505860521319118e-06,-0.0025227043390515,2.038473774382911e-06,-0.0020181634712411,1.4277569350941035e-06,-0.0015136226034309,4.283270805282311e-06,-0.0010090817356205,1.1100191200587108e-05,-0.0005045408678103,7.279084489901731e-06,1,2,2,1,1
570,29,13:38:33,6,-0.0030272452068617,71146.0,-0.0027749747729566,-0.0030272452068617,6.602344208527648e-08,-0.003531786074672,5.6119925772485e-06,-0.0040363269424824,4.456582340756162e-06,-0.0045408678102926,2.439071009235326e-06,-0.0050454086781029,2.4181085663732507e-06,-0.0025227043390515,1.9724503322976347e-06,-0.0020181634712411,1.4277569350941035e-06,-0.0015136226034309,4.283270805282311e-06,-0.0010090817356205,1.1100191200587108e-05,-0.0005045408678103,7.279084489901731e-06,1,2,2,1,1
571,29,13:38:36,6,-0.003531786074672,110657.0,-0.0032795156407667,-0.003531786074672,5.752292391679713e-06,-0.0040363269424824,4.291523735542971e-06,-0.0045408678102926,2.5216003118419216e-06,-0.0050454086781029,2.4263614966339104e-06,-0.0055499495459131,1.7248624244778478e-06,-0.0030272452068617,1.3204688417055296e-07,-0.0025227043390515,1.8569093086484008e-06,-0.0020181634712411,1.5020333074400395e-06,-0.0015136226034309,4.365800107888907e-06,-0.0010090817356205,1.1100191200587108e-05,2,2,2,1,1
572,29,13:38:39,6,-0.0030272452068617,640077.0,-0.0032795156407667,-0.003531786074672,4.085200479026482e-06,-0.0040363269424824,4.357547177628248e-06,-0.0045408678102926,2.5216003118419216e-06,-0.0050454086781029,2.4263614966339104e-06,-0.0055499495459131,1.7248624244778478e-06,-0.0030272452068617,3.3011721042638234e-08,-0.0025227043390515,1.2131807483169552e-06,-0.0020181634712411,1.5020333074400395e-06,-0.0015136226034309,4.365800107888907e-06,-0.0010090817356205,1.1100191200587108e-05,2,2,2,1,1
573,29,13:38:42,6,-0.0030272452068617,69144.0,-0.0027749747729566,-0.0030272452068617,6.602344208527648e-08,-0.003531786074672,4.316282526324949e-06,-0.0040363269424824,4.357547177628248e-06,-0.0045408678102926,2.5216003118419216e-06,-0.0050454086781029,2.4263614966339104e-06,-0.0025227043390515,1.3369747022268483e-06,-0.0020181634712411,1.5020333074400395e-06,-0.0015136226034309,4.365800107888907e-06,-0.0010090817356205,1.1100191200587108e-05,-0.0005045408678103,7.279084489901731e-06,2,2,2,1,1
574,29,13:38:45,6,-0.0030272452068617,25688.0,-0.0027749747729566,-0.0030272452068617,2.690455264975016e-06,-0.003531786074672,5.075552110305628e-06,-0.0040363269424824,4.357547177628248e-06,-0.0045408678102926,2.5216003118419216e-06,-0.0050454086781029,2.4428673571552294e-06,-0.0025227043390515,1.4112510745727846e-06,-0.0020181634712411,1.4277569350941035e-06,-0.0015136226034309,4.365800107888907e-06,-0.0010090817356205,1.1100191200587108e-05,-0.0005045408678103,7.279084489901731e-06,2,2,2,1,1
575,29,13:38:48,6,-0.0030272452068617,29644.0,-0.0027749747729566,-0.0030272452068617,2.9297902425341435e-06,-0.003531786074672,5.397416390471352e-06,-0.0040363269424824,4.357547177628248e-06,-0.0045408678102926,2.5216003118419216e-06,-0.0050454086781029,2.4428673571552294e-06,-0.0025227043390515,1.3617334930088272e-06,-0.0020181634712411,1.4277569350941035e-06,-0.0015136226034309,4.365800107888907e-06,-0.0010090817356205,1.1091938270326449e-05,-0.0005045408678103,7.279084489901731e-06,2,2,2,1,1
576,29,13:38:51,6,-0.0030272452068617,75101.0,-0.0027749747729566,-0.0030272452068617,2.880272660970186e-06,-0.003531786074672,5.4551869022959686e-06,-0.0040363269424824,4.357547177628248e-06,-0.0045408678102926,2.5298532421025813e-06,-0.0050454086781029,2.5171437295011654e-06,-0.0025227043390515,1.3617334930088272e-06,-0.0020181634712411,1.4277569350941035e-06,-0.0015136226034309,4.365800107888907e-06,-0.0010090817356205,1.1091938270326449e-05,-0.0005045408678103,7.279084489901731e-06,2,2,2,1,1
577,29,13:38:54,6,-0.0030272452068617,312276.0,-0.0027749747729566,-0.0030272452068617,4.935252295874416e-06,-0.003531786074672,3.7715891291214182e-06,-0.0040363269424824,4.357547177628248e-06,-0.0045408678102926,2.4885885907992837e-06,-0.0050454086781029,2.5171437295011654e-06,-0.0025227043390515,8.748106076299132e-07,-0.0020181634712411,1.4277569350941035e-06,-0.0015136226034309,4.365800107888907e-06,-0.0010090817356205,1.1091938270326449e-05,-0.0005045408678103,7.279084489901731e-06,2,2,2,1,1
578,29,13:38:57,6,-0.0025227043390515,549606.0,-0.0022704339051463,-0.0025227043390515,2.030220844122252e-06,-0.0030272452068617,5.174587273433543e-06,-0.003531786074672,3.7303244778181206e-06,-0.0040363269424824,4.357547177628248e-06,-0.0045408678102926,2.4885885907992837e-06,-0.0020181634712411,1.4277569350941035e-06,-0.0015136226034309,4.448329410495502e-06,-0.0010090817356205,1.1091938270326449e-05,-0.0005045408678103,7.279084489901731e-06,0.0,3.614783454168887e-06,2,2,1,1,0
579,29,13:39:00,6,-0.0025227043390515,110748.0,-0.0022704339051463,-0.0025227043390515,3.54876001208361e-06,-0.0030272452068617,5.092057970826948e-06,-0.003531786074672,3.202136941135909e-06,-0.0040363269424824,4.349294247367588e-06,-0.0045408678102926,2.1832301711548795e-06,-0.0020181634712411,1.1719160970136574e-06,-0.0015136226034309,4.448329410495502e-06,-0.0010090817356205,1.1108444130847766e-05,-0.0005045408678103,7.279084489901731e-06,0.0,3.614783454168887e-06,2,2,1,1,0
580,29,13:39:03,6,-0.0025227043390515,11862.0,-0.0022704339051463,-0.0025227043390515,5.950362717935542e-06,-0.0030272452068617,3.037078335922718e-06,-0.003531786074672,3.202136941135909e-06,-0.0040363269424824,4.324535456585609e-06,-0.0045408678102926,2.1502184501122416e-06,-0.0020181634712411,1.2792041904022315e-06,-0.0015136226034309,4.448329410495502e-06,-0.0010090817356205,1.1108444130847766e-05,-0.0005045408678103,7.279084489901731e-06,0.0,3.614783454168887e-06,2,2,1,1,0
581,29,13:39:06,6,-0.0025227043390515,298654.0,-0.0022704339051463,-0.0025227043390515,8.401483005351431e-06,-0.0030272452068617,3.053584196444037e-06,-0.003531786074672,3.2268957319178875e-06,-0.0040363269424824,4.324535456585609e-06,-0.0045408678102926,2.1502184501122416e-06,-0.0020181634712411,5.199346064215523e-07,-0.0015136226034309,4.448329410495502e-06,-0.0010090817356205,1.0728809338857427e-05,-0.0005045408678103,7.279084489901731e-06,0.0,3.614783454168887e-06,2,2,1,1,0
582,29,13:39:09,6,-0.0025227043390515,136472.0,-0.0022704339051463,-0.0025227043390515,8.715094355256495e-06,-0.0030272452068617,3.5322541515622912e-06,-0.003531786074672,3.012319545140739e-06,-0.0040363269424824,4.324535456585609e-06,-0.0045408678102926,1.98515984489905e-06,-0.0020181634712411,1.815644657345103e-07,-0.0015136226034309,4.448329410495502e-06,-0.0010090817356205,1.0745315199378748e-05,-0.0005045408678103,7.279084489901731e-06,0.0,3.614783454168887e-06,2,2,1,1,0
583,29,13:39:12,6,-0.0020181634712411,73186.0,-0.0017658930373359,-0.0020181634712411,2.3108204729846767e-07,-0.0025227043390515,8.880152960469685e-06,-0.0030272452068617,3.614783454168887e-06,-0.003531786074672,3.0205724754013985e-06,-0.0040363269424824,4.316282526324949e-06,-0.0015136226034309,4.464835271016822e-06,-0.0010090817356205,1.0745315199378748e-05,-0.0005045408678103,7.279084489901731e-06,0.0,3.614783454168887e-06,0.0005045408678101,1.3204688417055294e-06,1,2,1,0,0
584,29,13:39:15,6,-0.0020181634712411,63298.0,-0.0017658930373359,-0.0020181634712411,8.120883376489007e-06,-0.0025227043390515,8.401483005351431e-06,-0.0030272452068617,3.5982775936475675e-06,-0.003531786074672,3.2434015924392065e-06,-0.0040363269424824,4.316282526324949e-06,-0.0015136226034309,4.514352852580779e-06,-0.0010090817356205,1.0704050548075448e-05,-0.0005045408678103,7.279084489901731e-06,0.0,3.614783454168887e-06,0.0005045408678101,1.3204688417055294e-06,1,2,1,0,0
585,29,13:39:18,6,-0.0020181634712411,837009.0,-0.0017658930373359,-0.0020181634712411,7.551431188503496e-06,-0.0025227043390515,8.42624179613341e-06,-0.0030272452068617,3.5982775936475675e-06,-0.003531786074672,3.235148662178547e-06,-0.0040363269424824,4.316282526324949e-06,-0.0015136226034309,2.4181085663732507e-06,-0.0010090817356205,1.0737062269118089e-05,-0.0005045408678103,7.279084489901731e-06,0.0,3.614783454168887e-06,0.0005045408678101,1.3204688417055294e-06,2,1,1,0,0
586,29,13:39:21,6,-0.0020181634712411,1456026.0,-0.0017658930373359,-0.0020181634712411,4.159476851372418e-06,-0.0025227043390515,8.649070913171217e-06,-0.0030272452068617,3.5982775936475675e-06,-0.003531786074672,3.235148662178547e-06,-0.0040363269424824,4.316282526324949e-06,-0.0015136226034309,6.189697695494669e-07,-0.0010090817356205,1.0737062269118089e-05,-0.0005045408678103,7.279084489901731e-06,0.0,3.614783454168887e-06,0.0005045408678101,1.3204688417055294e-06,2,1,1,0,0
587,29,13:39:24,6,-0.0015136226034309,296807.0,-0.0012613521695256,-0.0015136226034309,9.078223286725516e-07,-0.0020181634712411,6.082409602106095e-06,-0.0025227043390515,6.833426255826115e-06,-0.0030272452068617,3.54876001208361e-06,-0.003531786074672,3.235148662178547e-06,-0.0010090817356205,1.0621521245468853e-05,-0.0005045408678103,7.279084489901731e-06,0.0,2.657443543932378e-06,0.0005045408678101,1.328721771966189e-06,0.0010090817356205,9.18551138011409e-06,1,0,0,0,0
588,29,13:39:27,6,-0.0020181634712411,405686.0,-0.0015136226034309,-0.0020181634712411,5.909098066632244e-06,-0.0025227043390515,7.081014163645902e-06,-0.0030272452068617,3.507495360780313e-06,-0.003531786074672,3.202136941135909e-06,-0.0040363269424824,4.151223921111758e-06,-0.0010090817356205,1.0827844501985342e-05,-0.0005045408678103,7.279084489901731e-06,0.0,2.657443543932378e-06,0.0005045408678101,1.328721771966189e-06,0.0010090817356205,9.18551138011409e-06,1,1,0,0,0
589,29,13:39:30,6,-0.0010090817356205,33644.0,-0.0015136226034309,-0.0020181634712411,6.338250440186541e-06,-0.0025227043390515,7.064508303124583e-06,-0.0030272452068617,3.5157482910409723e-06,-0.003531786074672,4.976516947177714e-06,-0.0040363269424824,4.060441688244503e-06,-0.0010090817356205,1.0827844501985342e-05,-0.0005045408678103,7.279084489901731e-06,0.0,2.657443543932378e-06,0.0005045408678101,1.328721771966189e-06,0.0010090817356205,9.18551138011409e-06,1,1,0,0,0
590,29,13:39:33,6,-0.0015136226034309,550195.0,-0.0012613521695256,-0.0015136226034309,9.243281891938706e-07,-0.0020181634712411,4.407064759192205e-06,-0.0025227043390515,7.10577295442788e-06,-0.0030272452068617,3.499242430519653e-06,-0.003531786074672,4.976516947177714e-06,-0.0010090817356205,1.0555497803383575e-05,-0.0005045408678103,7.279084489901731e-06,0.0,2.905031451752165e-06,0.0005045408678101,1.328721771966189e-06,0.0010090817356205,9.18551138011409e-06,0,0,0,0,0
591,29,13:39:36,6,-0.0015136226034309,308724.0,-0.0012613521695256,-0.0015136226034309,5.001275737959693e-06,-0.0020181634712411,4.283270805282311e-06,-0.0025227043390515,7.014990721560625e-06,-0.0030272452068617,3.4167131279130576e-06,-0.003531786074672,4.976516947177714e-06,-0.0010090817356205,1.086085622302798e-05,-0.0005045408678103,7.279084489901731e-06,0.0,2.905031451752165e-06,0.0005045408678101,1.328721771966189e-06,0.0010090817356205,9.18551138011409e-06,0,0,0,0,0
592,29,13:39:39,6,-0.0010090817356205,1209491.0,-0.0012613521695256,-0.0015136226034309,3.5900246633869083e-06,-0.0020181634712411,4.29977666580363e-06,-0.0025227043390515,7.1222788149492e-06,-0.0030272452068617,3.4497248489556955e-06,-0.003531786074672,4.753687830139906e-06,-0.0010090817356205,8.203412679095602e-06,-0.0005045408678103,7.353360862247667e-06,0.0,2.905031451752165e-06,0.0005045408678101,1.328721771966189e-06,0.0010090817356205,9.18551138011409e-06,0,0,0,0,0
593,29,13:39:42,6,-0.0015136226034309,449233.0,-0.0012613521695256,-0.0015136226034309,2.170520658553464e-06,-0.0020181634712411,4.29977666580363e-06,-0.0025227043390515,6.973726070257328e-06,-0.0030272452068617,3.4497248489556955e-06,-0.003531786074672,4.737181969618587e-06,-0.0010090817356205,8.244677330398899e-06,-0.0005045408678103,7.353360862247667e-06,0.0,2.905031451752165e-06,0.0005045408678101,1.328721771966189e-06,0.0010090817356205,9.18551138011409e-06,0,0,0,0,0
594,29,13:39:45,6,-0.0015136226034309,344356.0,-0.0012613521695256,-0.0015136226034309,2.475879078197868e-06,-0.0020181634712411,4.349294247367588e-06,-0.0025227043390515,5.942109787674882e-06,-0.0030272452068617,3.4497248489556955e-06,-0.003531786074672,4.737181969618587e-06,-0.0010090817356205,8.162148027792304e-06,-0.0005045408678103,7.353360862247667e-06,0.0,2.888525591230846e-06,0.0005045408678101,1.4112510745727846e-06,0.0010090817356205,9.18551138011409e-06,0,0,0,0,0
595,29,13:39:48,6,-0.0015136226034309,823332.0,-0.0017658930373359,-0.0020181634712411,4.365800107888907e-06,-0.0025227043390515,5.777051182461692e-06,-0.0030272452068617,3.4497248489556955e-06,-0.003531786074672,4.687664388054629e-06,-0.0040363269424824,4.019177036941205e-06,-0.0015136226034309,8.087871655446368e-07,-0.0010090817356205,7.939318910754495e-06,-0.0005045408678103,7.353360862247667e-06,0.0,2.888525591230846e-06,0.0005045408678101,1.4112510745727846e-06,1,0,0,0,0
596,29,13:39:51,6,-0.0020181634712411,1069060.0,-0.0017658930373359,-0.0020181634712411,4.258512014500333e-06,-0.0025227043390515,5.686268949594436e-06,-0.0030272452068617,3.4497248489556955e-06,-0.003531786074672,4.530858713102098e-06,-0.0040363269424824,3.994418246159227e-06,-0.0015136226034309,2.8885255912308454e-07,-0.0010090817356205,4.522605782841438e-06,-0.0005045408678103,7.353360862247667e-06,0.0,2.863766800448867e-06,0.0005045408678101,1.4112510745727846e-06,0,0,0,0,0
597,29,13:39:54,6,-0.0015136226034309,172186.0,-0.0017658930373359,-0.0020181634712411,4.200741502675716e-06,-0.0025227043390515,5.645004298291138e-06,-0.0030272452068617,3.4497248489556955e-06,-0.003531786074672,4.530858713102098e-06,-0.0040363269424824,3.994418246159227e-06,-0.0015136226034309,5.7770511824616916e-08,-0.0010090817356205,4.440076480234843e-06,-0.0005045408678103,7.444143095114923e-06,0.0,2.863766800448867e-06,0.0005045408678101,1.4112510745727846e-06,0,0,1,0,0
598,29,13:39:57,6,-0.0020181634712411,203838.0,-0.0017658930373359,-0.0020181634712411,4.407064759192205e-06,-0.0025227043390515,5.702774810115755e-06,-0.0030272452068617,3.433218988434377e-06,-0.003531786074672,3.705565687036142e-06,-0.0040363269424824,3.994418246159227e-06,-0.0015136226034309,7.262578629380412e-07,-0.0010090817356205,5.100310901087608e-06,-0.0005045408678103,7.526672397721518e-06,0.0,2.863766800448867e-06,0.0005045408678101,1.444262795615423e-06,0,0,1,0,0
599,29,13:40:00,6,-0.0020181634712411,146427.0,-0.0017658930373359,-0.0020181634712411,4.473088201277481e-06,-0.0025227043390515,5.669763089073117e-06,-0.0030272452068617,3.4414719186950363e-06,-0.003531786074672,3.4579777792163552e-06,-0.0040363269424824,3.986165315898567e-06,-0.0015136226034309,7.510166537200199e-07,-0.0010090817356205,5.174587273433543e-06,-0.0005045408678103,7.526672397721518e-06,0.0,2.863766800448867e-06,0.0005045408678101,1.444262795615423e-06,0,0,1,0,0
600,29,13:40:03,6,-0.0015136226034309,296847.0,-0.0017658930373359,-0.0020181634712411,4.50609992232012e-06,-0.0025227043390515,5.669763089073117e-06,-0.0030272452068617,3.4414719186950363e-06,-0.003531786074672,3.870624292249333e-06,-0.0040363269424824,3.986165315898567e-06,-0.0015136226034309,3.086595917486675e-06,-0.0010090817356205,5.23235778525816e-06,-0.0005045408678103,7.526672397721518e-06,0.0,2.863766800448867e-06,0.0005045408678101,1.4690215863974016e-06,0,0,1,0,0
601,29,13:40:06,6,-0.0025227043390515,1924642.0,-0.0022704339051463,-0.0025227043390515,5.479945693077947e-06,-0.0030272452068617,3.4414719186950363e-06,-0.003531786074672,3.870624292249333e-06,-0.0040363269424824,3.986165315898567e-06,-0.0045408678102926,1.968653984377731e-06,-0.0020181634712411,9.259787752460025e-06,-0.0015136226034309,4.704170248575949e-06,-0.0010090817356205,5.23235778525816e-06,-0.0005045408678103,7.526672397721518e-06,0.0,2.863766800448867e-06,1,0,1,0,0
602,29,13:40:09,6,-0.0025227043390515,468650.0,-0.0022704339051463,-0.0025227043390515,4.4153176894528645e-06,-0.0030272452068617,3.3424367555671216e-06,-0.003531786074672,3.870624292249333e-06,-0.0040363269424824,3.92839480407395e-06,-0.0045408678102926,1.80359537916454e-06,-0.0020181634712411,8.78937072760243e-06,-0.0015136226034309,4.770193690661225e-06,-0.0010090817356205,5.298381227343437e-06,-0.0005045408678103,7.526672397721518e-06,0.0,2.863766800448867e-06,1,0,1,0,0
603,29,13:40:12,6,-0.0025227043390515,723641.0,-0.0022704339051463,-0.0025227043390515,1.889921029691039e-06,-0.0030272452068617,3.3424367555671216e-06,-0.003531786074672,3.870624292249333e-06,-0.0040363269424824,3.845865501467355e-06,-0.0045408678102926,1.80359537916454e-06,-0.0020181634712411,8.550035750043303e-06,-0.0015136226034309,4.811458341964523e-06,-0.0010090817356205,5.215851924736842e-06,-0.0005045408678103,7.526672397721518e-06,0.0,2.863766800448867e-06,0,0,1,0,0
604,29,13:40:15,6,-0.0025227043390515,67229.0,-0.0022704339051463,-0.0025227043390515,1.700103633695869e-06,-0.0030272452068617,3.3424367555671216e-06,-0.003531786074672,3.870624292249333e-06,-0.0040363269424824,3.845865501467355e-06,-0.0045408678102926,1.80359537916454e-06,-0.0020181634712411,8.459253517176048e-06,-0.0015136226034309,4.811458341964523e-06,-0.0010090817356205,5.215851924736842e-06,-0.0005045408678103,7.526672397721518e-06,0.0,2.451120287415889e-06,0,0,1,0,0
605,29,13:40:18,6,-0.0025227043390515,247155.0,-0.0022704339051463,-0.0025227043390515,9.3258111945453e-07,-0.0030272452068617,3.325930895045802e-06,-0.003531786074672,3.870624292249333e-06,-0.0040363269424824,3.54876001208361e-06,-0.0045408678102926,1.80359537916454e-06,-0.0020181634712411,8.112630446228347e-06,-0.0015136226034309,5.1580814129122245e-06,-0.0010090817356205,5.628498437769819e-06,-0.0005045408678103,7.526672397721518e-06,0.0,2.4923849387191867e-06,0,0,1,0,0
606,29,13:40:21,6,-0.0025227043390515,149759.0,-0.0022704339051463,-0.0025227043390515,7.367390843690788e-07,-0.0030272452068617,3.1691252200932705e-06,-0.003531786074672,3.870624292249333e-06,-0.0040363269424824,3.54876001208361e-06,-0.0045408678102926,1.80359537916454e-06,-0.0020181634712411,7.939318910754495e-06,-0.0015136226034309,5.24061071551882e-06,-0.0010090817356205,5.628498437769819e-06,-0.0005045408678103,7.526672397721518e-06,0.0,2.4923849387191867e-06,0,0,1,0,0
607,29,13:40:24,6,-0.0025227043390515,88975.0,-0.0022704339051463,-0.0025227043390515,5.386687581132495e-07,-0.0030272452068617,3.1691252200932705e-06,-0.003531786074672,3.870624292249333e-06,-0.0040363269424824,3.54876001208361e-06,-0.0045408678102926,1.80359537916454e-06,-0.0020181634712411,8.120883376489007e-06,-0.0015136226034309,5.1580814129122245e-06,-0.0010090817356205,5.628498437769819e-06,-0.0005045408678103,7.452396025375581e-06,0.0,2.599673032107761e-06,0,1,1,1,0
608,29,13:40:27,6,-0.0030272452068617,775788.0,-0.0027749747729566,-0.0030272452068617,3.1361134990506325e-06,-0.003531786074672,3.870624292249333e-06,-0.0040363269424824,3.55701294234427e-06,-0.0045408678102926,1.80359537916454e-06,-0.0050454086781029,1.609321400828614e-06,-0.0025227043390515,1.5680567495253166e-07,-0.0020181634712411,6.542345405532652e-06,-0.0015136226034309,5.323140018125416e-06,-0.0010090817356205,4.803205411703864e-06,-0.0005045408678103,7.452396025375581e-06,1,2,1,1,1
609,29,13:40:30,6,-0.0030272452068617,209530.0,-0.0027749747729566,-0.0030272452068617,2.954549033316122e-06,-0.003531786074672,3.870624292249333e-06,-0.0040363269424824,3.55701294234427e-06,-0.0045408678102926,1.80359537916454e-06,-0.0050454086781029,1.609321400828614e-06,-0.0025227043390515,7.180049326773816e-07,-0.0020181634712411,6.509333684490014e-06,-0.0015136226034309,5.323140018125416e-06,-0.0010090817356205,4.803205411703864e-06,-0.0005045408678103,7.452396025375581e-06,1,2,1,1,1
610,29,13:40:33,6,-0.0030272452068617,110700.0,-0.0027749747729566,-0.0030272452068617,2.731719916278314e-06,-0.003531786074672,3.895383083031312e-06,-0.0040363269424824,3.55701294234427e-06,-0.0045408678102926,1.7210660765579443e-06,-0.0050454086781029,1.609321400828614e-06,-0.0025227043390515,1.1389043759710192e-06,-0.0020181634712411,6.674392289703205e-06,-0.0015136226034309,5.364404669428714e-06,-0.0010090817356205,4.803205411703864e-06,-0.0005045408678103,7.452396025375581e-06,1,2,1,1,1
611,29,13:40:36,6,-0.0030272452068617,472452.0,-0.0027749747729566,-0.0030272452068617,4.737181969618587e-06,-0.003531786074672,4.060441688244503e-06,-0.0040363269424824,3.55701294234427e-06,-0.0045408678102926,1.7210660765579443e-06,-0.0050454086781029,1.609321400828614e-06,-0.0025227043390515,2.4263614966339104e-06,-0.0020181634712411,6.756921592309801e-06,-0.0015136226034309,5.364404669428714e-06,-0.0010090817356205,4.811458341964523e-06,-0.0005045408678103,7.452396025375581e-06,1,2,1,1,1
612,29,13:40:39,6,-0.0030272452068617,98822.0,-0.0027749747729566,-0.0030272452068617,5.834821694286308e-06,-0.003531786074672,4.085200479026482e-06,-0.0040363269424824,3.55701294234427e-06,-0.0045408678102926,1.7210660765579443e-06,-0.0050454086781029,1.609321400828614e-06,-0.0025227043390515,2.508890799240506e-06,-0.0020181634712411,6.748668662049141e-06,-0.0015136226034309,5.364404669428714e-06,-0.0010090817356205,4.827964202485842e-06,-0.0005045408678103,7.452396025375581e-06,2,2,1,1,1
613,29,13:40:42,6,-0.0030272452068617,71160.0,-0.0027749747729566,-0.0030272452068617,5.81006290350433e-06,-0.003531786074672,4.093453409287141e-06,-0.0040363269424824,3.54876001208361e-06,-0.0045408678102926,1.7210660765579443e-06,-0.0050454086781029,1.6010684705679544e-06,-0.0025227043390515,2.335579263766655e-06,-0.0020181634712411,6.748668662049141e-06,-0.0015136226034309,5.364404669428714e-06,-0.0010090817356205,4.86922885378914e-06,-0.0005045408678103,7.452396025375581e-06,2,1,1,1,1
614,29,13:40:45,6,-0.0030272452068617,545636.0,-0.0027749747729566,-0.0030272452068617,5.777051182461692e-06,-0.003531786074672,4.093453409287141e-06,-0.0040363269424824,3.54876001208361e-06,-0.0045408678102926,1.7210660765579443e-06,-0.0050454086781029,1.6010684705679544e-06,-0.0025227043390515,1.5102862377006992e-06,-0.0020181634712411,6.748668662049141e-06,-0.0015136226034309,5.034287459002331e-06,-0.0010090817356205,4.86922885378914e-06,-0.0005045408678103,7.452396025375581e-06,2,1,1,0,1
615,29,13:40:48,6,-0.0030272452068617,367697.0,-0.0027749747729566,-0.0030272452068617,5.595486716727181e-06,-0.003531786074672,4.093453409287141e-06,-0.0040363269424824,3.54876001208361e-06,-0.0045408678102926,1.7623307278612422e-06,-0.0050454086781029,1.6010684705679544e-06,-0.0025227043390515,2.0632325651648897e-07,-0.0020181634712411,6.748668662049141e-06,-0.0015136226034309,3.4414719186950363e-06,-0.0010090817356205,5.116816761608927e-06,-0.0005045408678103,7.452396025375581e-06,2,1,1,0,1
616,29,13:40:51,6,-0.0025227043390515,112661.0,-0.0027749747729566,-0.0030272452068617,5.463439832556628e-06,-0.003531786074672,4.093453409287141e-06,-0.0040363269424824,3.54876001208361e-06,-0.0045408678102926,1.7623307278612422e-06,-0.0050454086781029,1.6010684705679544e-06,-0.0025227043390515,3.218642801657228e-07,-0.0020181634712411,6.748668662049141e-06,-0.0015136226034309,4.175982711893737e-06,-0.0010090817356205,5.116816761608927e-06,-0.0005045408678103,7.452396025375581e-06,2,1,1,0,1
617,29,13:40:54,6,-0.0020181634712411,126527.0,-0.0022704339051463,-0.0025227043390515,1.3699864232694867e-06,-0.0030272452068617,5.521210344381245e-06,-0.003531786074672,4.29977666580363e-06,-0.0040363269424824,3.54876001208361e-06,-0.0045408678102926,1.7623307278612422e-06,-0.0020181634712411,6.756921592309801e-06,-0.0015136226034309,4.093453409287141e-06,-0.0010090817356205,5.149828482651565e-06,-0.0005045408678103,7.452396025375581e-06,0.0,2.599673032107761e-06,1,0,0,0,1
618,29,13:40:57,6,-0.0025227043390515,110712.0,-0.0022704339051463,-0.0025227043390515,1.2131807483169552e-06,-0.0030272452068617,5.438681041774649e-06,-0.003531786074672,4.332788386846268e-06,-0.0040363269424824,3.54876001208361e-06,-0.0045408678102926,1.7623307278612422e-06,-0.0020181634712411,6.798186243613098e-06,-0.0015136226034309,4.093453409287141e-06,-0.0010090817356205,5.149828482651565e-06,-0.0005045408678103,7.452396025375581e-06,0.0,2.599673032107761e-06,0,0,0,0,1
619,29,13:41:00,6,-0.0025227043390515,23724.0,-0.0022704339051463,-0.0025227043390515,1.163663166752998e-06,-0.0030272452068617,5.4304281115139895e-06,-0.003531786074672,4.382305968410226e-06,-0.0040363269424824,3.54876001208361e-06,-0.0045408678102926,1.7623307278612422e-06,-0.0020181634712411,6.798186243613098e-06,-0.0015136226034309,4.093453409287141e-06,-0.0010090817356205,5.149828482651565e-06,-0.0005045408678103,7.452396025375581e-06,0.0,2.599673032107761e-06,0,0,0,0,1
620,29,13:41:03,6,-0.0025227043390515,373664.0,-0.0022704339051463,-0.0025227043390515,1.1554102364923383e-07,-0.0030272452068617,5.4304281115139895e-06,-0.003531786074672,4.382305968410226e-06,-0.0040363269424824,3.54876001208361e-06,-0.0045408678102926,1.7623307278612422e-06,-0.0020181634712411,6.756921592309801e-06,-0.0015136226034309,4.208994432936375e-06,-0.0010090817356205,5.166334343172884e-06,-0.0005045408678103,7.452396025375581e-06,0.0,2.5336495900224848e-06,0,0,0,0,1
621,29,13:41:06,6,-0.0020181634712411,260914.0,-0.0022704339051463,-0.0025227043390515,2.6656964741930374e-06,-0.0030272452068617,3.317677964785143e-06,-0.003531786074672,4.464835271016822e-06,-0.0040363269424824,3.54876001208361e-06,-0.0045408678102926,1.7623307278612422e-06,-0.0020181634712411,6.476321963447376e-06,-0.0015136226034309,4.208994432936375e-06,-0.0010090817356205,5.166334343172884e-06,-0.0005045408678103,7.452396025375581e-06,0.0,2.5336495900224848e-06,0,0,0,0,1
622,29,13:41:09,6,-0.0025227043390515,610893.0,-0.0022704339051463,-0.0025227043390515,1.5680567495253166e-07,-0.0030272452068617,3.2846662437425045e-06,-0.003531786074672,4.464835271016822e-06,-0.0040363269424824,3.664301035732844e-06,-0.0045408678102926,1.7623307278612422e-06,-0.0020181634712411,7.029268290911566e-06,-0.0015136226034309,4.093453409287141e-06,-0.0010090817356205,5.166334343172884e-06,-0.0005045408678103,7.452396025375581e-06,0.0,2.5336495900224848e-06,0,0,0,0,1
623,29,13:41:12,6,-0.0030272452068617,63260.0,-0.0027749747729566,-0.0030272452068617,3.74683033833944e-06,-0.003531786074672,4.473088201277481e-06,-0.0040363269424824,3.664301035732844e-06,-0.0045408678102926,1.7623307278612422e-06,-0.0050454086781029,4.060441688244503e-06,-0.0025227043390515,7.560509411790222e-07,-0.0020181634712411,7.087038802736184e-06,-0.0015136226034309,4.093453409287141e-06,-0.0010090817356205,5.166334343172884e-06,-0.0005045408678103,7.452396025375581e-06,1,1,1,1,1
624,29,13:41:15,6,-0.0030272452068617,106746.0,-0.0027749747729566,-0.0030272452068617,3.763336198860759e-06,-0.003531786074672,4.530858713102098e-06,-0.0040363269424824,3.664301035732844e-06,-0.0045408678102926,2.1749772408942203e-06,-0.0050454086781029,4.060441688244503e-06,-0.0025227043390515,1.8500593765320533e-06,-0.0020181634712411,7.078785872475524e-06,-0.0015136226034309,4.192488572415056e-06,-0.0010090817356205,5.24886364577948e-06,-0.0005045408678103,7.452396025375581e-06,1,0,1,1,1
625,29,13:41:18,6,-0.0030272452068617,225331.0,-0.0027749747729566,-0.0030272452068617,3.474483639737674e-06,-0.003531786074672,4.530858713102098e-06,-0.0040363269424824,3.664301035732844e-06,-0.0045408678102926,2.1749772408942203e-06,-0.0050454086781029,4.060441688244503e-06,-0.0025227043390515,1.5447009568876495e-06,-0.0020181634712411,7.161315175082119e-06,-0.0015136226034309,4.192488572415056e-06,-0.0010090817356205,4.960011086656395e-06,-0.0005045408678103,7.452396025375581e-06,1,0,1,1,1
626,29,13:41:21,6,-0.0025227043390515,77093.0,-0.0027749747729566,-0.0030272452068617,3.433218988434377e-06,-0.003531786074672,4.522605782841438e-06,-0.0040363269424824,3.672553965993504e-06,-0.0045408678102926,2.1749772408942203e-06,-0.0050454086781029,4.060441688244503e-06,-0.0025227043390515,2.023370912005904e-06,-0.0020181634712411,7.161315175082119e-06,-0.0015136226034309,4.192488572415056e-06,-0.0010090817356205,5.0095286682203525e-06,-0.0005045408678103,7.452396025375581e-06,1,0,1,1,1
627,29,13:41:24,6,-0.0030272452068617,229226.0,-0.0027749747729566,-0.0030272452068617,2.5666613110651227e-06,-0.003531786074672,4.522605782841438e-06,-0.0040363269424824,3.672553965993504e-06,-0.0045408678102926,2.1749772408942203e-06,-0.0050454086781029,4.060441688244503e-06,-0.0025227043390515,1.949094539659968e-06,-0.0020181634712411,7.161315175082119e-06,-0.0015136226034309,4.192488572415056e-06,-0.0010090817356205,5.0095286682203525e-06,-0.0005045408678103,7.452396025375581e-06,1,0,1,1,1
628,29,13:41:27,6,-0.0030272452068617,47435.0,-0.0027749747729566,-0.0030272452068617,2.541902520283144e-06,-0.003531786074672,4.522605782841438e-06,-0.0040363269424824,3.0948488477473345e-06,-0.0045408678102926,2.1749772408942203e-06,-0.0050454086781029,4.060441688244503e-06,-0.0025227043390515,1.9408416093993085e-06,-0.0020181634712411,7.161315175082119e-06,-0.0015136226034309,4.192488572415056e-06,-0.0010090817356205,5.042540389262991e-06,-0.0005045408678103,7.452396025375581e-06,1,0,1,1,1
629,29,13:41:30,6,-0.0030272452068617,282568.0,-0.0027749747729566,-0.0030272452068617,1.667091912653231e-06,-0.003531786074672,4.5638704341447365e-06,-0.0040363269424824,3.086595917486675e-06,-0.0045408678102926,2.1749772408942203e-06,-0.0050454086781029,4.126465130329779e-06,-0.0025227043390515,2.180176586958436e-06,-0.0020181634712411,7.078785872475524e-06,-0.0015136226034309,4.192488572415056e-06,-0.0010090817356205,5.042540389262991e-06,-0.0005045408678103,7.452396025375581e-06,0,0,1,1,1
630,29,13:41:33,6,-0.0030272452068617,102767.0,-0.0027749747729566,-0.0030272452068617,1.3782393535301464e-06,-0.003531786074672,4.572123364405395e-06,-0.0040363269424824,3.086595917486675e-06,-0.0045408678102926,2.084195008026965e-06,-0.0050454086781029,4.126465130329779e-06,-0.0025227043390515,2.064635563309202e-06,-0.0020181634712411,7.186073965864098e-06,-0.0015136226034309,4.192488572415056e-06,-0.0010090817356205,5.042540389262991e-06,-0.0005045408678103,7.452396025375581e-06,0,0,1,1,1
631,29,13:41:36,6,-0.0030272452068617,294458.0,-0.0027749747729566,-0.0030272452068617,1.8073917270844437e-06,-0.003531786074672,4.572123364405395e-06,-0.0040363269424824,3.086595917486675e-06,-0.0045408678102926,2.084195008026965e-06,-0.0050454086781029,4.126465130329779e-06,-0.0025227043390515,2.188429517219095e-06,-0.0020181634712411,7.037521221172226e-06,-0.0015136226034309,4.192488572415056e-06,-0.0010090817356205,5.042540389262991e-06,-0.0005045408678103,7.452396025375581e-06,0,0,1,1,1
632,29,13:41:39,6,-0.0030272452068617,652290.0,-0.0027749747729566,-0.0030272452068617,1.402998144312125e-06,-0.003531786074672,4.572123364405395e-06,-0.0040363269424824,3.086595917486675e-06,-0.0045408678102926,2.084195008026965e-06,-0.0050454086781029,4.126465130329779e-06,-0.0025227043390515,1.5447009568876495e-06,-0.0020181634712411,7.037521221172226e-06,-0.0015136226034309,4.192488572415056e-06,-0.0010090817356205,5.24886364577948e-06,-0.0005045408678103,7.452396025375581e-06,0,0,1,1,1
633,29,13:41:42,6,-0.0030272452068617,162039.0,-0.0027749747729566,-0.0030272452068617,8.995693984118919e-07,-0.003531786074672,4.572123364405395e-06,-0.0040363269424824,3.086595917486675e-06,-0.0045408678102926,2.084195008026965e-06,-0.0050454086781029,4.126465130329779e-06,-0.0025227043390515,1.5694597476696284e-06,-0.0020181634712411,7.037521221172226e-06,-0.0015136226034309,4.192488572415056e-06,-0.0010090817356205,5.24886364577948e-06,-0.0005045408678103,7.452396025375581e-06,0,0,1,1,1
634,29,13:41:45,6,-0.003531786074672,221310.0,-0.0032795156407667,-0.003531786074672,4.803205411703864e-06,-0.0040363269424824,3.086595917486675e-06,-0.0045408678102926,2.084195008026965e-06,-0.0050454086781029,4.126465130329779e-06,-0.0055499495459131,1.1801690272743168e-06,-0.0030272452068617,3.3011721042638234e-08,-0.0025227043390515,1.651989050276224e-06,-0.0020181634712411,7.037521221172226e-06,-0.0015136226034309,4.192488572415056e-06,-0.0010090817356205,5.265369506300799e-06,1,1,1,1,2
635,29,13:41:48,6,-0.0030272452068617,75102.0,-0.0032795156407667,-0.003531786074672,4.819711272225183e-06,-0.0040363269424824,3.086595917486675e-06,-0.0045408678102926,2.0429303567236672e-06,-0.0050454086781029,4.126465130329779e-06,-0.0055499495459131,1.1801690272743168e-06,-0.0030272452068617,5.7770511824616916e-08,-0.0025227043390515,1.965600400181287e-06,-0.0020181634712411,7.120050523778821e-06,-0.0015136226034309,2.541902520283144e-06,-0.0010090817356205,5.265369506300799e-06,1,1,1,2,2
636,29,13:41:51,6,-0.003531786074672,533264.0,-0.0032795156407667,-0.003531786074672,2.7234669860176544e-06,-0.0040363269424824,3.086595917486675e-06,-0.0045408678102926,2.0429303567236672e-06,-0.0050454086781029,4.126465130329779e-06,-0.0055499495459131,1.1801690272743168e-06,-0.0030272452068617,6.602344208527647e-07,-0.0025227043390515,2.0467267046435707e-06,-0.0020181634712411,7.136556384300141e-06,-0.0015136226034309,2.541902520283144e-06,-0.0010090817356205,5.265369506300799e-06,1,1,1,2,2
637,29,13:41:54,6,-0.003531786074672,671524.0,-0.0032795156407667,-0.003531786074672,2.558408380804464e-07,-0.0040363269424824,3.086595917486675e-06,-0.0045408678102926,2.0429303567236672e-06,-0.0050454086781029,4.126465130329779e-06,-0.0055499495459131,1.1801690272743168e-06,-0.0030272452068617,9.490869799758492e-07,-0.0025227043390515,2.0467267046435707e-06,-0.0020181634712411,7.136556384300141e-06,-0.0015136226034309,2.541902520283144e-06,-0.0010090817356205,5.100310901087608e-06,1,2,1,2,2
638,29,13:41:57,6,-0.003531786074672,39500.0,-0.0032795156407667,-0.003531786074672,4.621640945969353e-07,-0.0040363269424824,3.086595917486675e-06,-0.0045408678102926,2.0346774264630075e-06,-0.0050454086781029,4.126465130329779e-06,-0.0055499495459131,1.1801690272743168e-06,-0.0030272452068617,1.551550889003997e-06,-0.0025227043390515,2.170520658553464e-06,-0.0020181634712411,7.095291732996842e-06,-0.0015136226034309,2.541902520283144e-06,-0.0010090817356205,5.100310901087608e-06,1,2,1,2,2
639,29,13:42:00,6,-0.003531786074672,21730.0,-0.0032795156407667,-0.003531786074672,4.456582340756162e-07,-0.0040363269424824,3.103101778007994e-06,-0.0045408678102926,3.809057432504813e-06,-0.0050454086781029,4.134718060590439e-06,-0.0055499495459131,1.1801690272743168e-06,-0.0030272452068617,1.8651622389090603e-06,-0.0025227043390515,2.170520658553464e-06,-0.0020181634712411,7.095291732996842e-06,-0.0015136226034309,2.541902520283144e-06,-0.0010090817356205,5.182840203694203e-06,1,2,1,2,2
640,29,13:42:03,6,-0.003531786074672,49387.0,-0.0032795156407667,-0.003531786074672,2.880272660970186e-06,-0.0040363269424824,3.103101778007994e-06,-0.0045408678102926,3.809057432504813e-06,-0.0050454086781029,4.134718060590439e-06,-0.0055499495459131,1.1801690272743168e-06,-0.0030272452068617,1.7826329363024648e-06,-0.0025227043390515,2.170520658553464e-06,-0.0020181634712411,7.095291732996842e-06,-0.0015136226034309,2.541902520283144e-06,-0.0010090817356205,5.2241048549975004e-06,1,2,1,2,2
641,29,13:42:06,6,-0.003531786074672,181738.0,-0.0032795156407667,-0.003531786074672,4.30802959606429e-06,-0.0040363269424824,3.086595917486675e-06,-0.0045408678102926,3.817310362765472e-06,-0.0050454086781029,4.126465130329779e-06,-0.0055499495459131,1.1801690272743168e-06,-0.0030272452068617,1.5020333074400395e-06,-0.0025227043390515,2.0879913559468683e-06,-0.0020181634712411,7.012762430390247e-06,-0.0015136226034309,2.541902520283144e-06,-0.0010090817356205,5.24061071551882e-06,1,2,1,1,2
642,29,13:42:09,6,-0.003531786074672,565002.0,-0.0032795156407667,-0.003531786074672,4.662905597272651e-06,-0.0040363269424824,3.086595917486675e-06,-0.0045408678102926,3.817310362765472e-06,-0.0050454086781029,4.126465130329779e-06,-0.0055499495459131,1.1801690272743168e-06,-0.0030272452068617,5.694521879855096e-07,-0.0025227043390515,2.0879913559468683e-06,-0.0020181634712411,7.012762430390247e-06,-0.0015136226034309,2.541902520283144e-06,-0.0010090817356205,5.24061071551882e-06,2,2,1,1,2
643,29,13:42:12,6,-0.003531786074672,150135.0,-0.0032795156407667,-0.003531786074672,4.4895940617988e-06,-0.0040363269424824,3.086595917486675e-06,-0.0045408678102926,3.817310362765472e-06,-0.0050454086781029,4.126465130329779e-06,-0.0055499495459131,1.1801690272743168e-06,-0.0030272452068617,3.713818617296802e-07,-0.0025227043390515,2.0879913559468683e-06,-0.0020181634712411,7.012762430390247e-06,-0.0015136226034309,2.541902520283144e-06,-0.0010090817356205,5.24886364577948e-06,2,2,1,2,2
644,29,13:42:15,6,-0.003531786074672,124426.0,-0.0032795156407667,-0.003531786074672,4.175982711893737e-06,-0.0040363269424824,3.086595917486675e-06,-0.0045408678102926,3.817310362765472e-06,-0.0050454086781029,4.126465130329779e-06,-0.0055499495459131,1.1801690272743168e-06,-0.0030272452068617,6.437285603314456e-07,-0.0025227043390515,2.104497216468188e-06,-0.0020181634712411,7.153062244821459e-06,-0.0015136226034309,2.541902520283144e-06,-0.0010090817356205,5.24886364577948e-06,2,0,1,1,2
645,29,13:42:18,6,-0.003531786074672,286418.0,-0.0032795156407667,-0.003531786074672,4.398811828931545e-06,-0.0040363269424824,3.086595917486675e-06,-0.0045408678102926,3.817310362765472e-06,-0.0050454086781029,4.043935827723184e-06,-0.0055499495459131,1.1801690272743168e-06,-0.0030272452068617,6.107168392888073e-07,-0.0025227043390515,2.104497216468188e-06,-0.0020181634712411,7.136556384300141e-06,-0.0015136226034309,2.541902520283144e-06,-0.0010090817356205,5.24886364577948e-06,2,0,1,1,2
646,29,13:42:21,6,-0.003531786074672,347641.0,-0.0032795156407667,-0.003531786074672,4.052188757983844e-06,-0.0040363269424824,3.086595917486675e-06,-0.0045408678102926,3.817310362765472e-06,-0.0050454086781029,4.043935827723184e-06,-0.0055499495459131,1.270951260141572e-06,-0.0030272452068617,3.218642801657228e-07,-0.0025227043390515,3.7550832686000993e-06,-0.0020181634712411,7.136556384300141e-06,-0.0015136226034309,2.376843915069953e-06,-0.0010090817356205,5.24886364577948e-06,2,0,1,1,2
647,29,13:42:24,6,-0.0025227043390515,705683.0,-0.0027749747729566,-0.0030272452068617,4.646399736751332e-06,-0.003531786074672,4.217247363197034e-06,-0.0040363269424824,3.086595917486675e-06,-0.0045408678102926,3.817310362765472e-06,-0.0050454086781029,4.043935827723184e-06,-0.0025227043390515,1.7991387968237838e-06,-0.0020181634712411,7.219085686906736e-06,-0.0015136226034309,2.376843915069953e-06,-0.0010090817356205,5.24886364577948e-06,-0.0005045408678103,7.534925327982178e-06,1,0,1,1,2
648,29,13:42:27,6,-0.0030272452068617,33592.0,-0.0027749747729566,-0.0030272452068617,6.107168392888074e-06,-0.003531786074672,2.6491906136717184e-06,-0.0040363269424824,3.0948488477473345e-06,-0.0045408678102926,3.809057432504813e-06,-0.0050454086781029,4.052188757983844e-06,-0.0025227043390515,1.7991387968237838e-06,-0.0020181634712411,7.219085686906736e-06,-0.0015136226034309,2.376843915069953e-06,-0.0010090817356205,5.364404669428714e-06,-0.0005045408678103,7.534925327982178e-06,1,0,1,1,2
649,29,13:42:30,6,-0.0030272452068617,88920.0,-0.0027749747729566,-0.0030272452068617,6.189697695494669e-06,-0.003531786074672,3.1526193595719515e-06,-0.0040363269424824,3.0948488477473345e-06,-0.0045408678102926,3.866827944329429e-06,-0.0050454086781029,4.052188757983844e-06,-0.0025227043390515,1.815644657345103e-06,-0.0020181634712411,7.219085686906736e-06,-0.0015136226034309,2.376843915069953e-06,-0.0010090817356205,5.364404669428714e-06,-0.0005045408678103,7.534925327982178e-06,0,0,1,1,2
650,29,13:42:33,6,-0.0030272452068617,152152.0,-0.0027749747729566,-0.0030272452068617,5.570727925945203e-06,-0.003531786074672,3.17737815035393e-06,-0.0040363269424824,3.0948488477473345e-06,-0.0045408678102926,3.866827944329429e-06,-0.0050454086781029,4.052188757983844e-06,-0.0025227043390515,1.815644657345103e-06,-0.0020181634712411,7.219085686906736e-06,-0.0015136226034309,2.376843915069953e-06,-0.0010090817356205,5.364404669428714e-06,-0.0005045408678103,7.534925327982178e-06,0,0,1,1,2
651,29,13:42:36,6,-0.0030272452068617,381402.0,-0.0027749747729566,-0.0030272452068617,4.258512014500333e-06,-0.003531786074672,3.18563108061459e-06,-0.0040363269424824,3.0948488477473345e-06,-0.0045408678102926,3.866827944329429e-06,-0.0050454086781029,4.052188757983844e-06,-0.0025227043390515,1.6423331218712525e-06,-0.0020181634712411,7.219085686906736e-06,-0.0015136226034309,2.376843915069953e-06,-0.0010090817356205,5.380910529950032e-06,-0.0005045408678103,7.534925327982178e-06,0,0,1,1,2
652,29,13:42:39,6,-0.0030272452068617,502109.0,-0.0027749747729566,-0.0030272452068617,4.258512014500333e-06,-0.003531786074672,3.18563108061459e-06,-0.0040363269424824,3.0948488477473345e-06,-0.0045408678102926,3.899839665372068e-06,-0.0050454086781029,4.052188757983844e-06,-0.0025227043390515,4.951758156395735e-08,-0.0020181634712411,7.219085686906736e-06,-0.0015136226034309,2.376843915069953e-06,-0.0010090817356205,5.422175181253331e-06,-0.0005045408678103,7.534925327982178e-06,0,0,1,1,2
653,29,13:42:42,6,-0.0030272452068617,136378.0,-0.0027749747729566,-0.0030272452068617,3.953153594855929e-06,-0.003531786074672,3.4414719186950363e-06,-0.0040363269424824,3.0948488477473345e-06,-0.0045408678102926,3.899839665372068e-06,-0.0050454086781029,4.052188757983844e-06,-0.0025227043390515,2.475879078197868e-08,-0.0020181634712411,7.219085686906736e-06,-0.0015136226034309,2.376843915069953e-06,-0.0010090817356205,5.422175181253331e-06,-0.0005045408678103,7.534925327982178e-06,0,0,1,1,2
654,29,13:42:45,6,-0.0040363269424824,1689131.0,-0.0037840565085773,-0.0040363269424824,3.086595917486675e-06,-0.0045408678102926,3.899839665372068e-06,-0.0050454086781029,4.052188757983844e-06,-0.0055499495459131,1.270951260141572e-06,-0.0060544904137235,5.884339275850265e-06,-0.003531786074672,5.488198623338607e-06,-0.0025227043390515,4.043935827723184e-07,-0.0020181634712411,7.219085686906736e-06,-0.0015136226034309,2.376843915069953e-06,-0.0010090817356205,5.422175181253331e-06,2,2,2,2,2
655,29,13:42:48,6,-0.0040363269424824,88872.0,-0.0037840565085773,-0.0040363269424824,3.144366429311292e-06,-0.0045408678102926,3.974116037718004e-06,-0.0050454086781029,4.052188757983844e-06,-0.0055499495459131,1.270951260141572e-06,-0.0060544904137235,5.917350996892904e-06,-0.003531786074672,5.512957414120586e-06,-0.0030272452068617,2.764731637320952e-06,-0.0025227043390515,4.043935827723184e-07,-0.0020181634712411,7.219085686906736e-06,-0.0015136226034309,2.376843915069953e-06,2,2,2,2,2
656,29,13:42:51,6,-0.0040363269424824,130328.0,-0.0037840565085773,-0.0040363269424824,2.938043172794803e-06,-0.0045408678102926,3.974116037718004e-06,-0.0050454086781029,4.060441688244503e-06,-0.0055499495459131,1.270951260141572e-06,-0.0060544904137235,5.917350996892904e-06,-0.003531786074672,5.191093133954863e-06,-0.0030272452068617,1.5226656330916886e-05,-0.0025227043390515,4.043935827723184e-07,-0.0020181634712411,7.219085686906736e-06,-0.0015136226034309,2.376843915069953e-06,2,2,2,2,2
657,29,13:42:54,6,-0.0030272452068617,1252150.0,-0.0032795156407667,-0.003531786074672,1.947691541515656e-06,-0.0040363269424824,3.0040666148800795e-06,-0.0045408678102926,3.974116037718004e-06,-0.0050454086781029,4.060441688244503e-06,-0.0055499495459131,1.270951260141572e-06,-0.0030272452068617,1.5267920982220183e-05,-0.0025227043390515,1.221433678577615e-06,-0.0020181634712411,7.219085686906736e-06,-0.0015136226034309,2.376843915069953e-06,-0.0010090817356205,5.4304281115139895e-06,1,1,2,2,2
658,29,13:42:57,6,-0.0030272452068617,148190.0,-0.0032795156407667,-0.003531786074672,2.4181085663732507e-06,-0.0040363269424824,3.3011721042638235e-06,-0.0045408678102926,3.932851386414706e-06,-0.0050454086781029,4.060441688244503e-06,-0.0055499495459131,1.270951260141572e-06,-0.0030272452068617,1.4838768608665889e-05,-0.0025227043390515,1.3369747022268483e-06,-0.0020181634712411,7.219085686906736e-06,-0.0015136226034309,2.376843915069953e-06,-0.0010090817356205,5.4304281115139895e-06,1,1,2,2,2
659,29,13:43:00,6,-0.003531786074672,181781.0,-0.0032795156407667,-0.003531786074672,2.43461442689457e-06,-0.0040363269424824,3.292919174003164e-06,-0.0045408678102926,3.932851386414706e-06,-0.0050454086781029,4.060441688244503e-06,-0.0055499495459131,1.270951260141572e-06,-0.0030272452068617,1.4178534187813125e-05,-0.0025227043390515,1.3369747022268483e-06,-0.0020181634712411,7.219085686906736e-06,-0.0015136226034309,2.376843915069953e-06,-0.0010090817356205,5.4304281115139895e-06,1,1,2,2,2
660,29,13:43:03,6,-0.003531786074672,586681.0,-0.0032795156407667,-0.003531786074672,9.903516312791472e-07,-0.0040363269424824,3.3671955463491003e-06,-0.0045408678102926,3.932851386414706e-06,-0.0050454086781029,4.060441688244503e-06,-0.0055499495459131,1.270951260141572e-06,-0.0030272452068617,1.328721771966189e-05,-0.0025227043390515,1.3369747022268483e-06,-0.0020181634712411,7.351132571077289e-06,-0.0015136226034309,2.376843915069953e-06,-0.0010090817356205,5.512957414120586e-06,1,2,2,2,2
661,29,13:43:06,6,-0.003531786074672,640151.0,-0.0032795156407667,-0.003531786074672,5.199346064215523e-07,-0.0040363269424824,3.3671955463491003e-06,-0.0045408678102926,3.932851386414706e-06,-0.0050454086781029,4.060441688244503e-06,-0.0055499495459131,1.31221591144487e-06,-0.0030272452068617,1.1356032038667554e-05,-0.0025227043390515,1.3369747022268483e-06,-0.0020181634712411,7.351132571077289e-06,-0.0015136226034309,2.376843915069953e-06,-0.0010090817356205,5.554222065423883e-06,1,2,1,2,2
662,29,13:43:09,6,-0.003531786074672,276615.0,-0.0032795156407667,-0.003531786074672,1.8569093086484008e-06,-0.0040363269424824,3.391954337131079e-06,-0.0045408678102926,3.932851386414706e-06,-0.0050454086781029,4.060441688244503e-06,-0.0055499495459131,1.31221591144487e-06,-0.0030272452068617,1.048122143103764e-05,-0.0025227043390515,1.3534805627481675e-06,-0.0020181634712411,7.268603268470693e-06,-0.0015136226034309,2.376843915069953e-06,-0.0010090817356205,5.554222065423883e-06,1,2,1,2,2
663,29,13:43:12,6,-0.003531786074672,219225.0,-0.0032795156407667,-0.003531786074672,3.7880949896427376e-06,-0.0040363269424824,3.3754484766097595e-06,-0.0045408678102926,4.0401394798032806e-06,-0.0050454086781029,4.060441688244503e-06,-0.0055499495459131,1.31221591144487e-06,-0.0030272452068617,1.0976397246677211e-05,-0.0025227043390515,1.3534805627481675e-06,-0.0020181634712411,6.567104196314631e-06,-0.0015136226034309,2.376843915069953e-06,-0.0010090817356205,5.554222065423883e-06,1,2,2,2,2
664,29,13:43:15,6,-0.003531786074672,1284281.0,-0.0032795156407667,-0.003531786074672,3.317677964785143e-06,-0.0040363269424824,3.3754484766097595e-06,-0.0045408678102926,4.04839241006394e-06,-0.0050454086781029,4.134718060590439e-06,-0.0055499495459131,1.386492283790806e-06,-0.0030272452068617,6.816920395304796e-06,-0.0025227043390515,1.3534805627481675e-06,-0.0020181634712411,6.567104196314631e-06,-0.0015136226034309,2.376843915069953e-06,-0.0010090817356205,5.595486716727181e-06,1,2,1,2,2
665,29,13:43:18,6,-0.0030272452068617,566988.0,-0.0032795156407667,-0.003531786074672,3.350689685827781e-06,-0.0040363269424824,3.3754484766097595e-06,-0.0045408678102926,4.04839241006394e-06,-0.0050454086781029,4.134718060590439e-06,-0.0055499495459131,1.386492283790806e-06,-0.0030272452068617,6.313491649404563e-06,-0.0025227043390515,1.3534805627481675e-06,-0.0020181634712411,6.567104196314631e-06,-0.0015136226034309,2.376843915069953e-06,-0.0010090817356205,5.554222065423883e-06,2,2,1,2,2
666,29,13:43:21,6,-0.003531786074672,373418.0,-0.0032795156407667,-0.003531786074672,3.276413313481845e-06,-0.0040363269424824,3.3754484766097595e-06,-0.0045408678102926,4.089657061367238e-06,-0.0050454086781029,4.134718060590439e-06,-0.0055499495459131,1.386492283790806e-06,-0.0030272452068617,5.133322622130245e-06,-0.0025227043390515,1.5598038192646566e-06,-0.0020181634712411,6.567104196314631e-06,-0.0015136226034309,2.376843915069953e-06,-0.0010090817356205,5.554222065423883e-06,2,2,1,2,2
667,29,13:43:24,6,-0.003531786074672,596713.0,-0.0032795156407667,-0.003531786074672,3.7715891291214182e-06,-0.0040363269424824,3.3754484766097595e-06,-0.0045408678102926,4.089657061367238e-06,-0.0050454086781029,4.134718060590439e-06,-0.0055499495459131,1.386492283790806e-06,-0.0030272452068617,3.0040666148800795e-06,-0.0025227043390515,1.5598038192646566e-06,-0.0020181634712411,6.567104196314631e-06,-0.0015136226034309,2.376843915069953e-06,-0.0010090817356205,5.554222065423883e-06,2,2,1,2,2
668,29,13:43:27,6,-0.003531786074672,130365.0,-0.0032795156407667,-0.003531786074672,3.779842059382078e-06,-0.0040363269424824,3.3754484766097595e-06,-0.0045408678102926,5.740243113499149e-06,-0.0050454086781029,4.217247363197034e-06,-0.0055499495459131,1.386492283790806e-06,-0.0030272452068617,2.880272660970186e-06,-0.0025227043390515,1.5598038192646566e-06,-0.0020181634712411,6.484574893708036e-06,-0.0015136226034309,2.376843915069953e-06,-0.0010090817356205,5.554222065423883e-06,2,2,1,2,2
669,29,13:43:30,6,-0.003531786074672,422820.0,-0.0032795156407667,-0.003531786074672,3.672553965993504e-06,-0.0040363269424824,5.149828482651565e-06,-0.0045408678102926,5.73199018323849e-06,-0.0050454086781029,4.217247363197034e-06,-0.0055499495459131,1.386492283790806e-06,-0.0030272452068617,1.4855274469187206e-06,-0.0025227043390515,1.5598038192646566e-06,-0.0020181634712411,6.492827823968695e-06,-0.0015136226034309,2.376843915069953e-06,-0.0010090817356205,5.554222065423883e-06,2,2,1,2,2
670,29,13:43:33,6,-0.0030272452068617,405075.0,-0.0027749747729566,-0.0030272452068617,1.3204688417055296e-07,-0.003531786074672,3.672553965993504e-06,-0.0040363269424824,5.149828482651565e-06,-0.0045408678102926,5.73199018323849e-06,-0.0050454086781029,4.225500293457694e-06,-0.0025227043390515,1.5598038192646566e-06,-0.0020181634712411,6.492827823968695e-06,-0.0015136226034309,2.376843915069953e-06,-0.0010090817356205,5.554222065423883e-06,-0.0005045408678103,7.576189979285475e-06,2,2,1,2,2
671,29,13:43:36,6,-0.0030272452068617,104744.0,-0.0027749747729566,-0.0030272452068617,2.640937683411059e-07,-0.003531786074672,4.332788386846268e-06,-0.0040363269424824,5.149828482651565e-06,-0.0045408678102926,5.740243113499149e-06,-0.0050454086781029,4.217247363197034e-06,-0.0025227043390515,1.460768656136742e-06,-0.0020181634712411,6.575357126575291e-06,-0.0015136226034309,2.376843915069953e-06,-0.0010090817356205,5.554222065423883e-06,-0.0005045408678103,7.576189979285475e-06,2,1,1,2,2
672,29,13:43:39,6,-0.0030272452068617,63232.0,-0.0027749747729566,-0.0030272452068617,2.0467267046435707e-06,-0.003531786074672,6.486803184878413e-06,-0.0040363269424824,5.1580814129122245e-06,-0.0045408678102926,5.73199018323849e-06,-0.0050454086781029,4.217247363197034e-06,-0.0025227043390515,1.460768656136742e-06,-0.0020181634712411,6.575357126575291e-06,-0.0015136226034309,2.376843915069953e-06,-0.0010090817356205,5.554222065423883e-06,-0.0005045408678103,7.576189979285475e-06,2,1,1,2,2
673,29,13:43:42,6,-0.0030272452068617,110656.0,-0.0027749747729566,-0.0030272452068617,1.906426890212358e-06,-0.003531786074672,6.899449697911391e-06,-0.0040363269424824,5.1580814129122245e-06,-0.0045408678102926,5.73199018323849e-06,-0.0050454086781029,4.258512014500333e-06,-0.0025227043390515,1.832150517866422e-06,-0.0020181634712411,6.575357126575291e-06,-0.0015136226034309,2.376843915069953e-06,-0.0010090817356205,5.554222065423883e-06,-0.0005045408678103,7.741248584498666e-06,2,2,1,2,2
674,29,13:43:45,6,-0.0030272452068617,421074.0,-0.0027749747729566,-0.0030272452068617,2.393349775591272e-06,-0.003531786074672,7.11402588468854e-06,-0.0040363269424824,5.1580814129122245e-06,-0.0045408678102926,5.73199018323849e-06,-0.0050454086781029,4.258512014500333e-06,-0.0025227043390515,2.9710548938374413e-07,-0.0020181634712411,6.575357126575291e-06,-0.0015136226034309,2.376843915069953e-06,-0.0010090817356205,5.554222065423883e-06,-0.0005045408678103,7.741248584498666e-06,2,1,2,2,2
675,29,13:43:48,6,-0.0025227043390515,474618.0,-0.0022704339051463,-0.0025227043390515,2.888525591230846e-06,-0.0030272452068617,2.4428673571552294e-06,-0.003531786074672,7.1800493267738165e-06,-0.0040363269424824,5.1580814129122245e-06,-0.0045408678102926,5.73199018323849e-06,-0.0020181634712411,5.386935169040314e-06,-0.0015136226034309,2.2117853098567617e-06,-0.0010090817356205,5.554222065423883e-06,-0.0005045408678103,7.741248584498666e-06,0.0,6.684873511134243e-06,1,0,1,2,2
676,29,13:43:51,6,-0.0025227043390515,156221.0,-0.0022704339051463,-0.0025227043390515,2.748225776799633e-06,-0.0030272452068617,2.393349775591272e-06,-0.003531786074672,7.188302257034476e-06,-0.0040363269424824,5.149828482651565e-06,-0.0045408678102926,5.73199018323849e-06,-0.0020181634712411,5.032059167831953e-06,-0.0015136226034309,2.2117853098567617e-06,-0.0010090817356205,5.554222065423883e-06,-0.0005045408678103,7.741248584498666e-06,0.0,6.684873511134243e-06,0,0,1,2,2
677,29,13:43:54,6,-0.0025227043390515,39558.0,-0.0022704339051463,-0.0025227043390515,2.847260939927548e-06,-0.0030272452068617,2.3603380545486337e-06,-0.003531786074672,8.838888309166387e-06,-0.0040363269424824,5.149828482651565e-06,-0.0045408678102926,5.73199018323849e-06,-0.0020181634712411,4.883506423140081e-06,-0.0015136226034309,2.228291170378081e-06,-0.0010090817356205,5.537716204902564e-06,-0.0005045408678103,7.741248584498666e-06,0.0,6.684873511134243e-06,0,0,1,2,2
678,29,13:43:57,6,-0.0025227043390515,235263.0,-0.0022704339051463,-0.0025227043390515,3.0948488477473345e-06,-0.0030272452068617,1.3039629811842104e-06,-0.003531786074672,8.855394169687706e-06,-0.0040363269424824,5.149828482651565e-06,-0.0045408678102926,5.73199018323849e-06,-0.0020181634712411,5.378682238779654e-06,-0.0015136226034309,2.228291170378081e-06,-0.0010090817356205,5.537716204902564e-06,-0.0005045408678103,7.741248584498666e-06,0.0,6.684873511134243e-06,1,0,2,2,2
679,29,13:44:00,6,-0.0020181634712411,272856.0,-0.0022704339051463,-0.0025227043390515,2.2035323795961024e-06,-0.0030272452068617,2.376843915069953e-06,-0.003531786074672,9.0204527749009e-06,-0.0040363269424824,5.149828482651565e-06,-0.0045408678102926,5.748496043759809e-06,-0.0020181634712411,5.147600191481187e-06,-0.0015136226034309,2.302567542724017e-06,-0.0010090817356205,5.537716204902564e-06,-0.0005045408678103,7.741248584498666e-06,0.0,6.684873511134243e-06,0,0,2,2,2
680,29,13:44:03,6,-0.0020181634712411,648468.0,-0.0022704339051463,-0.0025227043390515,3.218642801657228e-07,-0.0030272452068617,2.376843915069953e-06,-0.003531786074672,9.094729147246834e-06,-0.0040363269424824,5.149828482651565e-06,-0.0045408678102926,5.748496043759809e-06,-0.0020181634712411,5.180611912523825e-06,-0.0015136226034309,2.302567542724017e-06,-0.0010090817356205,5.785304112722351e-06,-0.0005045408678103,7.815524956844603e-06,0.0,6.668367650612924e-06,0,1,2,2,2
681,29,13:44:06,6,-0.0030272452068617,258957.0,-0.0027749747729566,-0.0030272452068617,2.2200382401174214e-06,-0.003531786074672,9.102982077507494e-06,-0.0040363269424824,5.100310901087608e-06,-0.0045408678102926,5.748496043759809e-06,-0.0050454086781029,6.742644022958859e-06,-0.0025227043390515,2.717689934835193e-07,-0.0020181634712411,5.3044058664337184e-06,-0.0015136226034309,2.302567542724017e-06,-0.0010090817356205,5.744039461419053e-06,-0.0005045408678103,7.815524956844603e-06,1,2,2,2,2
682,29,13:44:09,6,-0.0030272452068617,187764.0,-0.0027749747729566,-0.0030272452068617,5.529463274641904e-06,-0.003531786074672,9.102982077507494e-06,-0.0040363269424824,5.100310901087608e-06,-0.0045408678102926,5.748496043759809e-06,-0.0050454086781029,6.742644022958859e-06,-0.0025227043390515,1.067103882703281e-07,-0.0020181634712411,5.2713941453910805e-06,-0.0015136226034309,2.43461442689457e-06,-0.0010090817356205,5.744039461419053e-06,-0.0005045408678103,7.815524956844603e-06,1,2,2,2,2
683,29,13:44:12,6,-0.0025227043390515,171998.0,-0.0022704339051463,-0.0025227043390515,4.374053038149566e-07,-0.0030272452068617,5.554222065423883e-06,-0.003531786074672,9.202017240635409e-06,-0.0040363269424824,5.100310901087608e-06,-0.0045408678102926,5.748496043759809e-06,-0.0020181634712411,1.3491312685008e-05,-0.0015136226034309,2.43461442689457e-06,-0.0010090817356205,5.744039461419053e-06,-0.0005045408678103,7.815524956844603e-06,0.0,6.668367650612924e-06,0,1,2,2,2
684,29,13:44:15,6,-0.0025227043390515,207590.0,-0.0027749747729566,-0.0030272452068617,5.504704483859926e-06,-0.003531786074672,9.218523101156728e-06,-0.0040363269424824,5.100310901087608e-06,-0.0045408678102926,5.831025346366404e-06,-0.0050454086781029,6.783908674262158e-06,-0.0025227043390515,1.947691541515656e-06,-0.0020181634712411,1.368938301126383e-05,-0.0015136226034309,2.2447970308994e-06,-0.0010090817356205,5.661510158812458e-06,-0.0005045408678103,7.815524956844603e-06,1,2,2,2,2
685,29,13:44:18,6,-0.0025227043390515,569319.0,-0.0027749747729566,-0.0030272452068617,5.925603927153564e-06,-0.003531786074672,9.218523101156728e-06,-0.0040363269424824,5.100310901087608e-06,-0.0045408678102926,5.831025346366404e-06,-0.0050454086781029,6.783908674262158e-06,-0.0025227043390515,1.0976397246677211e-06,-0.0020181634712411,1.3664624220481851e-05,-0.0015136226034309,2.2447970308994e-06,-0.0010090817356205,5.661510158812458e-06,-0.0005045408678103,7.815524956844603e-06,2,2,2,2,2
686,29,13:44:21,6,-0.0030272452068617,300473.0,-0.0027749747729566,-0.0030272452068617,6.321744579665222e-06,-0.003531786074672,9.218523101156728e-06,-0.0040363269424824,5.100310901087608e-06,-0.0045408678102926,5.831025346366404e-06,-0.0050454086781029,6.783908674262158e-06,-0.0025227043390515,2.0632325651648897e-07,-0.0020181634712411,1.3656371290221192e-05,-0.0015136226034309,2.2447970308994e-06,-0.0010090817356205,5.661510158812458e-06,-0.0005045408678103,7.815524956844603e-06,2,2,2,2,2
687,29,13:44:24,6,-0.0025227043390515,334118.0,-0.0027749747729566,-0.0030272452068617,6.6188500690489664e-06,-0.003531786074672,9.218523101156728e-06,-0.0040363269424824,5.100310901087608e-06,-0.0045408678102926,5.831025346366404e-06,-0.0050454086781029,6.783908674262158e-06,-0.0025227043390515,7.180049326773816e-07,-0.0020181634712411,1.3606853708657235e-05,-0.0015136226034309,2.2447970308994e-06,-0.0010090817356205,5.661510158812458e-06,-0.0005045408678103,7.815524956844603e-06,2,2,2,2,2
688,29,13:44:27,6,-0.0025227043390515,140353.0,-0.0027749747729566,-0.0030272452068617,7.1222788149492e-06,-0.003531786074672,9.35056998532728e-06,-0.0040363269424824,5.100310901087608e-06,-0.0045408678102926,5.831025346366404e-06,-0.0050454086781029,6.783908674262158e-06,-0.0025227043390515,1.015110422061126e-06,-0.0020181634712411,1.3606853708657235e-05,-0.0015136226034309,2.2447970308994e-06,-0.0010090817356205,5.661510158812458e-06,-0.0005045408678103,7.815524956844603e-06,2,2,2,2,2
689,29,13:44:30,6,-0.0025227043390515,71155.0,-0.0027749747729566,-0.0030272452068617,7.188302257034476e-06,-0.003531786074672,8.244677330398899e-06,-0.0040363269424824,5.100310901087608e-06,-0.0045408678102926,5.831025346366404e-06,-0.0050454086781029,6.783908674262158e-06,-0.0025227043390515,8.913164681512324e-07,-0.0020181634712411,1.3466553894226022e-05,-0.0015136226034309,2.2447970308994e-06,-0.0010090817356205,5.661510158812458e-06,-0.0005045408678103,7.815524956844603e-06,2,2,2,2,2
690,29,13:44:33,6,-0.0025227043390515,425083.0,-0.0022704339051463,-0.0025227043390515,6.684873511134243e-07,-0.0030272452068617,6.981979000517987e-06,-0.003531786074672,8.285941981702197e-06,-0.0040363269424824,5.100310901087608e-06,-0.0045408678102926,5.831025346366404e-06,-0.0020181634712411,1.3062160311453704e-05,-0.0015136226034309,2.2447970308994e-06,-0.0010090817356205,5.661510158812458e-06,-0.0005045408678103,7.815524956844603e-06,0.0,6.668367650612924e-06,2,2,2,2,2
691,29,13:44:36,6,-0.0025227043390515,140412.0,-0.0022704339051463,-0.0025227043390515,1.402998144312125e-06,-0.0030272452068617,7.09752002416722e-06,-0.003531786074672,8.285941981702197e-06,-0.0040363269424824,5.100310901087608e-06,-0.0045408678102926,5.831025346366404e-06,-0.0020181634712411,1.273204310102732e-05,-0.0015136226034309,2.2447970308994e-06,-0.0010090817356205,5.661510158812458e-06,-0.0005045408678103,7.815524956844603e-06,0.0,6.668367650612924e-06,2,2,2,2,2
692,29,13:44:39,6,-0.0020181634712411,94937.0,-0.0022704339051463,-0.0025227043390515,4.621640945969353e-06,-0.0030272452068617,4.695917318315289e-06,-0.003531786074672,8.327206633005496e-06,-0.0040363269424824,5.100310901087608e-06,-0.0045408678102926,5.831025346366404e-06,-0.0020181634712411,1.24101788208616e-05,-0.0015136226034309,2.2447970308994e-06,-0.0010090817356205,5.661510158812458e-06,-0.0005045408678103,7.815524956844603e-06,0.0,6.668367650612924e-06,2,2,2,2,2
693,29,13:44:42,6,-0.0020181634712411,3044106.0,-0.0022704339051463,-0.0025227043390515,4.885734714310459e-06,-0.0030272452068617,4.695917318315289e-06,-0.003531786074672,8.706841424995835e-06,-0.0040363269424824,5.100310901087608e-06,-0.0045408678102926,5.872289997669703e-06,-0.0020181634712411,2.7837133769204694e-07,-0.0015136226034309,2.3603380545486337e-06,-0.0010090817356205,5.81006290350433e-06,-0.0005045408678103,7.815524956844603e-06,0.0,6.668367650612924e-06,2,2,2,2,2
694,29,13:44:45,6,-0.0020181634712411,290214.0,-0.0017658930373359,-0.0020181634712411,1.0008328527101848e-06,-0.0025227043390515,5.851327554807627e-06,-0.0030272452068617,4.786699551182544e-06,-0.003531786074672,8.698588494735175e-06,-0.0040363269424824,5.100310901087608e-06,-0.0015136226034309,2.3438321940273147e-06,-0.0010090817356205,5.81006290350433e-06,-0.0005045408678103,7.815524956844603e-06,0.0,6.668367650612924e-06,0.0005045408678101,1.7991387968237838e-06,2,2,2,1,1
695,29,13:44:48,6,-0.0020181634712411,269011.0,-0.0017658930373359,-0.0020181634712411,1.050350434274142e-06,-0.0025227043390515,3.408460197652398e-06,-0.0030272452068617,4.811458341964523e-06,-0.003531786074672,8.731600215777814e-06,-0.0040363269424824,5.100310901087608e-06,-0.0015136226034309,2.319073403245336e-06,-0.0010090817356205,5.834821694286308e-06,-0.0005045408678103,7.815524956844603e-06,0.0,6.668367650612924e-06,0.0005045408678101,1.7991387968237838e-06,2,2,2,1,2
696,29,13:44:51,6,-0.0020181634712411,130550.0,-0.0017658930373359,-0.0020181634712411,2.9897890455291382e-06,-0.0025227043390515,3.55701294234427e-06,-0.0030272452068617,4.811458341964523e-06,-0.003531786074672,8.706841424995835e-06,-0.0040363269424824,5.100310901087608e-06,-0.0015136226034309,2.302567542724017e-06,-0.0010090817356205,5.834821694286308e-06,-0.0005045408678103,7.815524956844603e-06,0.0,6.668367650612924e-06,0.0005045408678101,1.7991387968237838e-06,2,2,2,1,2
697,29,13:44:54,6,-0.0015136226034309,377963.0,-0.0017658930373359,-0.0020181634712411,3.864599653159051e-06,-0.0025227043390515,4.002671176419886e-06,-0.0030272452068617,4.811458341964523e-06,-0.003531786074672,8.517024029000666e-06,-0.0040363269424824,5.100310901087608e-06,-0.0015136226034309,9.655928404971683e-07,-0.0010090817356205,5.834821694286308e-06,-0.0005045408678103,7.815524956844603e-06,0.0,6.420779742793137e-06,0.0005045408678101,1.7991387968237838e-06,2,2,2,1,2
698,29,13:44:57,6,-0.0010090817356205,391904.0,-0.0012613521695256,-0.0015136226034309,2.8885255912308454e-07,-0.0020181634712411,4.277246166192029e-06,-0.0025227043390515,4.002671176419886e-06,-0.0030272452068617,4.811458341964523e-06,-0.003531786074672,8.566541610564622e-06,-0.0010090817356205,5.273622436561459e-06,-0.0005045408678103,7.815524956844603e-06,0.0,6.420779742793137e-06,0.0005045408678101,1.7991387968237838e-06,0.0010090817356205,9.391834636630578e-06,1,2,2,1,1
699,29,13:45:00,6,-0.0015136226034309,193915.0,-0.0012613521695256,-0.0015136226034309,8.25293026065956e-08,-0.0020181634712411,3.938876025504988e-06,-0.0025227043390515,4.085200479026482e-06,-0.0030272452068617,4.662905597272651e-06,-0.003531786074672,1.0217127662696534e-05,-0.0010090817356205,5.23235778525816e-06,-0.0005045408678103,7.815524956844603e-06,0.0,6.420779742793137e-06,0.0005045408678101,2.2035323795961024e-06,0.0010090817356205,9.391834636630578e-06,1,2,2,1,1
700,29,13:45:03,6,-0.0015136226034309,33643.0,-0.0012613521695256,-0.0015136226034309,1.3204688417055296e-07,-0.0020181634712411,3.938876025504988e-06,-0.0025227043390515,4.085200479026482e-06,-0.0030272452068617,4.662905597272651e-06,-0.003531786074672,1.0217127662696534e-05,-0.0010090817356205,5.257116576040139e-06,-0.0005045408678103,7.815524956844603e-06,0.0,6.420779742793137e-06,0.0005045408678101,2.2117853098567617e-06,0.0010090817356205,9.391834636630578e-06,1,2,2,1,1
701,29,13:45:06,6,-0.0015136226034309,116782.0,-0.0012613521695256,-0.0015136226034309,3.631289314690206e-07,-0.0020181634712411,3.5509883032539883e-06,-0.0025227043390515,4.085200479026482e-06,-0.0030272452068617,4.662905597272651e-06,-0.003531786074672,1.0332668686345768e-05,-0.0010090817356205,5.100310901087608e-06,-0.0005045408678103,7.815524956844603e-06,0.0,6.420779742793137e-06,0.0005045408678101,2.2117853098567617e-06,0.0010090817356205,9.202017240635409e-06,1,2,2,1,1
702,29,13:45:09,6,-0.0015136226034309,15837.0,-0.0012613521695256,-0.0015136226034309,2.030220844122252e-06,-0.0020181634712411,2.3873251365009905e-06,-0.0025227043390515,4.043935827723184e-06,-0.0030272452068617,4.019177036941205e-06,-0.003531786074672,1.0332668686345768e-05,-0.0010090817356205,5.141575552390905e-06,-0.0005045408678103,7.65046635163141e-06,0.0,6.420779742793137e-06,0.0005045408678101,2.2117853098567617e-06,0.0010090817356205,9.202017240635409e-06,2,2,2,1,1
703,29,13:45:12,6,-0.0010090817356205,423612.0,-0.0012613521695256,-0.0015136226034309,1.4525157258760824e-06,-0.0020181634712411,2.3708192759796715e-06,-0.0025227043390515,4.035682897462524e-06,-0.0030272452068617,3.93664773433461e-06,-0.003531786074672,8.096124585707028e-06,-0.0010090817356205,4.530858713102098e-06,-0.0005045408678103,7.65046635163141e-06,0.0,6.420779742793137e-06,0.0005045408678101,2.1292560072501664e-06,0.0010090817356205,9.202017240635409e-06,2,2,2,1,1
704,29,13:45:15,6,-0.0015136226034309,184097.0,-0.0012613521695256,-0.0015136226034309,3.218642801657228e-06,-0.0020181634712411,2.3873251365009905e-06,-0.0025227043390515,4.283270805282311e-06,-0.0030272452068617,3.977912385637907e-06,-0.003531786074672,8.096124585707028e-06,-0.0010090817356205,4.11821220006912e-06,-0.0005045408678103,7.724742723977346e-06,0.0,6.55282662696369e-06,0.0005045408678101,2.1292560072501664e-06,0.0010090817356205,9.202017240635409e-06,2,2,2,1,1
705,29,13:45:18,6,-0.0010090817356205,609775.0,-0.0012613521695256,-0.0015136226034309,2.7399728465389734e-06,-0.0020181634712411,2.346060485197693e-06,-0.0025227043390515,4.283270805282311e-06,-0.0030272452068617,4.225500293457694e-06,-0.003531786074672,8.096124585707028e-06,-0.0010090817356205,2.1292560072501664e-06,-0.0005045408678103,7.774260305541305e-06,0.0,6.55282662696369e-06,0.0005045408678101,2.1292560072501664e-06,0.0010090817356205,9.202017240635409e-06,2,2,2,1,1
706,29,13:45:21,6,-0.0015136226034309,599895.0,-0.0012613521695256,-0.0015136226034309,3.969659455377248e-06,-0.0020181634712411,2.469854439107586e-06,-0.0025227043390515,4.283270805282311e-06,-0.0030272452068617,4.184235642154396e-06,-0.003531786074672,8.096124585707028e-06,-0.0010090817356205,1.6505860521319117e-07,-0.0005045408678103,7.774260305541305e-06,0.0,6.55282662696369e-06,0.0005045408678101,2.1292560072501664e-06,0.0010090817356205,9.202017240635409e-06,2,2,2,1,1
707,29,13:45:24,6,-0.0010090817356205,110874.0,-0.0007568113017154,-0.0010090817356205,1.2874571206628912e-06,-0.0015136226034309,4.580376294666055e-06,-0.0020181634712411,2.0737137865959275e-06,-0.0025227043390515,4.035682897462524e-06,-0.0030272452068617,4.250259084239673e-06,-0.0005045408678103,7.741248584498666e-06,0.0,6.55282662696369e-06,0.0005045408678101,2.1292560072501664e-06,0.0010090817356205,9.202017240635409e-06,0.0015136226034309,3.276413313481845e-06,1,2,1,1,1
708,29,13:45:27,6,-0.0010090817356205,63362.0,-0.0007568113017154,-0.0010090817356205,3.829359640946035e-06,-0.0015136226034309,2.938043172794803e-06,-0.0020181634712411,2.0737137865959275e-06,-0.0025227043390515,3.911888943552631e-06,-0.0030272452068617,4.250259084239673e-06,-0.0005045408678103,7.724742723977346e-06,0.0,6.55282662696369e-06,0.0005045408678101,2.1292560072501664e-06,0.0010090817356205,9.202017240635409e-06,0.0015136226034309,3.276413313481845e-06,1,2,1,1,1
709,29,13:45:30,6,-0.0010090817356205,431642.0,-0.0007568113017154,-0.0010090817356205,7.427637234593603e-06,-0.0015136226034309,2.938043172794803e-06,-0.0020181634712411,2.7422011377093515e-06,-0.0025227043390515,3.911888943552631e-06,-0.0030272452068617,4.250259084239673e-06,-0.0005045408678103,7.724742723977346e-06,0.0,6.55282662696369e-06,0.0005045408678101,2.2117853098567617e-06,0.0010090817356205,9.34231705506662e-06,0.0015136226034309,3.276413313481845e-06,1,2,1,1,1
710,29,13:45:33,6,-0.0010090817356205,99015.0,-0.0007568113017154,-0.0010090817356205,7.84028374762658e-06,-0.0015136226034309,3.119607638529313e-06,-0.0020181634712411,2.700936486406054e-06,-0.0025227043390515,3.92014187381329e-06,-0.0030272452068617,4.242006153979013e-06,-0.0005045408678103,7.65871928189207e-06,0.0,6.55282662696369e-06,0.0005045408678101,2.2117853098567617e-06,0.0010090817356205,9.38358170636992e-06,0.0015136226034309,3.292919174003164e-06,1,2,1,1,1
711,29,13:45:36,6,-0.0010090817356205,146571.0,-0.0007568113017154,-0.0010090817356205,7.823777887105261e-06,-0.0015136226034309,3.127860568789973e-06,-0.0020181634712411,2.758706998230671e-06,-0.0025227043390515,3.903636013291972e-06,-0.0030272452068617,4.192488572415056e-06,-0.0005045408678103,7.237819838598434e-06,0.0,6.55282662696369e-06,0.0005045408678101,2.2943146124633574e-06,0.0010090817356205,9.38358170636992e-06,0.0015136226034309,3.292919174003164e-06,1,2,1,1,1
712,29,13:45:39,6,-0.0005045408678103,302998.0,-0.0007568113017154,-0.0010090817356205,7.270831559641071e-06,-0.0015136226034309,3.127860568789973e-06,-0.0020181634712411,2.758706998230671e-06,-0.0025227043390515,3.944900664595269e-06,-0.0030272452068617,4.192488572415056e-06,-0.0005045408678103,6.759149883480179e-06,0.0,6.55282662696369e-06,0.0005045408678101,2.525396659761825e-06,0.0010090817356205,9.38358170636992e-06,0.0015136226034309,3.292919174003164e-06,2,2,1,1,1
713,29,13:45:42,6,-0.0010090817356205,376383.0,-0.0007568113017154,-0.0010090817356205,7.254325699119752e-06,-0.0015136226034309,3.1691252200932705e-06,-0.0020181634712411,2.758706998230671e-06,-0.0025227043390515,3.92839480407395e-06,-0.0030272452068617,4.266764944760992e-06,-0.0005045408678103,4.836217132746501e-06,0.0,6.569332487485009e-06,0.0005045408678101,2.525396659761825e-06,0.0010090817356205,9.38358170636992e-06,0.0015136226034309,3.292919174003164e-06,2,2,1,1,1
714,29,13:45:45,6,-0.0010090817356205,101030.0,-0.0007568113017154,-0.0010090817356205,7.84853667788724e-06,-0.0015136226034309,3.325930895045802e-06,-0.0020181634712411,2.5936483930174795e-06,-0.0025227043390515,3.92014187381329e-06,-0.0030272452068617,4.349294247367588e-06,-0.0005045408678103,4.687664388054629e-06,0.0,6.445538533575115e-06,0.0005045408678101,2.1952794493354427e-06,0.0010090817356205,9.38358170636992e-06,0.0015136226034309,3.292919174003164e-06,2,2,1,1,1
715,29,13:45:48,6,-0.0005045408678103,231745.0,-0.0007568113017154,-0.0010090817356205,8.401483005351431e-06,-0.0015136226034309,3.7550832686000993e-06,-0.0020181634712411,2.5936483930174795e-06,-0.0025227043390515,3.837612571206695e-06,-0.0030272452068617,4.349294247367588e-06,-0.0005045408678103,4.002671176419886e-06,0.0,6.445538533575115e-06,0.0005045408678101,2.1952794493354427e-06,0.0010090817356205,9.38358170636992e-06,0.0015136226034309,3.2103898713965685e-06,2,2,1,1,1
716,29,13:45:51,6,-0.0010090817356205,754756.0,-0.0007568113017154,-0.0010090817356205,9.457858078715854e-06,-0.0015136226034309,3.7550832686000993e-06,-0.0020181634712411,2.601901323278139e-06,-0.0025227043390515,3.334183825306462e-06,-0.0030272452068617,5.999880299499499e-06,-0.0005045408678103,9.903516312791472e-07,0.0,6.445538533575115e-06,0.0005045408678101,2.1952794493354427e-06,0.0010090817356205,9.38358170636992e-06,0.0015136226034309,3.2103898713965685e-06,2,2,1,1,1
717,29,13:45:54,6,-0.0005045408678103,277335.0,-0.0002522704339052,-0.0005045408678103,9.986045615398069e-07,-0.0010090817356205,9.532134451061791e-06,-0.0015136226034309,3.7550832686000993e-06,-0.0020181634712411,2.58539546275682e-06,-0.0025227043390515,3.3424367555671216e-06,0.0,6.561079557224349e-06,0.0005045408678101,2.327326333505996e-06,0.0010090817356205,9.38358170636992e-06,0.0015136226034309,3.2103898713965685e-06,0.002018163471241,8.335459563266155e-07,1,1,0,1,0
718,29,13:45:57,6,-0.0005045408678103,27734.0,-0.0002522704339052,-0.0005045408678103,1.7991387968237838e-06,-0.0010090817356205,9.556893241843769e-06,-0.0015136226034309,3.796347919903397e-06,-0.0020181634712411,2.58539546275682e-06,-0.0025227043390515,3.3424367555671216e-06,0.0,6.561079557224349e-06,0.0005045408678101,2.327326333505996e-06,0.0010090817356205,9.38358170636992e-06,0.0015136226034309,3.2103898713965685e-06,0.002018163471241,8.335459563266155e-07,1,0,0,1,0
719,29,13:46:00,6,-0.0005045408678103,108955.0,-0.0002522704339052,-0.0005045408678103,4.184235642154396e-06,-0.0010090817356205,7.452396025375581e-06,-0.0015136226034309,3.812853780424716e-06,-0.0020181634712411,1.916908111643396e-06,-0.0025227043390515,3.17737815035393e-06,0.0,2.43461442689457e-06,0.0005045408678101,2.327326333505996e-06,0.0010090817356205,9.38358170636992e-06,0.0015136226034309,3.2103898713965685e-06,0.002018163471241,8.335459563266155e-07,1,0,0,0,0
720,29,13:46:03,6,-0.0005045408678103,150604.0,-0.0002522704339052,-0.0005045408678103,5.2241048549975004e-06,-0.0010090817356205,7.411131374072284e-06,-0.0015136226034309,3.812853780424716e-06,-0.0020181634712411,1.9334139721647147e-06,-0.0025227043390515,3.17737815035393e-06,0.0,1.029140403504247e-05,0.0005045408678101,2.7399728465389734e-06,0.0010090817356205,9.38358170636992e-06,0.0015136226034309,2.962801963576782e-06,0.002018163471241,8.335459563266155e-07,1,0,0,0,0
721,29,13:46:06,6,-0.0005045408678103,233790.0,-0.0002522704339052,-0.0005045408678103,5.108563831348267e-06,-0.0010090817356205,7.534925327982178e-06,-0.0015136226034309,3.812853780424716e-06,-0.0020181634712411,1.5867909012170134e-06,-0.0025227043390515,3.17737815035393e-06,0.0,1.0027310266701365e-05,0.0005045408678101,2.7399728465389734e-06,0.0010090817356205,9.38358170636992e-06,0.0015136226034309,2.962801963576782e-06,0.002018163471241,8.335459563266155e-07,1,0,0,0,0
722,29,13:46:09,6,0.0,128828.0,-0.0002522704339052,-0.0005045408678103,5.149828482651565e-06,-0.0010090817356205,7.551431188503496e-06,-0.0015136226034309,3.812853780424716e-06,-0.0020181634712411,1.6280555525203112e-06,-0.0025227043390515,3.259907452960526e-06,0.0,9.73020477731762e-06,0.0005045408678101,3.1526193595719515e-06,0.0010090817356205,9.38358170636992e-06,0.0015136226034309,2.962801963576782e-06,0.002018163471241,8.417988865872751e-07,1,0,0,0,0
723,29,13:46:12,6,-0.0005045408678103,267544.0,-0.0002522704339052,-0.0005045408678103,5.380910529950032e-06,-0.0010090817356205,7.724742723977346e-06,-0.0015136226034309,3.812853780424716e-06,-0.0020181634712411,1.875643460340098e-06,-0.0025227043390515,3.012319545140739e-06,0.0,8.904911751251665e-06,0.0005045408678101,3.235148662178547e-06,0.0010090817356205,9.38358170636992e-06,0.0015136226034309,2.962801963576782e-06,0.002018163471241,8.417988865872751e-07,0,0,0,0,0
724,29,13:46:15,6,0.0,1349132.0,-0.0002522704339052,-0.0005045408678103,3.961406525116588e-07,-0.0010090817356205,7.708236863456029e-06,-0.0015136226034309,3.812853780424716e-06,-0.0020181634712411,1.875643460340098e-06,-0.0025227043390515,2.971054893837441e-06,0.0,8.583047471085941e-06,0.0005045408678101,3.235148662178547e-06,0.0010090817356205,9.38358170636992e-06,0.0015136226034309,2.962801963576782e-06,0.002018163471241,8.417988865872751e-07,0,0,0,0,0
725,29,13:46:18,6,-0.0005045408678103,392001.0,-0.0002522704339052,-0.0005045408678103,9.408340497151898e-09,-0.0010090817356205,7.65046635163141e-06,-0.0015136226034309,3.812853780424716e-06,-0.0020181634712411,1.875643460340098e-06,-0.0025227043390515,2.971054893837441e-06,0.0,8.277689051441538e-06,0.0005045408678101,3.7303244778181206e-06,0.0010090817356205,9.38358170636992e-06,0.0015136226034309,2.962801963576782e-06,0.002018163471241,8.417988865872751e-07,0,0,0,0,0
726,29,13:46:21,6,-0.0005045408678103,112887.0,-0.0002522704339052,-0.0005045408678103,1.2131807483169552e-06,-0.0010090817356205,7.560839529000648e-06,-0.0015136226034309,3.812853780424716e-06,-0.0020181634712411,1.916908111643396e-06,-0.0025227043390515,1.906426890212358e-06,0.0,8.203412679095602e-06,0.0005045408678101,3.779842059382078e-06,0.0010090817356205,9.38358170636992e-06,0.0015136226034309,2.962801963576782e-06,0.002018163471241,8.417988865872751e-07,0,0,0,1,0
727,29,13:46:24,6,-0.0010090817356205,1206732.0,-0.0005045408678101,-0.0010090817356205,7.14819301596767e-06,-0.0015136226034309,3.812853780424716e-06,-0.0020181634712411,1.916908111643396e-06,-0.0025227043390515,1.906426890212358e-06,-0.0030272452068617,5.966868578456861e-06,0.0,5.413922250992671e-06,0.0005045408678101,4.357547177628248e-06,0.0010090817356205,9.38358170636992e-06,0.0015136226034309,2.962801963576782e-06,0.002018163471241,8.417988865872751e-07,1,0,1,1,0
728,29,13:46:27,6,-0.0010090817356205,881571.0,-0.0007568113017154,-0.0010090817356205,6.8675933871052455e-06,-0.0015136226034309,3.812853780424716e-06,-0.0020181634712411,1.916908111643396e-06,-0.0025227043390515,1.906426890212358e-06,-0.0030272452068617,5.966868578456861e-06,-0.0005045408678103,2.682202334714357e-06,0.0,5.529463274641904e-06,0.0005045408678101,4.48134113153814e-06,0.0010090817356205,9.38358170636992e-06,0.0015136226034309,2.921537312273484e-06,1,0,1,1,0
729,29,13:46:30,6,-0.0010090817356205,206020.0,-0.0007568113017154,-0.0010090817356205,8.823537858881562e-06,-0.0015136226034309,3.812853780424716e-06,-0.0020181634712411,1.9994374142499915e-06,-0.0025227043390515,1.906426890212358e-06,-0.0030272452068617,5.966868578456861e-06,-0.0005045408678103,2.005462053340273e-06,0.0,5.257116576040139e-06,0.0005045408678101,4.48134113153814e-06,0.0010090817356205,9.38358170636992e-06,0.0015136226034309,2.921537312273484e-06,0,0,1,1,0
730,29,13:46:33,6,-0.0010090817356205,102993.0,-0.0007568113017154,-0.0010090817356205,1.22237451262733e-05,-0.0015136226034309,3.812853780424716e-06,-0.0020181634712411,1.9994374142499915e-06,-0.0025227043390515,1.906426890212358e-06,-0.0030272452068617,5.966868578456861e-06,-0.0005045408678103,1.6918507034352096e-06,0.0,5.257116576040139e-06,0.0005045408678101,4.48134113153814e-06,0.0010090817356205,9.38358170636992e-06,0.0015136226034309,2.921537312273484e-06,0,0,1,1,0
731,29,13:46:36,6,-0.0010090817356205,2184025.0,-0.0007568113017154,-0.0010090817356205,3.9790677958744e-06,-0.0015136226034309,3.887130152770652e-06,-0.0020181634712411,1.9994374142499915e-06,-0.0025227043390515,1.906426890212358e-06,-0.0030272452068617,5.966868578456861e-06,-0.0005045408678103,1.8775416343000497e-05,0.0,5.257116576040139e-06,0.0005045408678101,4.48134113153814e-06,0.0010090817356205,9.38358170636992e-06,0.0015136226034309,2.9297902425341435e-06,0,0,1,1,0
732,29,13:46:39,6,-0.0010090817356205,461388.0,-0.0007568113017154,-0.0010090817356205,3.096004257983827e-06,-0.0015136226034309,3.887130152770652e-06,-0.0020181634712411,1.9994374142499915e-06,-0.0025227043390515,1.906426890212358e-06,-0.0030272452068617,5.966868578456861e-06,-0.0005045408678103,1.837927569048884e-05,0.0,5.422175181253331e-06,0.0005045408678101,4.48134113153814e-06,0.0010090817356205,9.38358170636992e-06,0.0015136226034309,2.962801963576782e-06,0,0,1,1,0
733,29,13:46:42,6,-0.0005045408678103,215869.0,-0.0007568113017154,-0.0010090817356205,2.724622396254147e-06,-0.0015136226034309,3.887130152770652e-06,-0.0020181634712411,1.9994374142499915e-06,-0.0025227043390515,1.906426890212358e-06,-0.0030272452068617,5.744039461419053e-06,-0.0005045408678103,1.797488210771652e-05,0.0,5.479945693077947e-06,0.0005045408678101,4.5638704341447365e-06,0.0010090817356205,9.38358170636992e-06,0.0015136226034309,2.962801963576782e-06,0,0,1,1,0
734,29,13:46:45,6,-0.0010090817356205,796246.0,-0.0012613521695256,-0.0015136226034309,3.887130152770652e-06,-0.0020181634712411,2.0076903445106507e-06,-0.0025227043390515,1.9146798204730176e-06,-0.0030272452068617,5.744039461419053e-06,-0.003531786074672,5.446933972035309e-06,-0.0010090817356205,5.561319585448051e-06,-0.0005045408678103,1.8230722945796967e-05,0.0,5.479945693077947e-06,0.0005045408678101,4.5638704341447365e-06,0.0010090817356205,9.34231705506662e-06,1,1,1,1,1
735,29,13:46:48,6,-0.0010090817356205,881066.0,-0.0012613521695256,-0.0015136226034309,4.085200479026482e-06,-0.0020181634712411,2.0076903445106507e-06,-0.0025227043390515,1.9146798204730176e-06,-0.0030272452068617,5.744039461419053e-06,-0.003531786074672,5.446933972035309e-06,-0.0010090817356205,3.7621807886242666e-06,-0.0005045408678103,1.818120536423301e-05,0.0,5.479945693077947e-06,0.0005045408678101,4.398811828931545e-06,0.0010090817356205,9.34231705506662e-06,1,1,1,1,0
736,29,13:46:51,6,-0.0015136226034309,1069259.0,-0.0012613521695256,-0.0015136226034309,4.019177036941205e-06,-0.0020181634712411,2.172748949723842e-06,-0.0025227043390515,1.9146798204730176e-06,-0.0030272452068617,5.744039461419053e-06,-0.003531786074672,5.446933972035309e-06,-0.0010090817356205,4.2089944329363753e-07,-0.0005045408678103,1.7618850696271665e-05,0.0,5.479945693077947e-06,0.0005045408678101,4.398811828931545e-06,0.0010090817356205,9.34231705506662e-06,1,1,1,1,0
737,29,13:46:54,6,-0.0015136226034309,227684.0,-0.0012613521695256,-0.0015136226034309,3.977912385637907e-06,-0.0020181634712411,2.1314842984205445e-06,-0.0025227043390515,1.9146798204730176e-06,-0.0030272452068617,5.744039461419053e-06,-0.003531786074672,5.512957414120586e-06,-0.0010090817356205,5.034287459002331e-07,-0.0005045408678103,1.8031497209304643e-05,0.0,5.471692762817288e-06,0.0005045408678101,4.258512014500333e-06,0.0010090817356205,9.34231705506662e-06,1,1,1,1,0
738,29,13:46:57,6,-0.0015136226034309,231629.0,-0.0012613521695256,-0.0015136226034309,4.225500293457694e-06,-0.0020181634712411,2.123231368159885e-06,-0.0025227043390515,1.8981739599516989e-06,-0.0030272452068617,5.744039461419053e-06,-0.003531786074672,5.512957414120586e-06,-0.0010090817356205,4.456582340756162e-07,-0.0005045408678103,1.8031497209304643e-05,0.0,4.885734714310459e-06,0.0005045408678101,3.845865501467355e-06,0.0010090817356205,9.34231705506662e-06,1,1,1,1,0
739,29,13:47:00,6,-0.0015136226034309,405787.0,-0.0012613521695256,-0.0015136226034309,3.325930895045802e-06,-0.0020181634712411,2.065460856335268e-06,-0.0025227043390515,1.8981739599516989e-06,-0.0030272452068617,5.79355704298301e-06,-0.003531786074672,5.347898808907394e-06,-0.0010090817356205,5.7770511824616916e-08,-0.0005045408678103,1.814703823295388e-05,0.0,4.885734714310459e-06,0.0005045408678101,3.433218988434377e-06,0.0010090817356205,9.34231705506662e-06,1,1,1,1,0
740,29,13:47:03,6,-0.0015136226034309,65314.0,-0.0012613521695256,-0.0015136226034309,4.844470063007161e-06,-0.0020181634712411,2.065460856335268e-06,-0.0025227043390515,1.8981739599516989e-06,-0.0030272452068617,5.79355704298301e-06,-0.003531786074672,5.587233786466521e-06,-0.0010090817356205,8.252930260659559e-09,-0.0005045408678103,1.814703823295388e-05,0.0,4.885734714310459e-06,0.0005045408678101,3.5157482910409723e-06,0.0010090817356205,9.34231705506662e-06,1,1,1,1,0
741,29,13:47:06,6,-0.0015136226034309,186079.0,-0.0012613521695256,-0.0015136226034309,4.50609992232012e-06,-0.0020181634712411,2.2387723918091184e-06,-0.0025227043390515,1.8981739599516989e-06,-0.0030272452068617,5.79355704298301e-06,-0.003531786074672,5.587233786466521e-06,-0.0010090817356205,8.335459563266155e-07,-0.0005045408678103,1.814703823295388e-05,0.0,4.885734714310459e-06,0.0005045408678101,3.5157482910409723e-06,0.0010090817356205,9.34231705506662e-06,1,1,1,1,0
742,29,13:47:09,6,-0.0015136226034309,110856.0,-0.0012613521695256,-0.0015136226034309,4.398811828931545e-06,-0.0020181634712411,2.2387723918091184e-06,-0.0025227043390515,1.8981739599516989e-06,-0.0030272452068617,5.81006290350433e-06,-0.003531786074672,5.587233786466521e-06,-0.0010090817356205,1.0728809338857429e-06,-0.0005045408678103,1.814703823295388e-05,0.0,4.885734714310459e-06,0.0005045408678101,3.5157482910409723e-06,0.0010090817356205,9.34231705506662e-06,1,1,1,1,0
743,29,13:47:12,6,-0.0015136226034309,455186.0,-0.0012613521695256,-0.0015136226034309,2.7812374978422715e-06,-0.0020181634712411,2.263531182591097e-06,-0.0025227043390515,2.096244286207528e-06,-0.0030272452068617,5.81006290350433e-06,-0.003531786074672,5.570727925945203e-06,-0.0010090817356205,9.35882291558794e-06,-0.0005045408678103,1.814703823295388e-05,0.0,4.885734714310459e-06,0.0005045408678101,3.5982775936475675e-06,0.0010090817356205,9.34231705506662e-06,1,1,1,1,0
744,29,13:47:15,6,-0.0015136226034309,79182.0,-0.0012613521695256,-0.0015136226034309,2.6491906136717184e-06,-0.0020181634712411,2.263531182591097e-06,-0.0025227043390515,2.096244286207528e-06,-0.0030272452068617,5.81006290350433e-06,-0.003531786074672,5.570727925945203e-06,-0.0010090817356205,9.787975289142235e-06,-0.0005045408678103,1.814703823295388e-05,0.0,4.885734714310459e-06,0.0005045408678101,3.5982775936475675e-06,0.0010090817356205,9.34231705506662e-06,1,1,1,1,0
745,29,13:47:18,6,-0.0015136226034309,174233.0,-0.0012613521695256,-0.0015136226034309,2.772984567581612e-06,-0.0020181634712411,2.337807554937033e-06,-0.0025227043390515,2.096244286207528e-06,-0.0030272452068617,5.777051182461692e-06,-0.003531786074672,5.6119925772485e-06,-0.0010090817356205,9.119487938028812e-06,-0.0005045408678103,1.814703823295388e-05,0.0,4.885734714310459e-06,0.0005045408678101,3.5982775936475675e-06,0.0010090817356205,9.34231705506662e-06,1,2,1,1,0
746,29,13:47:21,6,-0.0015136226034309,279175.0,-0.0012613521695256,-0.0015136226034309,2.954549033316122e-06,-0.0020181634712411,2.337807554937033e-06,-0.0025227043390515,2.096244286207528e-06,-0.0030272452068617,5.777051182461692e-06,-0.003531786074672,5.6119925772485e-06,-0.0010090817356205,8.05485993440373e-06,-0.0005045408678103,1.8221314605299813e-05,0.0,4.885734714310459e-06,0.0005045408678101,3.5982775936475675e-06,0.0010090817356205,9.34231705506662e-06,1,2,1,1,0
747,29,13:47:24,6,-0.0010090817356205,1391792.0,-0.0012613521695256,-0.0015136226034309,1.9807032625582944e-06,-0.0020181634712411,2.40383099702231e-06,-0.0025227043390515,2.096244286207528e-06,-0.0030272452068617,5.777051182461692e-06,-0.003531786074672,5.603739646987841e-06,-0.0010090817356205,3.92839480407395e-06,-0.0005045408678103,1.8221314605299813e-05,0.0,5.133322622130245e-06,0.0005045408678101,3.5240012213016315e-06,0.0010090817356205,9.34231705506662e-06,1,2,1,1,0
748,29,13:47:27,6,-0.0015136226034309,239563.0,-0.0012613521695256,-0.0015136226034309,1.8569093086484008e-06,-0.0020181634712411,2.40383099702231e-06,-0.0025227043390515,2.0879913559468683e-06,-0.0030272452068617,5.777051182461692e-06,-0.003531786074672,5.628498437769819e-06,-0.0010090817356205,3.086595917486675e-06,-0.0005045408678103,1.829559097764575e-05,0.0,5.133322622130245e-06,0.0005045408678101,3.5240012213016315e-06,0.0010090817356205,9.34231705506662e-06,1,2,1,1,0
749,29,13:47:30,6,-0.0015136226034309,190000.0,-0.0012613521695256,-0.0015136226034309,2.847260939927548e-06,-0.0020181634712411,2.40383099702231e-06,-0.0025227043390515,2.154014798032145e-06,-0.0030272452068617,5.785304112722351e-06,-0.003531786074672,5.79355704298301e-06,-0.0010090817356205,3.202136941135909e-06,-0.0005045408678103,1.829559097764575e-05,0.0,5.1580814129122245e-06,0.0005045408678101,3.6065305239082272e-06,0.0010090817356205,9.35882291558794e-06,1,1,1,1,0
750,29,13:47:33,6,-0.0015136226034309,170213.0,-0.0012613521695256,-0.0015136226034309,4.646399736751332e-06,-0.0020181634712411,2.610154253538799e-06,-0.0025227043390515,2.154014798032145e-06,-0.0030272452068617,5.785304112722351e-06,-0.003531786074672,5.79355704298301e-06,-0.0010090817356205,3.070090056965356e-06,-0.0005045408678103,1.829559097764575e-05,0.0,5.1580814129122245e-06,0.0005045408678101,3.6065305239082272e-06,0.0010090817356205,9.35882291558794e-06,2,1,1,1,0
751,29,13:47:36,6,-0.0015136226034309,85118.0,-0.0012613521695256,-0.0015136226034309,4.547364573623417e-06,-0.0020181634712411,2.618407183799458e-06,-0.0025227043390515,2.154014798032145e-06,-0.0030272452068617,5.785304112722351e-06,-0.003531786074672,6.189697695494669e-06,-0.0010090817356205,3.689059826514823e-06,-0.0005045408678103,1.829559097764575e-05,0.0,5.1580814129122245e-06,0.0005045408678101,3.6065305239082272e-06,0.0010090817356205,9.35882291558794e-06,2,1,1,1,0
752,29,13:47:39,6,-0.0015136226034309,831473.0,-0.0012613521695256,-0.0015136226034309,3.623036384429546e-06,-0.0020181634712411,2.700936486406054e-06,-0.0025227043390515,2.154014798032145e-06,-0.0030272452068617,5.785304112722351e-06,-0.003531786074672,6.206203556015988e-06,-0.0010090817356205,1.460768656136742e-06,-0.0005045408678103,1.829559097764575e-05,0.0,5.1580814129122245e-06,0.0005045408678101,3.5240012213016315e-06,0.0010090817356205,9.35882291558794e-06,2,1,1,1,0
753,29,13:47:42,6,-0.0015136226034309,43544.0,-0.0012613521695256,-0.0015136226034309,3.6808068962541633e-06,-0.0020181634712411,2.700936486406054e-06,-0.0025227043390515,2.154014798032145e-06,-0.0030272452068617,5.785304112722351e-06,-0.003531786074672,6.214456486276648e-06,-0.0010090817356205,1.4195040048334445e-06,-0.0005045408678103,1.829559097764575e-05,0.0,5.149828482651565e-06,0.0005045408678101,3.5240012213016315e-06,0.0010090817356205,9.35882291558794e-06,2,1,1,1,0
754,29,13:47:45,6,-0.0010090817356205,166316.0,-0.0012613521695256,-0.0015136226034309,3.7880949896427376e-06,-0.0020181634712411,2.700936486406054e-06,-0.0025227043390515,2.228291170378081e-06,-0.0030272452068617,5.785304112722351e-06,-0.003531786074672,6.296985788883243e-06,-0.0010090817356205,1.4525157258760824e-06,-0.0005045408678103,1.829559097764575e-05,0.0,5.191093133954863e-06,0.0005045408678101,3.5240012213016315e-06,0.0010090817356205,9.35882291558794e-06,1,1,1,1,0
755,29,13:47:48,6,-0.0010090817356205,631599.0,-0.0007568113017154,-0.0010090817356205,1.757874145520486e-06,-0.0015136226034309,3.7138186172968016e-06,-0.0020181634712411,2.7422011377093515e-06,-0.0025227043390515,2.228291170378081e-06,-0.0030272452068617,5.785304112722351e-06,-0.0005045408678103,1.829559097764575e-05,0.0,5.191093133954863e-06,0.0005045408678101,3.5240012213016315e-06,0.0010090817356205,9.35882291558794e-06,0.0015136226034309,3.1691252200932705e-06,0,0,1,0,0
756,29,13:47:51,6,-0.0010090817356205,73260.0,-0.0007568113017154,-0.0010090817356205,2.962801963576782e-06,-0.0015136226034309,2.905031451752165e-06,-0.0020181634712411,2.7504540679700112e-06,-0.0025227043390515,2.2365441006387403e-06,-0.0030272452068617,5.777051182461692e-06,-0.0005045408678103,1.829559097764575e-05,0.0,5.191093133954863e-06,0.0005045408678101,3.5240012213016315e-06,0.0010090817356205,9.35882291558794e-06,0.0015136226034309,3.1691252200932705e-06,0,1,1,0,0
757,29,13:47:54,6,-0.0010090817356205,0.0,-0.0007568113017154,-0.0010090817356205,3.235148662178547e-06,-0.0015136226034309,3.028825405662058e-06,-0.0020181634712411,2.8082245797946283e-06,-0.0025227043390515,2.2365441006387403e-06,-0.0030272452068617,5.777051182461692e-06,-0.0005045408678103,1.829559097764575e-05,0.0,5.191093133954863e-06,0.0005045408678101,3.5240012213016315e-06,0.0010090817356205,9.35882291558794e-06,0.0015136226034309,3.1691252200932705e-06,0,1,1,0,0
758,29,13:47:57,6,-0.0010090817356205,332646.0,-0.0007568113017154,-0.0010090817356205,2.7894904281029307e-06,-0.0015136226034309,3.028825405662058e-06,-0.0020181634712411,2.8082245797946283e-06,-0.0025227043390515,2.2365441006387403e-06,-0.0030272452068617,5.777051182461692e-06,-0.0005045408678103,1.8369867349991688e-05,0.0,5.191093133954863e-06,0.0005045408678101,3.5240012213016315e-06,0.0010090817356205,9.35882291558794e-06,0.0015136226034309,3.1691252200932705e-06,0,1,1,0,0
759,29,13:48:00,6,-0.0010090817356205,708840.0,-0.0012613521695256,-0.0015136226034309,2.888525591230846e-06,-0.0020181634712411,2.8907538824012235e-06,-0.0025227043390515,2.2778087519420384e-06,-0.0030272452068617,5.777051182461692e-06,-0.003531786074672,6.36300923096852e-06,-0.0010090817356205,9.424846357673215e-06,-0.0005045408678103,1.8402879071034323e-05,0.0,5.191093133954863e-06,0.0005045408678101,3.647795175211525e-06,0.0010090817356205,9.35882291558794e-06,1,1,1,0,0
760,29,13:48:03,6,-0.0015136226034309,296954.0,-0.0012613521695256,-0.0015136226034309,3.969659455377248e-06,-0.0020181634712411,2.8907538824012235e-06,-0.0025227043390515,2.2695558216813787e-06,-0.0030272452068617,5.777051182461692e-06,-0.003531786074672,6.37126216122918e-06,-0.0010090817356205,9.036958635422216e-06,-0.0005045408678103,1.809752065138992e-05,0.0,5.191093133954863e-06,0.0005045408678101,3.647795175211525e-06,0.0010090817356205,9.35882291558794e-06,1,1,1,0,0
761,29,13:48:06,6,-0.0010090817356205,87118.0,-0.0012613521695256,-0.0015136226034309,3.961406525116589e-06,-0.0020181634712411,2.9732831850078192e-06,-0.0025227043390515,2.2695558216813787e-06,-0.0030272452068617,5.661510158812458e-06,-0.003531786074672,5.645004298291138e-06,-0.0010090817356205,9.210270170896068e-06,-0.0005045408678103,1.809752065138992e-05,0.0,5.81006290350433e-06,0.0005045408678101,3.647795175211525e-06,0.0010090817356205,9.35882291558794e-06,2,1,1,0,0
762,29,13:48:09,6,-0.0010090817356205,502913.0,-0.0012613521695256,-0.0015136226034309,3.4414719186950363e-06,-0.0020181634712411,2.9732831850078192e-06,-0.0025227043390515,2.2695558216813787e-06,-0.0030272452068617,5.661510158812458e-06,-0.003531786074672,5.645004298291138e-06,-0.0010090817356205,7.188302257034476e-06,-0.0005045408678103,1.8213061675039157e-05,0.0,5.81006290350433e-06,0.0005045408678101,3.647795175211525e-06,0.0010090817356205,9.35882291558794e-06,2,1,1,0,0
763,29,13:48:12,6,-0.0015136226034309,1647352.0,-0.0012613521695256,-0.0015136226034309,3.953153594855929e-06,-0.0020181634712411,2.9732831850078192e-06,-0.0025227043390515,2.2695558216813787e-06,-0.0030272452068617,5.661510158812458e-06,-0.003531786074672,5.645004298291138e-06,-0.0010090817356205,6.024639090281479e-07,-0.0005045408678103,1.8213061675039157e-05,0.0,5.81006290350433e-06,0.0005045408678101,3.647795175211525e-06,0.0010090817356205,9.35882291558794e-06,2,1,1,0,0
764,29,13:48:15,6,-0.0010090817356205,136620.0,-0.0012613521695256,-0.0015136226034309,4.010924106680546e-06,-0.0020181634712411,2.9732831850078192e-06,-0.0025227043390515,2.2695558216813787e-06,-0.0030272452068617,5.661510158812458e-06,-0.003531786074672,5.719280670637075e-06,-0.0010090817356205,4.456582340756162e-07,-0.0005045408678103,1.8213061675039157e-05,0.0,5.81006290350433e-06,0.0005045408678101,3.647795175211525e-06,0.0010090817356205,9.35882291558794e-06,1,1,1,0,0
765,29,13:48:18,6,-0.0015136226034309,93030.0,-0.0012613521695256,-0.0015136226034309,4.175982711893737e-06,-0.0020181634712411,2.9320185337045216e-06,-0.0025227043390515,2.2695558216813787e-06,-0.0030272452068617,5.661510158812458e-06,-0.003531786074672,5.669763089073117e-06,-0.0010090817356205,3.053584196444037e-07,-0.0005045408678103,1.8213061675039157e-05,0.0,5.81006290350433e-06,0.0005045408678101,3.647795175211525e-06,0.0010090817356205,9.35882291558794e-06,1,1,1,0,0
766,29,13:48:21,6,-0.0010090817356205,267232.0,-0.0007568113017154,-0.0010090817356205,2.2447970308994e-06,-0.0015136226034309,3.697312756775482e-06,-0.0020181634712411,3.0888242086570533e-06,-0.0025227043390515,2.3520851242879744e-06,-0.0030272452068617,5.661510158812458e-06,-0.0005045408678103,1.8213061675039157e-05,0.0,5.81006290350433e-06,0.0005045408678101,3.647795175211525e-06,0.0010090817356205,9.35882291558794e-06,0.0015136226034309,3.1691252200932705e-06,0,0,0,0,0
767,29,13:48:24,6,-0.0005045408678103,459365.0,-0.0007568113017154,-0.0010090817356205,1.5267920982220184e-06,-0.0015136226034309,3.647795175211525e-06,-0.0020181634712411,3.0888242086570533e-06,-0.0025227043390515,2.3603380545486337e-06,-0.0030272452068617,5.653257228551798e-06,-0.0005045408678103,1.820480874477849e-05,0.0,5.975121508717521e-06,0.0005045408678101,3.647795175211525e-06,0.0010090817356205,9.35882291558794e-06,0.0015136226034309,3.4414719186950363e-06,0,0,0,0,0
768,29,13:48:27,6,-0.0010090817356205,233650.0,-0.0007568113017154,-0.0010090817356205,1.237939539098934e-06,-0.0015136226034309,3.994418246159227e-06,-0.0020181634712411,3.1713535112636486e-06,-0.0025227043390515,2.4428673571552294e-06,-0.0030272452068617,5.653257228551798e-06,-0.0005045408678103,1.813878530269322e-05,0.0,5.975121508717521e-06,0.0005045408678101,3.689059826514823e-06,0.0010090817356205,9.35882291558794e-06,0.0015136226034309,3.4414719186950363e-06,0,0,0,0,0
769,29,13:48:30,6,-0.0015136226034309,958574.0,-0.0012613521695256,-0.0015136226034309,3.869551411315447e-06,-0.0020181634712411,3.1713535112636486e-06,-0.0025227043390515,2.43461442689457e-06,-0.0030272452068617,5.595486716727181e-06,-0.003531786074672,5.892592206110925e-06,-0.0010090817356205,1.851957550492005e-05,-0.0005045408678103,1.81222794421719e-05,0.0,5.975121508717521e-06,0.0005045408678101,3.573518802865589e-06,0.0010090817356205,9.35882291558794e-06,1,1,1,0,0
770,29,13:48:33,6,-0.0015136226034309,61365.0,-0.0012613521695256,-0.0015136226034309,5.379837649016146e-06,-0.0020181634712411,3.2538828138702443e-06,-0.0025227043390515,2.43461442689457e-06,-0.0030272452068617,5.603739646987841e-06,-0.003531786074672,7.543178258242837e-06,-0.0010090817356205,1.8849692715346437e-05,-0.0005045408678103,1.80810147908686e-05,0.0,5.975121508717521e-06,0.0005045408678101,3.573518802865589e-06,0.0010090817356205,9.35882291558794e-06,1,1,1,0,0
771,29,13:48:36,6,-0.0015136226034309,104921.0,-0.0012613521695256,-0.0015136226034309,5.247790764845594e-06,-0.0020181634712411,3.278641604652223e-06,-0.0025227043390515,2.43461442689457e-06,-0.0030272452068617,5.587233786466521e-06,-0.003531786074672,7.551431188503496e-06,-0.0010090817356205,1.854433429570203e-05,-0.0005045408678103,1.80810147908686e-05,0.0,5.975121508717521e-06,0.0005045408678101,3.656048105472185e-06,0.0010090817356205,9.35882291558794e-06,1,1,1,0,0
772,29,13:48:39,6,-0.0015136226034309,354382.0,-0.0012613521695256,-0.0015136226034309,5.074479229371743e-06,-0.0020181634712411,3.278641604652223e-06,-0.0025227043390515,2.4428673571552294e-06,-0.0030272452068617,5.5789808562058615e-06,-0.003531786074672,7.551431188503496e-06,-0.0010090817356205,1.743844164077365e-05,-0.0005045408678103,1.81635440934752e-05,0.0,5.975121508717521e-06,0.0005045408678101,3.656048105472185e-06,0.0010090817356205,9.35882291558794e-06,1,1,1,0,0
773,29,13:48:42,6,-0.0015136226034309,19790.0,-0.0012613521695256,-0.0015136226034309,5.214779043802956e-06,-0.0020181634712411,3.278641604652223e-06,-0.0025227043390515,2.4428673571552294e-06,-0.0030272452068617,5.5789808562058615e-06,-0.003531786074672,7.551431188503496e-06,-0.0010090817356205,1.83049993181429e-05,-0.0005045408678103,1.823782046582113e-05,0.0,5.975121508717521e-06,0.0005045408678101,3.656048105472185e-06,0.0010090817356205,9.35882291558794e-06,1,1,1,0,0
774,29,13:48:45,6,-0.0010090817356205,142560.0,-0.0012613521695256,-0.0015136226034309,5.247790764845594e-06,-0.0020181634712411,3.278641604652223e-06,-0.0025227043390515,2.4428673571552294e-06,-0.0030272452068617,5.5789808562058615e-06,-0.003531786074672,7.411131374072284e-06,-0.0010090817356205,1.798313503797718e-05,-0.0005045408678103,1.823782046582113e-05,0.0,5.966868578456861e-06,0.0005045408678101,3.656048105472185e-06,0.0010090817356205,9.35882291558794e-06,1,1,1,0,0
775,29,13:48:48,6,-0.0010090817356205,237547.0,-0.0012613521695256,-0.0015136226034309,4.835144251812616e-06,-0.0020181634712411,3.3199062559555206e-06,-0.0025227043390515,2.4428673571552294e-06,-0.0030272452068617,5.5789808562058615e-06,-0.003531786074672,7.411131374072284e-06,-0.0010090817356205,1.9270592158640072e-05,-0.0005045408678103,1.823782046582113e-05,0.0,5.966868578456861e-06,0.0005045408678101,3.656048105472185e-06,0.0010090817356205,9.35882291558794e-06,1,1,0,0,0
776,29,13:48:51,6,-0.0015136226034309,441463.0,-0.0012613521695256,-0.0015136226034309,4.2739449940877655e-06,-0.0020181634712411,3.3199062559555206e-06,-0.0025227043390515,2.5006378689798464e-06,-0.0030272452068617,5.5789808562058615e-06,-0.003531786074672,7.411131374072284e-06,-0.0010090817356205,1.83462639694462e-05,-0.0005045408678103,1.823782046582113e-05,0.0,5.966868578456861e-06,0.0005045408678101,3.656048105472185e-06,0.0010090817356205,9.35882291558794e-06,1,0,0,0,0
777,29,13:48:54,6,-0.0010090817356205,275872.0,-0.0012613521695256,-0.0015136226034309,4.353750829708344e-06,-0.0020181634712411,3.3199062559555206e-06,-0.0025227043390515,2.5006378689798464e-06,-0.0030272452068617,5.5789808562058615e-06,-0.003531786074672,7.411131374072284e-06,-0.0010090817356205,1.7504465082858924e-05,-0.0005045408678103,1.8229567535560476e-05,0.0,5.966868578456861e-06,0.0005045408678101,3.656048105472185e-06,0.0010090817356205,9.35882291558794e-06,1,0,0,0,0
778,29,13:48:57,6,-0.0015136226034309,203843.0,-0.0012613521695256,-0.0015136226034309,3.652251757552281e-06,-0.0020181634712411,3.3199062559555206e-06,-0.0025227043390515,2.5006378689798464e-06,-0.0030272452068617,5.5789808562058615e-06,-0.003531786074672,7.411131374072284e-06,-0.0010090817356205,1.7512718013119583e-05,-0.0005045408678103,1.827083218686377e-05,0.0,5.966868578456861e-06,0.0005045408678101,3.656048105472185e-06,0.0010090817356205,9.35882291558794e-06,1,0,0,0,0
779,29,13:49:00,6,-0.0010090817356205,59400.0,-0.0012613521695256,-0.0015136226034309,3.825563293026132e-06,-0.0020181634712411,3.542735372993329e-06,-0.0025227043390515,2.5006378689798464e-06,-0.0030272452068617,5.5789808562058615e-06,-0.003531786074672,7.419384304332943e-06,-0.0010090817356205,1.7322900617124414e-05,-0.0005045408678103,1.818830288425717e-05,0.0,5.966868578456861e-06,0.0005045408678101,3.73857740807878e-06,0.0010090817356205,9.35882291558794e-06,1,0,0,0,0
780,29,13:49:03,6,-0.0015136226034309,148451.0,-0.0012613521695256,-0.0015136226034309,3.5202048733817285e-06,-0.0020181634712411,3.6582763966425623e-06,-0.0025227043390515,3.697312756775482e-06,-0.0030272452068617,5.5789808562058615e-06,-0.003531786074672,7.320349141205029e-06,-0.0010090817356205,1.7124830290868584e-05,-0.0005045408678103,1.818830288425717e-05,0.0,5.966868578456861e-06,0.0005045408678101,3.73857740807878e-06,0.0010090817356205,9.35882291558794e-06,1,0,0,0,0
781,29,13:49:06,6,-0.0015136226034309,104912.0,-0.0012613521695256,-0.0015136226034309,3.371652128689856e-06,-0.0020181634712411,4.483569422708519e-06,-0.0025227043390515,3.697312756775482e-06,-0.0030272452068617,5.636751368030479e-06,-0.003531786074672,7.320349141205029e-06,-0.0010090817356205,1.7083565639565286e-05,-0.0005045408678103,1.818830288425717e-05,0.0,5.966868578456861e-06,0.0005045408678101,3.73857740807878e-06,0.0010090817356205,9.35882291558794e-06,0,0,0,0,0
782,29,13:49:09,6,-0.0015136226034309,197979.0,-0.0012613521695256,-0.0015136226034309,3.4706872918177707e-06,-0.0020181634712411,4.483569422708519e-06,-0.0025227043390515,3.697312756775482e-06,-0.0030272452068617,5.636751368030479e-06,-0.003531786074672,7.336855001726348e-06,-0.0010090817356205,1.647284880027648e-05,-0.0005045408678103,1.818830288425717e-05,0.0,5.900845136371585e-06,0.0005045408678101,3.73857740807878e-06,0.0010090817356205,9.35882291558794e-06,0,0,0,0,0
783,29,13:49:12,6,-0.0010090817356205,312386.0,-0.0012613521695256,-0.0015136226034309,3.2826855404799462e-06,-0.0020181634712411,4.566098725315115e-06,-0.0025227043390515,3.697312756775482e-06,-0.0030272452068617,5.636751368030479e-06,-0.003531786074672,7.336855001726348e-06,-0.0010090817356205,1.592815540307295e-05,-0.0005045408678103,1.8229567535560476e-05,0.0,5.900845136371585e-06,0.0005045408678101,3.73857740807878e-06,0.0010090817356205,9.35882291558794e-06,0,0,0,0,0
784,29,13:49:15,6,-0.0010090817356205,138579.0,-0.0012613521695256,-0.0015136226034309,3.3404560523045637e-06,-0.0020181634712411,4.607363376618412e-06,-0.0025227043390515,3.722071547557461e-06,-0.0030272452068617,5.653257228551798e-06,-0.003531786074672,7.336855001726348e-06,-0.0010090817356205,1.550725595977931e-05,-0.0005045408678103,1.8229567535560476e-05,0.0,5.900845136371585e-06,0.0005045408678101,3.73857740807878e-06,0.0010090817356205,9.35882291558794e-06,0,0,0,0,0
785,29,13:49:18,6,-0.0010090817356205,932178.0,-0.0012613521695256,-0.0015136226034309,1.218132506473351e-07,-0.0020181634712411,4.607363376618412e-06,-0.0025227043390515,3.722071547557461e-06,-0.0030272452068617,5.653257228551798e-06,-0.003531786074672,7.336855001726348e-06,-0.0010090817356205,1.4360098653547631e-05,-0.0005045408678103,1.8229567535560476e-05,0.0,5.900845136371585e-06,0.0005045408678101,4.217247363197034e-06,0.0010090817356205,9.35882291558794e-06,0,0,0,0,0
786,29,13:49:21,6,-0.0020181634712411,157487.0,-0.0017658930373359,-0.0020181634712411,4.311578356076374e-06,-0.0025227043390515,3.722071547557461e-06,-0.0030272452068617,5.653257228551798e-06,-0.003531786074672,7.336855001726348e-06,-0.0040363269424824,3.3837014068704192e-06,-0.0015136226034309,9.276293612981345e-08,-0.0010090817356205,1.574659093733844e-05,-0.0005045408678103,1.792420911591607e-05,0.0,5.900845136371585e-06,0.0005045408678101,4.217247363197034e-06,1,0,1,0,0
787,29,13:49:24,6,-0.0020181634712411,302817.0,-0.0017658930373359,-0.0020181634712411,4.303325425815714e-06,-0.0025227043390515,3.722071547557461e-06,-0.0030272452068617,5.570727925945203e-06,-0.003531786074672,7.336855001726348e-06,-0.0040363269424824,3.3837014068704192e-06,-0.0015136226034309,9.647675474711024e-06,-0.0010090817356205,1.5963147827378146e-05,-0.0005045408678103,1.792420911591607e-05,0.0,5.925603927153564e-06,0.0005045408678101,4.217247363197034e-06,1,0,0,0,0
788,29,13:49:27,6,-0.0020181634712411,98946.0,-0.0017658930373359,-0.0020181634712411,4.278566635033735e-06,-0.0025227043390515,3.7138186172968016e-06,-0.0030272452068617,5.636751368030479e-06,-0.003531786074672,7.328602071465688e-06,-0.0040363269424824,3.3837014068704192e-06,-0.0015136226034309,9.35882291558794e-06,-0.0010090817356205,1.5930136106335507e-05,-0.0005045408678103,1.792420911591607e-05,0.0,6.35475630070786e-06,0.0005045408678101,4.217247363197034e-06,1,0,0,0,0
789,29,13:49:30,6,-0.0015136226034309,67286.0,-0.0017658930373359,-0.0020181634712411,4.74898365989133e-06,-0.0025227043390515,3.7138186172968016e-06,-0.0030272452068617,5.636751368030479e-06,-0.003531786074672,7.328602071465688e-06,-0.0040363269424824,3.3837014068704192e-06,-0.0015136226034309,9.15249965907145e-06,-0.0010090817356205,1.5897124385292868e-05,-0.0005045408678103,1.792420911591607e-05,0.0,6.35475630070786e-06,0.0005045408678101,4.217247363197034e-06,1,0,0,0,0
790,29,13:49:33,6,-0.0020181634712411,449084.0,-0.0017658930373359,-0.0020181634712411,5.912646826644328e-06,-0.0025227043390515,3.7138186172968016e-06,-0.0030272452068617,5.645004298291138e-06,-0.003531786074672,7.328602071465688e-06,-0.0040363269424824,3.3837014068704192e-06,-0.0015136226034309,9.243281891938704e-06,-0.0010090817356205,1.585585973398957e-05,-0.0005045408678103,1.792420911591607e-05,0.0,6.35475630070786e-06,0.0005045408678101,4.217247363197034e-06,0,0,0,0,0
791,29,13:49:36,6,-0.0015136226034309,391759.0,-0.0017658930373359,-0.0020181634712411,5.277171196573541e-06,-0.0025227043390515,3.722071547557461e-06,-0.0030272452068617,5.636751368030479e-06,-0.003531786074672,7.312096210944369e-06,-0.0040363269424824,3.3837014068704192e-06,-0.0015136226034309,6.602344208527648e-08,-0.0010090817356205,1.5831100943207594e-05,-0.0005045408678103,1.7882944464612772e-05,0.0,6.35475630070786e-06,0.0005045408678101,4.217247363197034e-06,0,0,0,0,0
792,29,13:49:39,6,-0.0020181634712411,397925.0,-0.0017658930373359,-0.0020181634712411,5.615541337260584e-06,-0.0025227043390515,3.722071547557461e-06,-0.0030272452068617,5.6119925772485e-06,-0.003531786074672,7.312096210944369e-06,-0.0040363269424824,3.3837014068704192e-06,-0.0015136226034309,6.932461418954029e-07,-0.0010090817356205,1.4477620380459424e-05,-0.0005045408678103,1.7882944464612772e-05,0.0,6.35475630070786e-06,0.0005045408678101,4.217247363197034e-06,0,0,0,0,0
793,29,13:49:42,6,-0.0020181634712411,261121.0,-0.0017658930373359,-0.0020181634712411,4.897536404583202e-06,-0.0025227043390515,3.887130152770652e-06,-0.0030272452068617,5.6119925772485e-06,-0.003531786074672,7.345107931987007e-06,-0.0040363269424824,3.3837014068704192e-06,-0.0015136226034309,5.116816761608927e-07,-0.0010090817356205,6.759149883480179e-06,-0.0005045408678103,1.7841679813309474e-05,0.0,6.35475630070786e-06,0.0005045408678101,4.217247363197034e-06,0,0,0,0,0
794,29,13:49:45,6,-0.0020181634712411,571664.0,-0.0017658930373359,-0.0020181634712411,2.900327281503589e-06,-0.0025227043390515,4.29977666580363e-06,-0.0030272452068617,5.6119925772485e-06,-0.003531786074672,7.345107931987007e-06,-0.0040363269424824,3.3837014068704192e-06,-0.0015136226034309,4.043935827723184e-07,-0.0010090817356205,6.759149883480179e-06,-0.0005045408678103,1.7841679813309474e-05,0.0,6.35475630070786e-06,0.0005045408678101,4.217247363197034e-06,0,0,0,0,0
795,29,13:49:48,6,-0.0025227043390515,886982.0,-0.0022704339051463,-0.0025227043390515,4.109959269808461e-06,-0.0030272452068617,5.6119925772485e-06,-0.003531786074672,7.312096210944369e-06,-0.0040363269424824,3.3837014068704192e-06,-0.0045408678102926,7.448599677455678e-06,-0.0020181634712411,4.956462326644312e-06,-0.0015136226034309,5.777051182461691e-07,-0.0010090817356205,6.759149883480179e-06,-0.0005045408678103,1.7841679813309474e-05,0.0,6.35475630070786e-06,1,1,0,0,0
796,29,13:49:51,6,-0.0025227043390515,136465.0,-0.0022704339051463,-0.0025227043390515,3.986165315898567e-06,-0.0030272452068617,5.6119925772485e-06,-0.003531786074672,7.287337420162391e-06,-0.0040363269424824,3.3837014068704192e-06,-0.0045408678102926,7.448599677455678e-06,-0.0020181634712411,4.840921302995077e-06,-0.0015136226034309,6.932461418954029e-07,-0.0010090817356205,6.948967279475348e-06,-0.0005045408678103,1.7841679813309474e-05,0.0,6.396020952011158e-06,1,1,0,0,0
797,29,13:49:54,6,-0.0025227043390515,19772.0,-0.0022704339051463,-0.0025227043390515,3.92014187381329e-06,-0.0030272452068617,5.62024550750916e-06,-0.003531786074672,7.287337420162391e-06,-0.0040363269424824,3.3837014068704192e-06,-0.0045408678102926,7.448599677455678e-06,-0.0020181634712411,4.832668372734418e-06,-0.0015136226034309,7.345107931987008e-07,-0.0010090817356205,6.858185046608093e-06,-0.0005045408678103,1.7841679813309474e-05,0.0,6.396020952011158e-06,1,0,0,0,0
798,29,13:49:57,6,-0.0025227043390515,447022.0,-0.0022704339051463,-0.0025227043390515,3.953153594855929e-06,-0.0030272452068617,5.62024550750916e-06,-0.003531786074672,7.287337420162391e-06,-0.0040363269424824,3.3837014068704192e-06,-0.0045408678102926,7.448599677455678e-06,-0.0020181634712411,3.528705391550208e-06,-0.0015136226034309,7.345107931987008e-07,-0.0010090817356205,6.899449697911391e-06,-0.0005045408678103,1.7841679813309474e-05,0.0,6.396020952011158e-06,1,0,0,0,0
799,29,13:50:00,6,-0.0025227043390515,85036.0,-0.0022704339051463,-0.0025227043390515,3.837612571206695e-06,-0.0030272452068617,5.653257228551798e-06,-0.003531786074672,7.336855001726348e-06,-0.0040363269424824,3.3837014068704192e-06,-0.0045408678102926,7.448599677455678e-06,-0.0020181634712411,3.421417298161633e-06,-0.0015136226034309,6.684873511134243e-07,-0.0010090817356205,6.816920395304796e-06,-0.0005045408678103,1.7841679813309474e-05,0.0,6.396020952011158e-06,1,0,0,0,0
800,29,13:50:03,6,-0.0025227043390515,144324.0,-0.0022704339051463,-0.0025227043390515,6.189697695494669e-06,-0.0030272452068617,5.653257228551798e-06,-0.003531786074672,7.328602071465688e-06,-0.0040363269424824,3.3837014068704192e-06,-0.0045408678102926,7.448599677455678e-06,-0.0020181634712411,3.4049114376403142e-06,-0.0015136226034309,6.932461418954029e-07,-0.0010090817356205,6.858185046608093e-06,-0.0005045408678103,1.7841679813309474e-05,0.0,6.396020952011158e-06,1,0,0,0,0
801,29,13:50:06,6,-0.0025227043390515,262941.0,-0.0022704339051463,-0.0025227043390515,5.125069691869586e-06,-0.0030272452068617,5.554222065423883e-06,-0.003531786074672,7.411131374072284e-06,-0.0040363269424824,3.3837014068704192e-06,-0.0045408678102926,7.448599677455678e-06,-0.0020181634712411,3.528705391550208e-06,-0.0015136226034309,7.592695839806795e-07,-0.0010090817356205,7.48540774641822e-06,-0.0005045408678103,1.7841679813309474e-05,0.0,6.396020952011158e-06,1,0,0,0,0
802,29,13:50:09,6,-0.0025227043390515,539121.0,-0.0022704339051463,-0.0025227043390515,3.7083716833247662e-06,-0.0030272452068617,5.595486716727181e-06,-0.003531786074672,7.411131374072284e-06,-0.0040363269424824,3.3837014068704192e-06,-0.0045408678102926,7.448599677455678e-06,-0.0020181634712411,3.000517854867996e-06,-0.0015136226034309,7.592695839806795e-07,-0.0010090817356205,7.567937049024815e-06,-0.0005045408678103,1.7841679813309474e-05,0.0,6.396020952011158e-06,0,0,0,0,0
803,29,13:50:12,6,-0.0025227043390515,245197.0,-0.0022704339051463,-0.0025227043390515,3.155425355860576e-06,-0.0030272452068617,5.595486716727181e-06,-0.003531786074672,7.419384304332943e-06,-0.0040363269424824,3.3837014068704192e-06,-0.0045408678102926,7.448599677455678e-06,-0.0020181634712411,3.7020169270240574e-06,-0.0015136226034309,7.592695839806795e-07,-0.0010090817356205,7.567937049024815e-06,-0.0005045408678103,1.7841679813309474e-05,0.0,6.396020952011158e-06,0,0,0,0,0
804,29,13:50:15,6,-0.0025227043390515,270946.0,-0.0022704339051463,-0.0025227043390515,2.8418140059555124e-06,-0.0030272452068617,5.595486716727181e-06,-0.003531786074672,7.29559035042305e-06,-0.0040363269424824,3.3837014068704192e-06,-0.0045408678102926,7.448599677455678e-06,-0.0020181634712411,3.0830471574745915e-06,-0.0015136226034309,8.830635378905728e-07,-0.0010090817356205,7.592695839806795e-06,-0.0005045408678103,1.7841679813309474e-05,0.0,6.396020952011158e-06,0,0,0,0,0
805,29,13:50:18,6,-0.0025227043390515,81068.0,-0.0022704339051463,-0.0025227043390515,2.6767554007423214e-06,-0.0030272452068617,5.595486716727181e-06,-0.003531786074672,7.29559035042305e-06,-0.0040363269424824,3.3837014068704192e-06,-0.0045408678102926,7.448599677455678e-06,-0.0020181634712411,3.256358692948442e-06,-0.0015136226034309,8.830635378905728e-07,-0.0010090817356205,8.129136306749665e-06,-0.0005045408678103,1.792420911591607e-05,0.0,6.478550254617754e-06,0,0,0,0,0
806,29,13:50:21,6,-0.0025227043390515,45481.0,-0.0022704339051463,-0.0025227043390515,2.784043494130896e-06,-0.0030272452068617,5.6119925772485e-06,-0.003531786074672,7.419384304332943e-06,-0.0040363269424824,3.3837014068704192e-06,-0.0045408678102926,7.448599677455678e-06,-0.0020181634712411,3.3306350652943782e-06,-0.0015136226034309,8.500518168479345e-07,-0.0010090817356205,8.04660700414307e-06,-0.0005045408678103,1.792420911591607e-05,0.0,6.478550254617754e-06,0,0,0,0,0
807,29,13:50:24,6,-0.0030272452068617,757864.0,-0.0027749747729566,-0.0030272452068617,5.628498437769819e-06,-0.003531786074672,7.419384304332943e-06,-0.0040363269424824,3.3837014068704192e-06,-0.0045408678102926,7.448599677455678e-06,-0.0050454086781029,6.5858383480063285e-06,-0.0025227043390515,5.666957092784493e-06,-0.0020181634712411,4.213698603184952e-06,-0.0015136226034309,8.500518168479345e-07,-0.0010090817356205,8.178653888313623e-06,-0.0005045408678103,1.792420911591607e-05,1,0,0,1,0
808,29,13:50:27,6,-0.0025227043390515,489841.0,-0.0027749747729566,-0.0030272452068617,5.498267198256611e-06,-0.003531786074672,7.419384304332943e-06,-0.0040363269424824,3.3837014068704192e-06,-0.0045408678102926,7.448599677455678e-06,-0.0050454086781029,6.5858383480063285e-06,-0.0025227043390515,4.4620292747281975e-06,-0.0020181634712411,4.032134137450441e-06,-0.0015136226034309,8.500518168479345e-07,-0.0010090817356205,8.219918539616921e-06,-0.0005045408678103,1.792420911591607e-05,1,0,0,1,0
809,29,13:50:30,6,-0.003531786074672,1567410.0,-0.0032795156407667,-0.003531786074672,7.807272026583943e-06,-0.0040363269424824,3.3837014068704192e-06,-0.0045408678102926,7.448599677455678e-06,-0.0050454086781029,6.5858383480063285e-06,-0.0055499495459131,2.5666613110651227e-06,-0.0030272452068617,1.822081942948417e-06,-0.0025227043390515,4.544558577334793e-06,-0.0020181634712411,4.05689292823242e-06,-0.0015136226034309,1.3039629811842104e-06,-0.0010090817356205,8.219918539616921e-06,2,1,1,1,0
810,29,13:50:33,6,-0.003531786074672,2652462.0,-0.0030272452068618,-0.003531786074672,7.445793681167054e-07,-0.0040363269424824,3.391954337131079e-06,-0.0045408678102926,7.448599677455678e-06,-0.0050454086781029,6.5858383480063285e-06,-0.0055499495459131,2.5666613110651227e-06,-0.0025227043390515,4.4620292747281975e-06,-0.0020181634712411,4.05689292823242e-06,-0.0015136226034309,1.3534805627481675e-06,-0.0010090817356205,8.335459563266154e-06,-0.0005045408678103,1.792420911591607e-05,1,0,1,1,0
811,29,13:50:36,6,-0.0025227043390515,571213.0,-0.0030272452068618,-0.003531786074672,3.3112406791818284e-06,-0.0040363269424824,3.391954337131079e-06,-0.0045408678102926,7.531128980062274e-06,-0.0050454086781029,6.5858383480063285e-06,-0.0055499495459131,2.5666613110651227e-06,-0.0025227043390515,2.7536727107716685e-06,-0.0020181634712411,4.05689292823242e-06,-0.0015136226034309,1.3534805627481675e-06,-0.0010090817356205,8.335459563266154e-06,-0.0005045408678103,1.792420911591607e-05,1,1,1,1,0
812,29,13:50:39,6,-0.0030272452068617,37545.0,-0.0027749747729566,-0.0030272452068617,8.252930260659559e-07,-0.003531786074672,3.352505330485126e-06,-0.0040363269424824,3.3837014068704192e-06,-0.0045408678102926,7.118482467029296e-06,-0.0050454086781029,6.5858383480063285e-06,-0.0025227043390515,2.72891391998969e-06,-0.0020181634712411,4.05689292823242e-06,-0.0015136226034309,1.3534805627481675e-06,-0.0010090817356205,8.335459563266154e-06,-0.0005045408678103,1.792420911591607e-05,0,0,0,0,0
813,29,13:50:42,6,-0.0030272452068617,274673.0,-0.0027749747729566,-0.0030272452068617,2.896778521491505e-06,-0.003531786074672,5.052443905575782e-07,-0.0040363269424824,3.3837014068704192e-06,-0.0045408678102926,7.333058653806445e-06,-0.0050454086781029,6.5858383480063285e-06,-0.0025227043390515,3.0672840606767315e-06,-0.0020181634712411,4.131169300578355e-06,-0.0015136226034309,1.2049278180562955e-06,-0.0010090817356205,7.576189979285475e-06,-0.0005045408678103,1.792420911591607e-05,0,0,0,0,0
814,29,13:50:45,6,-0.0025227043390515,717292.0,-0.0027749747729566,-0.0030272452068617,1.6505860521319117e-07,-0.003531786074672,1.0746965785430878e-06,-0.0040363269424824,3.3837014068704192e-06,-0.0045408678102926,7.3743233051097424e-06,-0.0050454086781029,6.5858383480063285e-06,-0.0025227043390515,2.984754758070136e-06,-0.0020181634712411,4.131169300578355e-06,-0.0015136226034309,1.2049278180562955e-06,-0.0010090817356205,7.534925327982178e-06,-0.0005045408678103,1.792420911591607e-05,0,0,0,0,0
815,29,13:50:48,6,-0.003531786074672,138302.0,-0.0032795156407667,-0.003531786074672,9.178909035905562e-07,-0.0040363269424824,3.3837014068704192e-06,-0.0045408678102926,7.3743233051097424e-06,-0.0050454086781029,6.5858383480063285e-06,-0.0055499495459131,2.319073403245336e-06,-0.0030272452068617,3.75458809278446e-06,-0.0025227043390515,3.248848526411242e-06,-0.0020181634712411,4.131169300578355e-06,-0.0015136226034309,1.1554102364923382e-06,-0.0010090817356205,7.534925327982178e-06,0,0,0,0,0
816,29,13:50:51,6,-0.003531786074672,223273.0,-0.0032795156407667,-0.003531786074672,8.931321128085774e-07,-0.0040363269424824,3.408460197652398e-06,-0.0045408678102926,7.3743233051097424e-06,-0.0050454086781029,6.5858383480063285e-06,-0.0055499495459131,2.319073403245336e-06,-0.0030272452068617,3.341941579751482e-06,-0.0025227043390515,3.3396307592784973e-06,-0.0020181634712411,4.131169300578355e-06,-0.0015136226034309,1.1554102364923382e-06,-0.0010090817356205,7.576189979285475e-06,1,1,1,0,0
817,29,13:50:54,6,-0.003531786074672,45425.0,-0.0032795156407667,-0.003531786074672,9.426496943725348e-07,-0.0040363269424824,3.408460197652398e-06,-0.0045408678102926,7.3743233051097424e-06,-0.0050454086781029,6.709632301916221e-06,-0.0055499495459131,2.319073403245336e-06,-0.0030272452068617,3.168630044277631e-06,-0.0025227043390515,4.148417924823134e-06,-0.0020181634712411,4.131169300578355e-06,-0.0015136226034309,1.1554102364923382e-06,-0.0010090817356205,7.576189979285475e-06,1,0,0,1,0
818,29,13:50:57,6,-0.0030272452068617,41492.0,-0.0032795156407667,-0.003531786074672,9.178909035905562e-07,-0.0040363269424824,3.408460197652398e-06,-0.0045408678102926,7.3743233051097424e-06,-0.0050454086781029,6.709632301916221e-06,-0.0055499495459131,2.319073403245336e-06,-0.0030272452068617,3.672058790177864e-06,-0.0025227043390515,4.156670855083794e-06,-0.0020181634712411,4.131169300578355e-06,-0.0015136226034309,1.1554102364923382e-06,-0.0010090817356205,7.576189979285475e-06,1,0,1,1,0
819,29,13:51:00,6,-0.003531786074672,213300.0,-0.0032795156407667,-0.003531786074672,2.081389011738341e-07,-0.0040363269424824,3.408460197652398e-06,-0.0045408678102926,7.3743233051097424e-06,-0.0050454086781029,6.709632301916221e-06,-0.0055499495459131,2.319073403245336e-06,-0.0030272452068617,4.002176000604247e-06,-0.0025227043390515,4.156670855083794e-06,-0.0020181634712411,4.131169300578355e-06,-0.0015136226034309,1.1554102364923382e-06,-0.0010090817356205,7.766007375280645e-06,0,1,1,0,0
820,29,13:51:03,6,-0.0045408678102926,2079081.0,-0.0037840565085771,-0.0045408678102926,3.3449951639479257e-06,-0.0050454086781029,6.709632301916221e-06,-0.0055499495459131,2.319073403245336e-06,-0.0060544904137235,9.565146172104428e-06,-0.0065590312815337,4.233753223718354e-06,-0.0030272452068617,3.969164279561608e-06,-0.0025227043390515,4.156670855083794e-06,-0.0020181634712411,3.672553965993504e-06,-0.0015136226034309,1.1554102364923382e-06,-0.0010090817356205,7.766007375280645e-06,1,1,1,1,0
821,29,13:51:06,6,-0.0030272452068617,108680.0,-0.0032795156407667,-0.003531786074672,1.5680567495253166e-07,-0.0045408678102926,3.889688561151457e-06,-0.0050454086781029,6.717885232176881e-06,-0.0055499495459131,2.475879078197868e-06,-0.0060544904137235,9.565146172104428e-06,-0.0030272452068617,4.068199442689523e-06,-0.0025227043390515,4.296970669515006e-06,-0.0020181634712411,3.672553965993504e-06,-0.0015136226034309,7.014990721560625e-07,-0.0010090817356205,7.84853667788724e-06,1,0,1,0,0
822,29,13:51:09,6,-0.003531786074672,246921.0,-0.0032795156407667,-0.003531786074672,3.631289314690206e-07,-0.0040363269424824,2.475879078197868e-07,-0.0045408678102926,3.873182700630137e-06,-0.0050454086781029,6.717885232176881e-06,-0.0055499495459131,2.475879078197868e-06,-0.0030272452068617,4.480845955722501e-06,-0.0025227043390515,4.074141552477198e-06,-0.0020181634712411,3.5982775936475675e-06,-0.0015136226034309,5.777051182461691e-07,-0.0010090817356205,7.84853667788724e-06,0,0,1,0,0
823,29,13:51:12,6,-0.0030272452068617,19754.0,-0.0032795156407667,-0.003531786074672,4.5391116433627574e-07,-0.0040363269424824,2.475879078197868e-07,-0.0045408678102926,3.848423909848159e-06,-0.0050454086781029,6.726138162437541e-06,-0.0055499495459131,2.475879078197868e-06,-0.0030272452068617,4.480845955722501e-06,-0.0025227043390515,4.074141552477198e-06,-0.0020181634712411,3.5900246633869083e-06,-0.0015136226034309,6.437285603314456e-07,-0.0010090817356205,7.889801329190539e-06,0,0,1,0,0
824,29,13:51:15,6,-0.003531786074672,543325.0,-0.0037840565085773,-0.0040363269424824,2.475879078197868e-07,-0.0045408678102926,3.8401709795875e-06,-0.0050454086781029,6.726138162437541e-06,-0.0055499495459131,2.475879078197868e-06,-0.0060544904137235,9.532134451061791e-06,-0.003531786074672,4.704170248575949e-09,-0.0030272452068617,2.846765764111908e-06,-0.0025227043390515,4.074141552477198e-06,-0.0020181634712411,2.6491906136717184e-06,-0.0015136226034309,6.437285603314456e-07,1,0,1,0,1
825,29,13:51:18,6,-0.0040363269424824,155962.0,-0.0037840565085773,-0.0040363269424824,1.3204688417055296e-07,-0.0045408678102926,3.8401709795875e-06,-0.0050454086781029,6.750896953219519e-06,-0.0055499495459131,2.5666613110651227e-06,-0.0060544904137235,9.556893241843769e-06,-0.003531786074672,1.7331153547385076e-07,-0.0030272452068617,3.069594881149716e-06,-0.0025227043390515,4.074141552477198e-06,-0.0020181634712411,2.6491906136717184e-06,-0.0015136226034309,6.437285603314456e-07,1,0,1,0,0
826,29,13:51:21,6,-0.003531786074672,279447.0,-0.0032795156407667,-0.003531786074672,4.126465130329779e-08,-0.0045408678102926,3.373302714741988e-06,-0.0050454086781029,6.750896953219519e-06,-0.0055499495459131,2.5666613110651227e-06,-0.0060544904137235,1.0728809338857427e-05,-0.0030272452068617,3.020077299585759e-06,-0.0025227043390515,4.074141552477198e-06,-0.0020181634712411,2.6491906136717184e-06,-0.0015136226034309,6.437285603314456e-07,-0.0010090817356205,7.8567896081479e-06,0,0,1,0,0
827,29,13:51:24,6,-0.003531786074672,163874.0,-0.0037840565085773,-0.0040363269424824,3.5487600120836106e-07,-0.0045408678102926,3.2577616910927544e-06,-0.0050454086781029,8.211665609356262e-06,-0.0055499495459131,2.5666613110651227e-06,-0.0060544904137235,1.0811338641464022e-05,-0.003531786074672,1.485527446918721e-07,-0.0030272452068617,3.152124183756312e-06,-0.0025227043390515,4.074141552477198e-06,-0.0020181634712411,2.6491906136717184e-06,-0.0015136226034309,6.767402813740839e-07,1,0,1,0,1
828,29,13:51:27,6,-0.003531786074672,148124.0,-0.0037840565085773,-0.0040363269424824,5.777051182461691e-07,-0.0045408678102926,3.752937506732328e-06,-0.0050454086781029,8.22817146987758e-06,-0.0055499495459131,2.5666613110651227e-06,-0.0060544904137235,1.0811338641464022e-05,-0.003531786074672,2.0632325651648897e-07,-0.0030272452068617,2.557913204988824e-06,-0.0025227043390515,4.074141552477198e-06,-0.0020181634712411,2.6491906136717184e-06,-0.0015136226034309,6.767402813740839e-07,0,1,1,0,1
829,29,13:51:30,6,-0.0040363269424824,138234.0,-0.003531786074672,-0.0040363269424824,1.535045028482678e-06,-0.0045408678102926,3.752937506732328e-06,-0.0050454086781029,8.22817146987758e-06,-0.0055499495459131,2.5666613110651227e-06,-0.0060544904137235,1.1141455851890404e-05,-0.0030272452068617,2.549660274728164e-06,-0.0025227043390515,4.074141552477198e-06,-0.0020181634712411,2.6491906136717184e-06,-0.0015136226034309,6.767402813740839e-07,-0.0010090817356205,7.592695839806795e-06,0,0,1,0,1
830,29,13:51:33,6,-0.0040363269424824,221110.0,-0.0037840565085773,-0.0040363269424824,1.0563750733644237e-06,-0.0045408678102926,3.7364316462110088e-06,-0.0050454086781029,7.988836492318453e-06,-0.0055499495459131,2.6491906136717184e-06,-0.0060544904137235,1.1380790829449531e-05,-0.003531786074672,4.786699551182544e-07,-0.0030272452068617,2.533154414206845e-06,-0.0025227043390515,4.074141552477198e-06,-0.0020181634712411,2.6409376834110587e-06,-0.0015136226034309,6.767402813740839e-07,0,1,1,0,1
831,29,13:51:36,6,-0.003531786074672,258664.0,-0.0037840565085773,-0.0040363269424824,6.107168392888073e-07,-0.0045408678102926,3.868478530381561e-06,-0.0050454086781029,7.988836492318453e-06,-0.0055499495459131,2.6491906136717184e-06,-0.0060544904137235,1.139729668997085e-05,-0.003531786074672,5.7770511824616916e-08,-0.0030272452068617,2.599177856292121e-06,-0.0025227043390515,4.074141552477198e-06,-0.0020181634712411,2.6409376834110587e-06,-0.0015136226034309,6.767402813740839e-07,1,1,1,0,1
832,29,13:51:39,6,-0.0040363269424824,730328.0,-0.0037840565085773,-0.0040363269424824,2.0137149836009323e-06,-0.0045408678102926,2.7708388057138403e-06,-0.0050454086781029,7.988836492318453e-06,-0.0055499495459131,2.6491906136717184e-06,-0.0060544904137235,1.141380255049217e-05,-0.003531786074672,5.529463274641904e-07,-0.0030272452068617,2.566166135249483e-06,-0.0025227043390515,4.074141552477198e-06,-0.0020181634712411,2.6409376834110587e-06,-0.0015136226034309,6.767402813740839e-07,0,2,1,0,1
833,29,13:51:42,6,-0.0040363269424824,791684.0,-0.0042885973763875,-0.0045408678102926,2.7708388057138403e-06,-0.0050454086781029,7.988836492318453e-06,-0.0055499495459131,2.690455264975016e-06,-0.0060544904137235,1.141380255049217e-05,-0.0065590312815337,4.4895940617988e-06,-0.0040363269424824,1.072880933885743e-07,-0.0030272452068617,2.648695437856079e-06,-0.0025227043390515,3.2571014566719016e-06,-0.0020181634712411,2.550155450543804e-06,-0.0015136226034309,6.767402813740839e-07,1,2,1,1,1
834,29,13:51:45,6,-0.0045408678102926,475705.0,-0.0042885973763875,-0.0045408678102926,2.564515549197351e-06,-0.0050454086781029,7.988836492318453e-06,-0.0055499495459131,2.690455264975016e-06,-0.0060544904137235,1.1496331853098764e-05,-0.0065590312815337,4.4895940617988e-06,-0.0040363269424824,7.427637234593603e-07,-0.003531786074672,3.631289314690206e-07,-0.0030272452068617,2.6569483681167385e-06,-0.0025227043390515,3.2571014566719016e-06,-0.0020181634712411,2.550155450543804e-06,1,2,1,1,1
835,29,13:51:48,6,-0.0040363269424824,76986.0,-0.0042885973763875,-0.0045408678102926,2.572768479458011e-06,-0.0050454086781029,7.988836492318453e-06,-0.0055499495459131,2.690455264975016e-06,-0.0060544904137235,1.1496331853098764e-05,-0.0065590312815337,4.4895940617988e-06,-0.0040363269424824,6.189697695494669e-07,-0.003531786074672,4.456582340756162e-07,-0.0030272452068617,3.053089020628397e-06,-0.0025227043390515,3.2571014566719016e-06,-0.0020181634712411,2.550155450543804e-06,2,2,1,1,1
836,29,13:51:51,6,-0.003531786074672,242780.0,-0.0040363269424822,-0.0045408678102926,2.39945694398416e-06,-0.0050454086781029,7.988836492318453e-06,-0.0055499495459131,2.772984567581612e-06,-0.0060544904137235,1.1496331853098764e-05,-0.0065590312815337,4.4895940617988e-06,-0.003531786074672,6.35475630070786e-07,-0.0030272452068617,3.053089020628397e-06,-0.0025227043390515,3.2571014566719016e-06,-0.0020181634712411,2.550155450543804e-06,-0.0015136226034309,6.767402813740839e-07,2,2,1,1,1
837,29,13:51:54,6,-0.0045408678102926,63137.0,-0.0042885973763875,-0.0045408678102926,2.151869036164373e-06,-0.0050454086781029,7.988836492318453e-06,-0.0055499495459131,2.772984567581612e-06,-0.0060544904137235,1.1496331853098764e-05,-0.0065590312815337,4.4895940617988e-06,-0.0040363269424824,8.25293026065956e-08,-0.003531786074672,6.602344208527647e-07,-0.0030272452068617,3.053089020628397e-06,-0.0025227043390515,3.2571014566719016e-06,-0.0020181634712411,2.550155450543804e-06,2,2,1,1,0
838,29,13:51:57,6,-0.0045408678102926,284378.0,-0.0040363269424822,-0.0045408678102926,2.143616105903714e-06,-0.0050454086781029,8.005342352839773e-06,-0.0055499495459131,2.772984567581612e-06,-0.0060544904137235,1.1496331853098764e-05,-0.0065590312815337,4.4895940617988e-06,-0.003531786074672,7.427637234593603e-08,-0.0030272452068617,3.053089020628397e-06,-0.0025227043390515,3.248848526411242e-06,-0.0020181634712411,2.599673032107761e-06,-0.0015136226034309,6.767402813740839e-07,2,2,1,1,0
839,29,13:52:00,6,-0.0045408678102926,201260.0,-0.0040363269424822,-0.0045408678102926,1.4421170337476514e-06,-0.0050454086781029,8.005342352839773e-06,-0.0055499495459131,2.863766800448867e-06,-0.0060544904137235,1.160361994648734e-05,-0.0065590312815337,4.4895940617988e-06,-0.003531786074672,4.786699551182544e-07,-0.0030272452068617,3.053089020628397e-06,-0.0025227043390515,3.248848526411242e-06,-0.0020181634712411,2.599673032107761e-06,-0.0015136226034309,6.767402813740839e-07,2,1,1,1,0
840,29,13:52:03,6,-0.0030272452068617,296124.0,-0.0037840565085773,-0.0040363269424824,7.592695839806795e-07,-0.0045408678102926,1.1037468930606095e-06,-0.0050454086781029,8.153895097531644e-06,-0.0055499495459131,2.863766800448867e-06,-0.0060544904137235,1.1611872876748e-05,-0.003531786074672,2.475879078197868e-08,-0.0030272452068617,2.937547996979164e-06,-0.0025227043390515,3.248848526411242e-06,-0.0020181634712411,2.599673032107761e-06,-0.0015136226034309,6.767402813740839e-07,1,1,1,0,0
841,29,13:52:06,6,-0.0040363269424824,148098.0,-0.003531786074672,-0.0040363269424824,5.859580485068287e-07,-0.0045408678102926,9.386882878474182e-07,-0.0050454086781029,8.153895097531644e-06,-0.0055499495459131,2.863766800448867e-06,-0.0060544904137235,1.1653137528051298e-05,-0.0030272452068617,2.863271624633228e-06,-0.0025227043390515,3.248848526411242e-06,-0.0020181634712411,2.599673032107761e-06,-0.0015136226034309,6.767402813740839e-07,-0.0010090817356205,7.534925327982178e-06,1,1,0,0,0
842,29,13:52:09,6,-0.003531786074672,258771.0,-0.0032795156407667,-0.003531786074672,1.8238975876057624e-06,-0.0040363269424824,6.024639090281479e-07,-0.0045408678102926,9.386882878474182e-07,-0.0050454086781029,8.153895097531644e-06,-0.0055499495459131,2.7812374978422715e-06,-0.0030272452068617,2.9540538575004826e-06,-0.0025227043390515,3.248848526411242e-06,-0.0020181634712411,2.599673032107761e-06,-0.0015136226034309,6.767402813740839e-07,-0.0010090817356205,7.534925327982178e-06,1,0,0,0,0
843,29,13:52:12,6,-0.003531786074672,37525.0,-0.0032795156407667,-0.003531786074672,1.7991387968237838e-06,-0.0040363269424824,9.3258111945453e-07,-0.0045408678102926,1.054229311496652e-06,-0.0050454086781029,8.153895097531644e-06,-0.0055499495459131,2.7812374978422715e-06,-0.0030272452068617,2.9540538575004826e-06,-0.0025227043390515,2.654637547643754e-06,-0.0020181634712411,2.599673032107761e-06,-0.0015136226034309,6.767402813740839e-07,-0.0010090817356205,7.699983933195369e-06,1,0,0,0,0
844,29,13:52:15,6,-0.003531786074672,193550.0,-0.0032795156407667,-0.003531786074672,1.4937803771793805e-06,-0.0040363269424824,9.243281891938706e-07,-0.0045408678102926,1.1367586141032477e-06,-0.0050454086781029,8.153895097531644e-06,-0.0055499495459131,2.9462961030554625e-06,-0.0030272452068617,2.9623067877611423e-06,-0.0025227043390515,2.654637547643754e-06,-0.0020181634712411,2.599673032107761e-06,-0.0015136226034309,6.767402813740839e-07,-0.0010090817356205,7.699983933195369e-06,0,0,0,0,0
845,29,13:52:18,6,-0.0040363269424824,703171.0,-0.003531786074672,-0.0040363269424824,9.408340497151896e-07,-0.0045408678102926,2.044580942775799e-06,-0.0050454086781029,8.566541610564622e-06,-0.0055499495459131,2.979307824098101e-06,-0.0060544904137235,1.160361994648734e-05,-0.0030272452068617,3.069594881149716e-06,-0.0025227043390515,2.7701785712929875e-06,-0.0020181634712411,2.599673032107761e-06,-0.0015136226034309,6.767402813740839e-07,-0.0010090817356205,7.699983933195369e-06,1,0,0,0,0
846,29,13:52:21,6,-0.003531786074672,106668.0,-0.0032795156407667,-0.003531786074672,3.218642801657228e-07,-0.0040363269424824,9.573399102365088e-07,-0.0045408678102926,2.061086803297118e-06,-0.0050454086781029,8.550035750043303e-06,-0.0055499495459131,2.9875607543587605e-06,-0.0030272452068617,3.1851359047989503e-06,-0.0025227043390515,2.794937362074966e-06,-0.0020181634712411,3.424966058173717e-06,-0.0015136226034309,6.767402813740839e-07,-0.0010090817356205,7.699983933195369e-06,0,0,0,0,0
847,29,13:52:24,6,-0.0040363269424824,108620.0,-0.003531786074672,-0.0040363269424824,1.089386794407062e-06,-0.0045408678102926,2.4572274558087773e-06,-0.0050454086781029,8.550035750043303e-06,-0.0055499495459131,2.9875607543587605e-06,-0.0060544904137235,1.1686149249093935e-05,-0.0030272452068617,3.2511593468842266e-06,-0.0025227043390515,2.794937362074966e-06,-0.0020181634712411,3.424966058173717e-06,-0.0015136226034309,6.767402813740839e-07,-0.0010090817356205,7.699983933195369e-06,1,1,0,1,0
848,29,13:52:27,6,-0.003531786074672,201503.0,-0.0032795156407667,-0.003531786074672,1.6505860521319117e-08,-0.0040363269424824,1.0811338641464022e-06,-0.0045408678102926,2.4572274558087773e-06,-0.0050454086781029,8.550035750043303e-06,-0.0055499495459131,2.9875607543587605e-06,-0.0030272452068617,2.681707158898717e-06,-0.0025227043390515,2.794937362074966e-06,-0.0020181634712411,3.424966058173717e-06,-0.0015136226034309,6.767402813740839e-07,-0.0010090817356205,7.699983933195369e-06,0,0,0,0,0
849,29,13:52:30,6,-0.0040363269424824,177745.0,-0.0037840565085773,-0.0040363269424824,9.73845770757828e-07,-0.0045408678102926,2.473733316330096e-06,-0.0050454086781029,8.550035750043303e-06,-0.0055499495459131,2.9875607543587605e-06,-0.0060544904137235,1.2156566273951533e-05,-0.003531786074672,1.7355912338167052e-05,-0.0030272452068617,2.797248182547951e-06,-0.0025227043390515,2.6793963384257325e-06,-0.0020181634712411,3.424966058173717e-06,-0.0015136226034309,6.767402813740839e-07,1,0,0,1,0
850,29,13:52:33,6,-0.0040363269424824,6040.0,-0.0037840565085773,-0.0040363269424824,9.568447344208692e-07,-0.0045408678102926,2.7790917359745e-06,-0.0050454086781029,8.550035750043303e-06,-0.0055499495459131,3.0040666148800795e-06,-0.0060544904137235,1.2156566273951533e-05,-0.003531786074672,1.8016146759019815e-05,-0.0030272452068617,2.8137540430692703e-06,-0.0025227043390515,2.6793963384257325e-06,-0.0020181634712411,3.424966058173717e-06,-0.0015136226034309,6.767402813740839e-07,0,0,0,1,0
851,29,13:52:36,6,-0.0040363269424824,120457.0,-0.0037840565085773,-0.0040363269424824,8.908212923355928e-07,-0.0045408678102926,2.7790917359745e-06,-0.0050454086781029,8.550035750043303e-06,-0.0055499495459131,3.045331266183377e-06,-0.0060544904137235,1.2239095576558126e-05,-0.003531786074672,1.7710788339375413e-05,-0.0030272452068617,2.8797774851545466e-06,-0.0025227043390515,2.6793963384257325e-06,-0.0020181634712411,3.424966058173717e-06,-0.0015136226034309,6.767402813740839e-07,0,0,0,1,0
852,29,13:52:39,6,-0.0040363269424824,225066.0,-0.0037840565085773,-0.0040363269424824,1.9757515044018985e-07,-0.0045408678102926,2.7790917359745e-06,-0.0050454086781029,8.550035750043303e-06,-0.0055499495459131,3.053584196444037e-06,-0.0060544904137235,1.2255601437079446e-05,-0.003531786074672,1.739717698947035e-05,-0.0030272452068617,2.871524554893887e-06,-0.0025227043390515,2.6793963384257325e-06,-0.0020181634712411,3.259907452960526e-06,-0.0015136226034309,6.767402813740839e-07,1,0,0,1,0
853,29,13:52:42,6,-0.0040363269424824,161916.0,-0.0037840565085773,-0.0040363269424824,5.727533600897735e-08,-0.0045408678102926,2.803850526756478e-06,-0.0050454086781029,8.550035750043303e-06,-0.0055499495459131,3.0948488477473345e-06,-0.0060544904137235,1.2296866088382744e-05,-0.003531786074672,1.7512718013119583e-05,-0.0030272452068617,2.599177856292121e-06,-0.0025227043390515,2.5308435937338605e-06,-0.0020181634712411,3.259907452960526e-06,-0.0015136226034309,6.767402813740839e-07,1,0,0,1,0
854,29,13:52:45,6,-0.0040363269424824,1066325.0,-0.0037840565085773,-0.0040363269424824,1.6505860521319117e-07,-0.0045408678102926,2.78734466623516e-06,-0.0050454086781029,8.550035750043303e-06,-0.0055499495459131,3.0948488477473345e-06,-0.0060544904137235,1.2379395390989338e-05,-0.003531786074672,1.3964453176851614e-05,-0.0030272452068617,2.706465949680696e-06,-0.0025227043390515,2.5308435937338605e-06,-0.0020181634712411,3.259907452960526e-06,-0.0015136226034309,6.767402813740839e-07,0,0,0,1,0
855,29,13:52:48,6,-0.0040363269424824,157930.0,-0.0042885973763875,-0.0045408678102926,2.861621038581096e-06,-0.0050454086781029,8.550035750043303e-06,-0.0055499495459131,3.0948488477473345e-06,-0.0060544904137235,1.2404154181771315e-05,-0.0065590312815337,4.588629224926715e-06,-0.0040363269424824,8.25293026065956e-08,-0.003531786074672,1.3898429734766336e-05,-0.0030272452068617,2.6239366470741e-06,-0.0025227043390515,2.5308435937338605e-06,-0.0020181634712411,3.259907452960526e-06,1,0,1,1,0
856,29,13:52:51,6,-0.0040363269424824,128278.0,-0.0042885973763875,-0.0045408678102926,1.8877752678232677e-06,-0.0050454086781029,8.550035750043303e-06,-0.0055499495459131,3.103101778007994e-06,-0.0060544904137235,1.2395901251510656e-05,-0.0065590312815337,4.588629224926715e-06,-0.0040363269424824,2.393349775591272e-07,-0.003531786074672,1.3766382850595785e-05,-0.0030272452068617,2.6899600891593765e-06,-0.0025227043390515,2.5308435937338605e-06,-0.0020181634712411,3.259907452960526e-06,0,0,1,1,0
857,29,13:52:54,6,-0.0040363269424824,179640.0,-0.0037840565085773,-0.0040363269424824,9.078223286725516e-08,-0.0045408678102926,1.8465106165199696e-06,-0.0050454086781029,8.550035750043303e-06,-0.0055499495459131,3.103101778007994e-06,-0.0060544904137235,1.1512837713620083e-05,-0.003531786074672,1.365909475720721e-05,-0.0030272452068617,2.607430786552781e-06,-0.0025227043390515,2.5308435937338605e-06,-0.0020181634712411,3.259907452960526e-06,-0.0015136226034309,6.767402813740839e-07,0,0,0,0,0
858,29,13:52:57,6,-0.0040363269424824,191418.0,-0.0037840565085773,-0.0040363269424824,9.90351631279147e-08,-0.0045408678102926,1.3100701495770984e-06,-0.0050454086781029,8.500518168479346e-06,-0.0055499495459131,3.103101778007994e-06,-0.0060544904137235,1.1100191200587108e-05,-0.003531786074672,1.3749876990074464e-05,-0.0030272452068617,2.491889762903547e-06,-0.0025227043390515,2.5308435937338605e-06,-0.0020181634712411,3.259907452960526e-06,-0.0015136226034309,6.767402813740839e-07,0,0,0,0,0
859,29,13:53:00,6,-0.0040363269424824,116459.0,-0.0042885973763875,-0.0045408678102926,1.409105312705013e-06,-0.0050454086781029,8.500518168479346e-06,-0.0055499495459131,3.18563108061459e-06,-0.0060544904137235,1.1025914828241171e-05,-0.0065590312815337,4.588629224926715e-06,-0.0040363269424824,8.252930260659559e-09,-0.003531786074672,1.3923188525548315e-05,-0.0030272452068617,2.491889762903547e-06,-0.0025227043390515,2.5308435937338605e-06,-0.0020181634712411,3.259907452960526e-06,0,0,1,1,0
860,29,13:53:03,6,-0.0045408678102926,25650.0,-0.0042885973763875,-0.0045408678102926,1.3760935916623749e-06,-0.0050454086781029,8.500518168479346e-06,-0.0055499495459131,3.18563108061459e-06,-0.0060544904137235,1.1025914828241171e-05,-0.0065590312815337,4.588629224926715e-06,-0.0040363269424824,6.602344208527648e-08,-0.003531786074672,1.3923188525548315e-05,-0.0030272452068617,2.4341192510789305e-06,-0.0025227043390515,2.5308435937338605e-06,-0.0020181634712411,3.259907452960526e-06,0,0,1,1,0
861,29,13:53:06,6,-0.0050454086781029,398027.0,-0.0047931382441976,-0.0050454086781029,8.442747656654728e-06,-0.0055499495459131,3.18563108061459e-06,-0.0060544904137235,1.123223808475766e-05,-0.0065590312815337,4.588629224926715e-06,-0.0070635721493441,7.353360862247667e-06,-0.0045408678102926,2.4945307005869582e-06,-0.0040363269424824,1.815644657345103e-07,-0.003531786074672,1.3914935595287656e-05,-0.0030272452068617,2.368095808993654e-06,-0.0025227043390515,2.5308435937338605e-06,0,1,1,1,0
862,29,13:53:09,6,-0.0050454086781029,1954273.0,-0.0047931382441976,-0.0050454086781029,4.86922885378914e-07,-0.0055499495459131,3.18563108061459e-06,-0.0060544904137235,1.1463320132056128e-05,-0.0065590312815337,4.588629224926715e-06,-0.0070635721493441,7.353360862247667e-06,-0.0045408678102926,2.46151897954432e-06,-0.0040363269424824,8.087871655446368e-07,-0.003531786074672,1.418728229388942e-05,-0.0030272452068617,2.368095808993654e-06,-0.0025227043390515,2.5308435937338605e-06,0,1,1,1,0
863,29,13:53:12,6,-0.0050454086781029,187396.0,-0.0047931382441976,-0.0050454086781029,4.704170248575949e-07,-0.0055499495459131,3.18563108061459e-06,-0.0060544904137235,2.385096845330613e-05,-0.0065590312815337,4.588629224926715e-06,-0.0070635721493441,7.353360862247667e-06,-0.0045408678102926,2.8824184228379577e-06,-0.0040363269424824,1.015110422061126e-06,-0.003531786074672,1.418728229388942e-05,-0.0030272452068617,2.450625111600249e-06,-0.0025227043390515,2.5308435937338605e-06,0,1,1,1,0
864,29,13:53:15,6,-0.0050454086781029,167650.0,-0.0047931382441976,-0.0050454086781029,2.475879078197868e-08,-0.0055499495459131,3.18563108061459e-06,-0.0060544904137235,2.3999521197998e-05,-0.0065590312815337,4.588629224926715e-06,-0.0070635721493441,7.353360862247667e-06,-0.0045408678102926,3.4023530292595097e-06,-0.0040363269424824,1.048122143103764e-06,-0.003531786074672,1.418728229388942e-05,-0.0030272452068617,2.450625111600249e-06,-0.0025227043390515,2.5308435937338605e-06,0,1,1,0,0
865,29,13:53:18,6,-0.0055499495459131,29572.0,-0.005297679112008,-0.0055499495459131,3.2103898713965685e-06,-0.0060544904137235,2.3999521197998e-05,-0.0065590312815337,4.588629224926715e-06,-0.0070635721493441,7.353360862247667e-06,-0.0075681130171543,1.832150517866422e-06,-0.0050454086781029,4.844470063007162e-08,-0.0045408678102926,3.7077114489039134e-06,-0.0040363269424824,1.048122143103764e-06,-0.003531786074672,1.418728229388942e-05,-0.0030272452068617,2.450625111600249e-06,1,2,1,0,0
866,29,13:53:21,6,-0.0055499495459131,100525.0,-0.005297679112008,-0.0055499495459131,2.896778521491505e-06,-0.0060544904137235,2.3999521197998e-05,-0.0065590312815337,4.588629224926715e-06,-0.0070635721493441,7.394625513550964e-06,-0.0075681130171543,1.832150517866422e-06,-0.0050454086781029,6.426556793975598e-07,-0.0045408678102926,3.980058147505679e-06,-0.0040363269424824,1.048122143103764e-06,-0.003531786074672,1.418728229388942e-05,-0.0030272452068617,2.3685909848092934e-06,1,2,1,0,0
867,29,13:53:24,6,-0.0055499495459131,104474.0,-0.005297679112008,-0.0055499495459131,2.772984567581612e-06,-0.0060544904137235,2.3809703802002827e-05,-0.0065590312815337,4.588629224926715e-06,-0.0070635721493441,7.394625513550964e-06,-0.0075681130171543,1.832150517866422e-06,-0.0050454086781029,1.76505419484726e-06,-0.0045408678102926,3.938793496202381e-06,-0.0040363269424824,1.1554102364923382e-06,-0.003531786074672,1.418728229388942e-05,-0.0030272452068617,2.3685909848092934e-06,2,2,2,0,0
868,29,13:53:27,6,-0.0050454086781029,414112.0,-0.005297679112008,-0.0055499495459131,2.7069611254963355e-06,-0.0060544904137235,2.3826209662524147e-05,-0.0065590312815337,4.588629224926715e-06,-0.0070635721493441,7.394625513550964e-06,-0.0075681130171543,1.832150517866422e-06,-0.0050454086781029,7.91208424089432e-07,-0.0045408678102926,3.171270981961042e-06,-0.0040363269424824,1.196674887795636e-06,-0.003531786074672,1.418728229388942e-05,-0.0030272452068617,2.3685909848092934e-06,2,2,2,0,0
869,29,13:53:30,6,-0.0055499495459131,15772.0,-0.005297679112008,-0.0055499495459131,1.402172851286059e-05,-0.0060544904137235,2.264604063524983e-05,-0.0065590312815337,4.49784699205946e-06,-0.0070635721493441,7.394625513550964e-06,-0.0075681130171543,1.832150517866422e-06,-0.0050454086781029,8.407260056533893e-07,-0.0045408678102926,2.577060003193554e-06,-0.0040363269424824,1.196674887795636e-06,-0.003531786074672,1.418728229388942e-05,-0.0030272452068617,2.3685909848092934e-06,2,2,2,1,0
870,29,13:53:33,6,-0.0055499495459131,224542.0,-0.005297679112008,-0.0055499495459131,1.3989789672751838e-05,-0.0060544904137235,2.2720317007595764e-05,-0.0065590312815337,4.49784699205946e-06,-0.0070635721493441,7.394625513550964e-06,-0.0075681130171543,1.832150517866422e-06,-0.0050454086781029,4.951758156395735e-08,-0.0045408678102926,2.577060003193554e-06,-0.0040363269424824,1.2792041904022315e-06,-0.003531786074672,1.418728229388942e-05,-0.0030272452068617,2.3685909848092934e-06,2,2,2,1,0
871,29,13:53:36,6,-0.0055499495459131,674132.0,-0.0050454086781029,-0.0055499495459131,1.7654090708484683e-05,-0.0060544904137235,2.2720317007595764e-05,-0.0065590312815337,4.49784699205946e-06,-0.0070635721493441,2.3900486034870084e-05,-0.0075681130171543,1.832150517866422e-06,-0.0045408678102926,2.5853129334542136e-06,-0.0040363269424824,1.2792041904022315e-06,-0.003531786074672,1.418728229388942e-05,-0.0030272452068617,2.3685909848092934e-06,-0.0025227043390515,2.5308435937338605e-06,1,1,1,1,0
872,29,13:53:39,6,-0.0050454086781029,443587.0,-0.0047931382441976,-0.0050454086781029,8.995693984118919e-07,-0.0055499495459131,1.6870062333722025e-05,-0.0060544904137235,2.281109924046302e-05,-0.0065590312815337,4.49784699205946e-06,-0.0070635721493441,2.392524482565206e-05,-0.0045408678102926,2.5357953518902563e-06,-0.0040363269424824,1.2792041904022315e-06,-0.003531786074672,1.418728229388942e-05,-0.0030272452068617,2.3685909848092934e-06,-0.0025227043390515,2.5308435937338605e-06,1,1,1,0,0
873,29,13:53:42,6,-0.0050454086781029,260304.0,-0.0047931382441976,-0.0050454086781029,7.427637234593603e-08,-0.0055499495459131,1.6804038891636748e-05,-0.0060544904137235,2.27945933799417e-05,-0.0065590312815337,4.49784699205946e-06,-0.0070635721493441,2.392524482565206e-05,-0.0045408678102926,2.577060003193554e-06,-0.0040363269424824,1.2874571206628912e-06,-0.003531786074672,1.4079994200500848e-05,-0.0030272452068617,2.3685909848092934e-06,-0.0025227043390515,2.4895789424305624e-06,1,1,1,0,0
874,29,13:53:45,6,-0.0050454086781029,98574.0,-0.0047931382441976,-0.0050454086781029,6.321744579665222e-06,-0.0055499495459131,1.0606088265881418e-05,-0.0060544904137235,2.27945933799417e-05,-0.0065590312815337,4.49784699205946e-06,-0.0070635721493441,2.392524482565206e-05,-0.0045408678102926,2.634830515018171e-06,-0.0040363269424824,1.2874571206628912e-06,-0.003531786074672,1.400571782815491e-05,-0.0030272452068617,2.3685909848092934e-06,-0.0025227043390515,2.4895789424305624e-06,1,1,1,0,0
875,29,13:53:48,6,-0.0050454086781029,209032.0,-0.0047931382441976,-0.0050454086781029,5.645004298291138e-06,-0.0055499495459131,1.2149386224624756e-05,-0.0060544904137235,2.3066940078543468e-05,-0.0065590312815337,4.49784699205946e-06,-0.0070635721493441,2.392524482565206e-05,-0.0045408678102926,2.7586244689280643e-06,-0.0040363269424824,1.2874571206628912e-06,-0.003531786074672,1.400571782815491e-05,-0.0030272452068617,2.3685909848092934e-06,-0.0025227043390515,2.4895789424305624e-06,1,1,1,0,2
876,29,13:53:51,6,-0.0050454086781029,226791.0,-0.0047931382441976,-0.0050454086781029,6.082409602106095e-06,-0.0055499495459131,1.2149386224624756e-05,-0.0060544904137235,2.3116457660107423e-05,-0.0065590312815337,4.49784699205946e-06,-0.0070635721493441,2.392524482565206e-05,-0.0045408678102926,2.667842236060809e-06,-0.0040363269424824,1.3617334930088272e-06,-0.003531786074672,1.400571782815491e-05,-0.0030272452068617,2.3685909848092934e-06,-0.0025227043390515,2.4895789424305624e-06,1,1,1,0,0
877,29,13:53:54,6,-0.0050454086781029,55230.0,-0.0047931382441976,-0.0050454086781029,6.065903741584776e-06,-0.0055499495459131,1.2149386224624756e-05,-0.0060544904137235,2.4065544640083275e-05,-0.0065590312815337,4.49784699205946e-06,-0.0070635721493441,2.39582565466947e-05,-0.0045408678102926,2.890671353098617e-06,-0.0040363269424824,2.25304996116006e-06,-0.003531786074672,1.400571782815491e-05,-0.0030272452068617,2.3685909848092934e-06,-0.0025227043390515,2.4895789424305624e-06,1,2,1,1,0
878,29,13:53:57,6,-0.0050454086781029,222907.0,-0.0047931382441976,-0.0050454086781029,5.925603927153564e-06,-0.0055499495459131,1.2174145015406735e-05,-0.0060544904137235,2.4106809291386573e-05,-0.0065590312815337,4.49784699205946e-06,-0.0070635721493441,2.39582565466947e-05,-0.0045408678102926,2.304713304591789e-06,-0.0040363269424824,2.25304996116006e-06,-0.003531786074672,1.400571782815491e-05,-0.0030272452068617,2.3685909848092934e-06,-0.0025227043390515,2.4895789424305624e-06,1,2,1,0,0
879,29,13:54:00,6,-0.0050454086781029,96628.0,-0.0047931382441976,-0.0050454086781029,9.829239940445535e-06,-0.0055499495459131,1.2174145015406735e-05,-0.0060544904137235,1.1809943203003827e-05,-0.0065590312815337,4.49784699205946e-06,-0.0070635721493441,2.39582565466947e-05,-0.0045408678102926,2.321219165113108e-06,-0.0040363269424824,2.25304996116006e-06,-0.003531786074672,1.4063488339979529e-05,-0.0030272452068617,2.3685909848092934e-06,-0.0025227043390515,2.4895789424305624e-06,1,2,1,0,1
880,29,13:54:03,6,-0.0050454086781029,67048.0,-0.0047931382441976,-0.0050454086781029,1.0043816127222684e-05,-0.0055499495459131,1.2124627433842776e-05,-0.0060544904137235,1.1818196133264489e-05,-0.0065590312815337,4.49784699205946e-06,-0.0070635721493441,2.39582565466947e-05,-0.0045408678102926,2.3377250256344265e-06,-0.0040363269424824,2.25304996116006e-06,-0.003531786074672,1.403047661893689e-05,-0.0030272452068617,2.3685909848092934e-06,-0.0025227043390515,2.4895789424305624e-06,1,2,1,0,1
881,29,13:54:06,6,-0.0045408678102926,802876.0,-0.0047931382441976,-0.0050454086781029,1.0786579850682043e-05,-0.0055499495459131,1.2124627433842776e-05,-0.0060544904137235,1.1900725435871084e-05,-0.0065590312815337,4.49784699205946e-06,-0.0070635721493441,2.3974762407216015e-05,-0.0045408678102926,9.292799473502665e-08,-0.0040363269424824,2.4181085663732507e-06,-0.003531786074672,1.403047661893689e-05,-0.0030272452068617,2.3685909848092934e-06,-0.0025227043390515,2.4895789424305624e-06,1,2,1,0,0
882,29,13:54:09,6,-0.0040363269424824,225403.0,-0.0045408678102928,-0.0050454086781029,1.0214981900828765e-05,-0.0055499495459131,2.104497216468188e-06,-0.0060544904137235,1.1900725435871084e-05,-0.0065590312815337,4.49784699205946e-06,-0.0070635721493441,2.3974762407216015e-05,-0.0040363269424824,2.261302891420719e-06,-0.003531786074672,1.403047661893689e-05,-0.0030272452068617,2.3685909848092934e-06,-0.0025227043390515,2.4895789424305624e-06,-0.0020181634712411,4.67941145779397e-06,1,1,1,0,0
883,29,13:54:12,6,-0.0050454086781029,106499.0,-0.0045408678102928,-0.0050454086781029,9.950888132487656e-06,-0.0055499495459131,2.1210030769895067e-06,-0.0060544904137235,1.1999760598999e-05,-0.0065590312815337,4.49784699205946e-06,-0.0070635721493441,2.3974762407216015e-05,-0.0040363269424824,2.4263614966339104e-06,-0.003531786074672,1.387367094398436e-05,-0.0030272452068617,2.2200382401174214e-06,-0.0025227043390515,2.4895789424305624e-06,-0.0020181634712411,4.67941145779397e-06,1,1,1,0,0
884,29,13:54:15,6,-0.0050454086781029,110457.0,-0.0045408678102928,-0.0050454086781029,9.736311945710507e-06,-0.0055499495459131,2.1210030769895067e-06,-0.0060544904137235,1.2082289901605594e-05,-0.0065590312815337,4.49784699205946e-06,-0.0070635721493441,2.4098556361125917e-05,-0.0040363269424824,2.5914201018471014e-06,-0.003531786074672,1.387367094398436e-05,-0.0030272452068617,2.2200382401174214e-06,-0.0025227043390515,2.4895789424305624e-06,-0.0020181634712411,4.67941145779397e-06,1,1,0,0,0
885,29,13:54:18,6,-0.0050454086781029,47328.0,-0.0047931382441976,-0.0050454086781029,9.69504729440721e-06,-0.0055499495459131,4.621640945969353e-07,-0.0060544904137235,1.2189577994994168e-05,-0.0065590312815337,4.49784699205946e-06,-0.0070635721493441,2.4098556361125917e-05,-0.0045408678102926,3.3011721042638234e-08,-0.0040363269424824,2.7977433583635904e-06,-0.003531786074672,1.387367094398436e-05,-0.0030272452068617,2.2200382401174214e-06,-0.0025227043390515,2.4895789424305624e-06,2,2,0,0,0
886,29,13:54:21,6,-0.0050454086781029,33542.0,-0.0047931382441976,-0.0050454086781029,9.71980608518919e-06,-0.0055499495459131,4.621640945969353e-07,-0.0060544904137235,1.2230842646297468e-05,-0.0065590312815337,4.580376294666055e-06,-0.0070635721493441,2.4115062221647236e-05,-0.0045408678102926,6.519814905921052e-07,-0.0040363269424824,2.7234669860176544e-06,-0.003531786074672,1.3881923874245015e-05,-0.0030272452068617,2.2200382401174214e-06,-0.0025227043390515,2.4895789424305624e-06,2,2,0,0,0
887,29,13:54:24,6,-0.0045408678102926,270251.0,-0.0042885973763875,-0.0045408678102926,3.54876001208361e-06,-0.0050454086781029,1.027275241265338e-05,-0.0055499495459131,5.446933972035309e-07,-0.0060544904137235,1.2230842646297468e-05,-0.0065590312815337,4.580376294666055e-06,-0.0040363269424824,2.9462961030554625e-06,-0.003531786074672,1.3881923874245015e-05,-0.0030272452068617,2.2200382401174214e-06,-0.0025227043390515,2.4895789424305624e-06,-0.0020181634712411,4.629893876230012e-06,1,0,0,0,0
888,29,13:54:27,6,-0.0045408678102926,232824.0,-0.0042885973763875,-0.0045408678102926,3.5652658726049296e-06,-0.0050454086781029,1.0800939949335591e-05,-0.0055499495459131,5.446933972035309e-07,-0.0060544904137235,1.2148313343690871e-05,-0.0065590312815337,4.580376294666055e-06,-0.0040363269424824,2.896778521491505e-06,-0.003531786074672,1.3881923874245015e-05,-0.0030272452068617,2.2200382401174214e-06,-0.0025227043390515,2.4895789424305624e-06,-0.0020181634712411,4.629893876230012e-06,1,0,0,0,0
889,29,13:54:30,6,-0.0045408678102926,207238.0,-0.0042885973763875,-0.0045408678102926,3.292919174003164e-06,-0.0050454086781029,1.0875216321681529e-05,-0.0055499495459131,9.573399102365088e-07,-0.0060544904137235,1.2189577994994168e-05,-0.0065590312815337,4.580376294666055e-06,-0.0040363269424824,2.2943146124633574e-06,-0.003531786074672,1.3881923874245015e-05,-0.0030272452068617,2.2200382401174214e-06,-0.0025227043390515,2.4895789424305624e-06,-0.0020181634712411,4.7124231788366085e-06,1,0,1,0,0
890,29,13:54:33,6,-0.0040363269424824,165743.0,-0.0042885973763875,-0.0045408678102926,3.0618371267046965e-06,-0.0050454086781029,1.0916480972984824e-05,-0.0055499495459131,1.147157306231679e-06,-0.0060544904137235,1.2057531110823616e-05,-0.0065590312815337,4.580376294666055e-06,-0.0040363269424824,2.302567542724017e-06,-0.003531786074672,1.384891215320238e-05,-0.0030272452068617,2.2200382401174214e-06,-0.0025227043390515,2.4895789424305624e-06,-0.0020181634712411,4.7124231788366085e-06,1,0,0,0,0
891,29,13:54:36,6,-0.0045408678102926,41439.0,-0.0042885973763875,-0.0045408678102926,3.391954337131079e-06,-0.0050454086781029,9.069970356464857e-06,-0.0055499495459131,1.147157306231679e-06,-0.0060544904137235,1.2123554552908892e-05,-0.0065590312815337,4.580376294666055e-06,-0.0040363269424824,2.302567542724017e-06,-0.003531786074672,1.384891215320238e-05,-0.0030272452068617,2.2200382401174214e-06,-0.0025227043390515,2.4895789424305624e-06,-0.0020181634712411,4.7124231788366085e-06,1,0,0,0,0
892,29,13:54:39,6,-0.0045408678102926,136184.0,-0.0042885973763875,-0.0045408678102926,5.80180997324367e-06,-0.0050454086781029,9.119487938028812e-06,-0.0055499495459131,1.147157306231679e-06,-0.0060544904137235,1.2123554552908892e-05,-0.0065590312815337,4.580376294666055e-06,-0.0040363269424824,2.170520658553464e-06,-0.003531786074672,1.384891215320238e-05,-0.0030272452068617,2.2200382401174214e-06,-0.0025227043390515,2.4895789424305624e-06,-0.0020181634712411,4.7124231788366085e-06,0,0,0,0,0
893,29,13:54:42,6,-0.0045408678102926,307803.0,-0.0042885973763875,-0.0045408678102926,4.844470063007161e-06,-0.0050454086781029,9.111235007768154e-06,-0.0055499495459131,1.1884219575349763e-06,-0.0060544904137235,1.2808547764543635e-05,-0.0065590312815337,4.580376294666055e-06,-0.0040363269424824,2.096244286207528e-06,-0.003531786074672,1.384891215320238e-05,-0.0030272452068617,1.3204688417055294e-06,-0.0025227043390515,2.4895789424305624e-06,-0.0020181634712411,4.7124231788366085e-06,0,0,0,0,0
894,29,13:54:45,6,-0.0045408678102926,98650.0,-0.0042885973763875,-0.0045408678102926,4.7124231788366085e-06,-0.0050454086781029,9.127740868289471e-06,-0.0055499495459131,1.1884219575349763e-06,-0.0060544904137235,1.3716370093216189e-05,-0.0065590312815337,4.67941145779397e-06,-0.0040363269424824,2.2035323795961024e-06,-0.003531786074672,1.384891215320238e-05,-0.0030272452068617,1.3204688417055294e-06,-0.0025227043390515,2.4895789424305624e-06,-0.0020181634712411,4.7124231788366085e-06,0,0,0,0,0
895,29,13:54:48,6,-0.0045408678102926,220976.0,-0.0042885973763875,-0.0045408678102926,4.720676109097267e-06,-0.0050454086781029,9.127740868289471e-06,-0.0055499495459131,1.2957100509235507e-06,-0.0060544904137235,1.3782393535301464e-05,-0.0065590312815337,4.67941145779397e-06,-0.0040363269424824,3.722071547557461e-06,-0.003531786074672,1.384891215320238e-05,-0.0030272452068617,1.3204688417055294e-06,-0.0025227043390515,2.4895789424305624e-06,-0.0020181634712411,4.7124231788366085e-06,0,0,0,1,0
896,29,13:54:51,6,-0.0040363269424824,118411.0,-0.0042885973763875,-0.0045408678102926,4.547364573623417e-06,-0.0050454086781029,9.193764310374747e-06,-0.0055499495459131,1.2957100509235507e-06,-0.0060544904137235,1.4120763675988504e-05,-0.0065590312815337,4.67941145779397e-06,-0.0040363269424824,3.5982775936475675e-06,-0.003531786074672,1.4748481551614272e-05,-0.0030272452068617,1.3204688417055294e-06,-0.0025227043390515,2.4895789424305624e-06,-0.0020181634712411,4.7124231788366085e-06,0,0,0,0,0
897,29,13:54:54,6,-0.0050454086781029,3502982.0,-0.005297679112008,-0.0055499495459131,1.2874571206628912e-06,-0.0060544904137235,1.4120763675988504e-05,-0.0065590312815337,4.67941145779397e-06,-0.0070635721493441,2.4535961664940867e-05,-0.0075681130171543,1.848656378387741e-06,-0.0050454086781029,2.640937683411059e-07,-0.0045408678102926,1.6505860521319117e-07,-0.0040363269424824,3.474483639737674e-06,-0.003531786074672,1.4748481551614272e-05,-0.0030272452068617,2.228291170378081e-06,2,0,1,0,1
898,29,13:54:57,6,-0.0050454086781029,161821.0,-0.005297679112008,-0.0055499495459131,1.2952148751079111e-06,-0.0060544904137235,1.4714974654755992e-05,-0.0065590312815337,4.67941145779397e-06,-0.0070635721493441,2.4535961664940867e-05,-0.0075681130171543,1.848656378387741e-06,-0.0050454086781029,2.7234669860176546e-07,-0.0045408678102926,3.466230709477015e-07,-0.0040363269424824,3.391954337131079e-06,-0.003531786074672,1.4748481551614272e-05,-0.0030272452068617,2.228291170378081e-06,1,0,1,0,1
899,29,13:55:00,6,-0.0045408678102926,838769.0,-0.0050454086781029,-0.0055499495459131,1.4025029684964857e-06,-0.0060544904137235,1.4714974654755992e-05,-0.0065590312815337,4.67941145779397e-06,-0.0070635721493441,2.4535961664940867e-05,-0.0075681130171543,1.848656378387741e-06,-0.0045408678102926,2.475879078197868e-07,-0.0040363269424824,9.078223286725516e-07,-0.003531786074672,1.4748481551614272e-05,-0.0030272452068617,2.228291170378081e-06,-0.0025227043390515,2.4895789424305624e-06,0,1,1,1,1
900,29,13:55:03,6,-0.0040363269424824,161822.0,-0.0047931382441976,-0.0055499495459131,1.394250038235826e-06,-0.0060544904137235,1.4714974654755992e-05,-0.0065590312815337,4.67941145779397e-06,-0.0070635721493441,2.4535961664940867e-05,-0.0075681130171543,1.848656378387741e-06,-0.0040363269424824,5.446933972035309e-07,-0.003531786074672,1.4748481551614272e-05,-0.0030272452068617,2.228291170378081e-06,-0.0025227043390515,2.4895789424305624e-06,-0.0020181634712411,4.7124231788366085e-06,0,0,0,1,0
901,29,13:55:06,6,-0.0050454086781029,55190.0,-0.0047931382441976,-0.0050454086781029,4.126465130329779e-08,-0.0055499495459131,1.6335850157949532e-06,-0.0060544904137235,1.4880033259969186e-05,-0.0065590312815337,4.67941145779397e-06,-0.0070635721493441,2.4618490967547464e-05,-0.0045408678102926,2.8885255912308454e-07,-0.0040363269424824,5.6119925772485e-07,-0.003531786074672,1.4748481551614272e-05,-0.0030272452068617,2.228291170378081e-06,-0.0025227043390515,2.4895789424305624e-06,0,0,0,0,0
902,29,13:55:09,6,-0.0050454086781029,98598.0,-0.0047931382441976,-0.0050454086781029,3.3011721042638234e-08,-0.0055499495459131,3.308929858708844e-06,-0.0060544904137235,1.4880033259969186e-05,-0.0065590312815337,4.67941145779397e-06,-0.0070635721493441,2.4618490967547464e-05,-0.0045408678102926,6.932461418954029e-07,-0.0040363269424824,5.446933972035309e-07,-0.003531786074672,1.4674205179268336e-05,-0.0030272452068617,2.228291170378081e-06,-0.0025227043390515,2.4895789424305624e-06,0,0,0,0,0
903,29,13:55:12,6,-0.0055499495459131,2716258.0,-0.005297679112008,-0.0055499495459131,4.126465130329779e-08,-0.0060544904137235,7.4142674875713345e-06,-0.0065590312815337,4.67941145779397e-06,-0.0070635721493441,2.4618490967547464e-05,-0.0075681130171543,1.848656378387741e-06,-0.0050454086781029,8.252930260659559e-09,-0.0045408678102926,7.757754445019985e-07,-0.0040363269424824,6.272226998101265e-07,-0.003531786074672,1.4418364341187887e-05,-0.0030272452068617,2.228291170378081e-06,0,0,0,0,1
904,29,13:55:15,6,-0.0065590312815337,1840748.0,-0.0063067608476287,-0.0065590312815337,4.613388015708694e-06,-0.0070635721493441,2.4618490967547464e-05,-0.0075681130171543,1.848656378387741e-06,-0.0080726538849646,7.69173100293471e-06,-0.008577194752775,2.864592093474933e-05,-0.0060544904137235,4.940369112636025e-06,-0.0050454086781029,4.951758156395735e-08,-0.0045408678102926,1.2296866088382744e-06,-0.0040363269424824,6.272226998101265e-07,-0.003531786074672,1.4418364341187887e-05,2,2,0,1,1
905,29,13:55:18,6,-0.0060544904137235,61058.0,-0.0063067608476287,-0.0065590312815337,4.605135085448034e-06,-0.0070635721493441,2.470102027015406e-05,-0.0075681130171543,1.848656378387741e-06,-0.0080726538849646,7.69173100293471e-06,-0.008577194752775,2.8678932655791968e-05,-0.0060544904137235,4.816575158726132e-06,-0.0050454086781029,4.126465130329779e-08,-0.0045408678102926,7.922813050233176e-07,-0.0040363269424824,6.272226998101265e-07,-0.003531786074672,1.4418364341187887e-05,2,2,0,1,1
906,29,13:55:21,6,-0.0065590312815337,429403.0,-0.0063067608476287,-0.0065590312815337,4.275017875021651e-06,-0.0070635721493441,2.472577906093604e-05,-0.0075681130171543,1.848656378387741e-06,-0.0080726538849646,7.69173100293471e-06,-0.008577194752775,2.884399126100516e-05,-0.0060544904137235,3.91700576031424e-06,-0.0050454086781029,4.126465130329779e-08,-0.0045408678102926,7.922813050233176e-07,-0.0040363269424824,6.272226998101265e-07,-0.003531786074672,1.4418364341187887e-05,2,2,0,1,1
907,29,13:55:24,6,-0.0060544904137235,212760.0,-0.0063067608476287,-0.0065590312815337,4.324535456585609e-06,-0.0070635721493441,2.478354957276065e-05,-0.0075681130171543,1.848656378387741e-06,-0.0080726538849646,7.69173100293471e-06,-0.008577194752775,2.884399126100516e-05,-0.0060544904137235,3.3062889210254325e-06,-0.0050454086781029,4.126465130329779e-08,-0.0045408678102926,6.437285603314456e-07,-0.0040363269424824,6.272226998101265e-07,-0.003531786074672,1.4418364341187887e-05,2,2,0,1,1
908,29,13:55:27,6,-0.0060544904137235,1048040.0,-0.0063067608476287,-0.0065590312815337,4.530858713102098e-06,-0.0070635721493441,2.478354957276065e-05,-0.0075681130171543,1.848656378387741e-06,-0.0080726538849646,7.609201700328113e-06,-0.008577194752775,2.884399126100516e-05,-0.0060544904137235,3.434869574486509e-07,-0.0050454086781029,2.475879078197868e-08,-0.0045408678102926,6.437285603314456e-07,-0.0040363269424824,1.7331153547385077e-06,-0.003531786074672,1.4418364341187887e-05,2,1,0,1,1
909,29,13:55:30,6,-0.0050454086781029,261285.0,-0.0047931382441976,-0.0050454086781029,4.126465130329779e-08,-0.0060544904137235,1.117281698688091e-06,-0.0065590312815337,4.5638704341447365e-06,-0.0070635721493441,2.6425882694631908e-05,-0.0075681130171543,1.848656378387741e-06,-0.0045408678102926,6.849932116347434e-07,-0.0040363269424824,1.7331153547385077e-06,-0.003531786074672,1.4418364341187887e-05,-0.0030272452068617,2.228291170378081e-06,-0.0025227043390515,2.4895789424305624e-06,0,0,0,0,0
910,29,13:55:33,6,-0.0065590312815337,344781.0,-0.0058022199798184,-0.0065590312815337,4.657788780511042e-06,-0.0070635721493441,2.6425882694631908e-05,-0.0075681130171543,1.9394386112549963e-06,-0.0080726538849646,7.609201700328113e-06,-0.008577194752775,2.857164456240339e-05,-0.0050454086781029,7.427637234593603e-08,-0.0045408678102926,7.014990721560625e-07,-0.0040363269424824,1.7331153547385077e-06,-0.003531786074672,1.4418364341187887e-05,-0.0030272452068617,2.228291170378081e-06,1,0,0,1,1
911,29,13:55:36,6,-0.0060544904137235,61090.0,-0.0058022199798184,-0.0060544904137235,1.898173959951699e-07,-0.0065590312815337,6.828309439064506e-06,-0.0070635721493441,2.6434135624892567e-05,-0.0075681130171543,1.9394386112549963e-06,-0.0080726538849646,7.609201700328113e-06,-0.0055499495459131,1.072880933885743e-07,-0.0050454086781029,3.631289314690206e-07,-0.0045408678102926,7.014990721560625e-07,-0.0040363269424824,1.7331153547385077e-06,-0.003531786074672,1.4418364341187887e-05,1,0,1,1,1
912,29,13:55:39,6,-0.0060544904137235,47280.0,-0.0058022199798184,-0.0060544904137235,1.0811338641464022e-06,-0.0065590312815337,6.597227391766038e-06,-0.0070635721493441,2.638461804332861e-05,-0.0075681130171543,1.9394386112549963e-06,-0.0080726538849646,7.526672397721518e-06,-0.0055499495459131,1.1554102364923383e-07,-0.0050454086781029,1.2874571206628912e-06,-0.0045408678102926,7.014990721560625e-07,-0.0040363269424824,1.7496212152598264e-06,-0.003531786074672,1.4418364341187887e-05,2,0,0,1,1
913,29,13:55:42,6,-0.0060544904137235,19701.0,-0.0058022199798184,-0.0060544904137235,1.0646280036250832e-06,-0.0065590312815337,6.646744973329995e-06,-0.0070635721493441,2.6450641485413887e-05,-0.0075681130171543,1.9394386112549963e-06,-0.0080726538849646,7.526672397721518e-06,-0.0055499495459131,1.237939539098934e-07,-0.0050454086781029,1.6588389823925717e-06,-0.0045408678102926,7.014990721560625e-07,-0.0040363269424824,2.1210030769895067e-06,-0.003531786074672,1.4418364341187887e-05,1,0,0,1,1
914,29,13:55:45,6,-0.0060544904137235,102450.0,-0.0058022199798184,-0.0060544904137235,1.0811338641464022e-06,-0.0065590312815337,5.474828876316339e-06,-0.0070635721493441,2.6450641485413887e-05,-0.0075681130171543,1.9394386112549963e-06,-0.0080726538849646,7.526672397721518e-06,-0.0055499495459131,6.107168392888073e-07,-0.0050454086781029,1.7331153547385077e-06,-0.0045408678102926,7.427637234593603e-07,-0.0040363269424824,2.1210030769895067e-06,-0.003531786074672,1.4418364341187887e-05,1,0,0,1,1
915,29,13:55:48,6,-0.0060544904137235,27580.0,-0.0058022199798184,-0.0060544904137235,1.048122143103764e-06,-0.0065590312815337,5.474828876316339e-06,-0.0070635721493441,2.6508411997238505e-05,-0.0075681130171543,1.9394386112549963e-06,-0.0080726538849646,7.551431188503496e-06,-0.0055499495459131,6.107168392888073e-07,-0.0050454086781029,1.7331153547385077e-06,-0.0045408678102926,7.427637234593603e-07,-0.0040363269424824,2.1210030769895067e-06,-0.003531786074672,1.400571782815491e-05,0,0,2,1,1
916,29,13:55:51,6,-0.0060544904137235,59112.0,-0.0058022199798184,-0.0060544904137235,1.5267920982220184e-06,-0.0065590312815337,5.6316345512688695e-06,-0.0070635721493441,2.6508411997238505e-05,-0.0075681130171543,1.9394386112549963e-06,-0.0080726538849646,7.551431188503496e-06,-0.0055499495459131,5.199346064215523e-07,-0.0050454086781029,1.7331153547385077e-06,-0.0045408678102926,6.602344208527647e-07,-0.0040363269424824,2.1210030769895067e-06,-0.003531786074672,1.400571782815491e-05,0,0,0,1,1
917,29,13:55:54,6,-0.0055499495459131,342896.0,-0.005297679112008,-0.0055499495459131,2.550155450543804e-06,-0.0060544904137235,1.8816680994303797e-06,-0.0065590312815337,5.714163853875466e-06,-0.0070635721493441,2.661570009062708e-05,-0.0075681130171543,1.9394386112549963e-06,-0.0050454086781029,1.8569093086484008e-06,-0.0045408678102926,6.602344208527647e-07,-0.0040363269424824,2.1210030769895067e-06,-0.003531786074672,1.419553522415008e-05,-0.0030272452068617,2.228291170378081e-06,0,0,0,1,1
918,29,13:55:57,6,-0.0070635721493441,5654240.0,-0.0060544904137235,-0.0070635721493441,1.3463665368634792e-05,-0.0075681130171543,1.9394386112549963e-06,-0.0080726538849646,7.69173100293471e-06,-0.008577194752775,2.863766800448867e-05,-0.0090817356205852,2.17547241670986e-05,-0.0050454086781029,1.8569093086484008e-06,-0.0045408678102926,6.602344208527647e-07,-0.0040363269424824,2.1210030769895067e-06,-0.003531786074672,1.420378815441074e-05,-0.0030272452068617,2.2365441006387403e-06,0,0,1,1,1
919,29,13:56:00,6,-0.0065590312815337,135923.0,-0.0058022199798184,-0.0060544904137235,8.252930260659559e-09,-0.0065590312815337,4.374053038149566e-07,-0.0070635721493441,1.4982204536596153e-05,-0.0075681130171543,1.9394386112549963e-06,-0.0080726538849646,7.543178258242837e-06,-0.0055499495459131,7.427637234593603e-08,-0.0050454086781029,2.607925962368421e-06,-0.0045408678102926,6.602344208527647e-07,-0.0040363269424824,2.1210030769895067e-06,-0.003531786074672,1.420378815441074e-05,0,0,2,1,1
920,29,13:56:03,6,-0.0065590312815337,131999.0,-0.0063067608476287,-0.0065590312815337,4.621640945969353e-07,-0.0070635721493441,1.3513182950198748e-05,-0.0075681130171543,1.9394386112549963e-06,-0.0080726538849646,7.543178258242837e-06,-0.008577194752775,2.863766800448867e-05,-0.0060544904137235,1.6753448429138904e-06,-0.0055499495459131,6.767402813740839e-07,-0.0050454086781029,2.5006378689798464e-06,-0.0045408678102926,7.427637234593603e-07,-0.0040363269424824,2.1210030769895067e-06,0,0,2,1,1
921,29,13:56:06,6,-0.0070635721493441,3503855.0,-0.0073158425832492,-0.0075681130171543,1.741368284999167e-06,-0.0080726538849646,7.543178258242837e-06,-0.008577194752775,2.863766800448867e-05,-0.0090817356205852,2.17547241670986e-05,-0.0095862764883956,7.988836492318453e-06,-0.0070635721493441,7.226843441351756e-06,-0.0065590312815337,8.25293026065956e-08,-0.0060544904137235,2.0137149836009323e-06,-0.0055499495459131,7.67522514241339e-07,-0.0050454086781029,2.467626147937208e-06,1,2,1,2,2
922,29,13:56:09,6,-0.0075681130171543,474267.0,-0.0073158425832492,-0.0075681130171543,1.6423331218712525e-06,-0.0080726538849646,7.543178258242837e-06,-0.008577194752775,2.877796781891988e-05,-0.0090817356205852,2.17547241670986e-05,-0.0095862764883956,8.03010114362175e-06,-0.0070635721493441,5.964145111470844e-06,-0.0065590312815337,8.25293026065956e-08,-0.0060544904137235,1.832150517866422e-06,-0.0055499495459131,2.1952794493354427e-06,-0.0050454086781029,2.467626147937208e-06,1,2,1,2,2
923,29,13:56:12,6,-0.0075681130171543,214433.0,-0.0073158425832492,-0.0075681130171543,9.903516312791472e-07,-0.0080726538849646,7.584442909546135e-06,-0.008577194752775,2.877796781891988e-05,-0.0090817356205852,2.17547241670986e-05,-0.0095862764883956,8.03010114362175e-06,-0.0070635721493441,5.716557203651057e-06,-0.0065590312815337,2.393349775591272e-07,-0.0060544904137235,1.8404034481270816e-06,-0.0055499495459131,2.2117853098567617e-06,-0.0050454086781029,2.467626147937208e-06,1,1,1,2,2
924,29,13:56:15,6,-0.0075681130171543,80672.0,-0.0073158425832492,-0.0075681130171543,8.665576773692537e-07,-0.0080726538849646,7.708236863456029e-06,-0.008577194752775,2.87944736794412e-05,-0.0090817356205852,2.17547241670986e-05,-0.0095862764883956,8.03010114362175e-06,-0.0070635721493441,5.534992737916546e-06,-0.0065590312815337,2.475879078197868e-07,-0.0060544904137235,1.848656378387741e-06,-0.0055499495459131,2.475879078197868e-06,-0.0050454086781029,2.467626147937208e-06,1,1,2,2,2
925,29,13:56:18,6,-0.0075681130171543,157384.0,-0.0073158425832492,-0.0075681130171543,5.2241048549975004e-06,-0.0080726538849646,7.65046635163141e-06,-0.008577194752775,2.87944736794412e-05,-0.0090817356205852,2.17547241670986e-05,-0.0095862764883956,8.03010114362175e-06,-0.0070635721493441,6.03016855355612e-06,-0.0065590312815337,2.475879078197868e-07,-0.0060544904137235,1.87341516916972e-06,-0.0055499495459131,2.43461442689457e-06,-0.0050454086781029,2.467626147937208e-06,1,2,2,2,2
926,29,13:56:21,6,-0.0075681130171543,145604.0,-0.0073158425832492,-0.0075681130171543,9.581652032625748e-06,-0.0080726538849646,7.766007375280645e-06,-0.008577194752775,2.8868750051787137e-05,-0.0090817356205852,2.17547241670986e-05,-0.0095862764883956,8.03010114362175e-06,-0.0070635721493441,5.881615808864248e-06,-0.0065590312815337,2.475879078197868e-07,-0.0060544904137235,1.625827261349933e-06,-0.0055499495459131,2.4428673571552294e-06,-0.0050454086781029,1.832150517866422e-06,2,1,2,2,2
927,29,13:56:24,6,-0.0075681130171543,413081.0,-0.0073158425832492,-0.0075681130171543,8.096124585707028e-06,-0.0080726538849646,7.83203081736592e-06,-0.008577194752775,2.88770029820478e-05,-0.0090817356205852,2.17547241670986e-05,-0.0095862764883956,8.03010114362175e-06,-0.0070635721493441,6.286009391636566e-06,-0.0065590312815337,2.475879078197868e-07,-0.0060544904137235,1.6753448429138904e-06,-0.0055499495459131,2.4428673571552294e-06,-0.0050454086781029,1.832150517866422e-06,2,2,2,2,2
928,29,13:56:27,6,-0.0075681130171543,418030.0,-0.0073158425832492,-0.0075681130171543,8.356752123338656e-06,-0.0080726538849646,7.790766166062624e-06,-0.008577194752775,2.88770029820478e-05,-0.0090817356205852,2.17547241670986e-05,-0.0095862764883956,8.03010114362175e-06,-0.0070635721493441,4.825240735499824e-06,-0.0065590312815337,2.475879078197868e-07,-0.0060544904137235,1.6753448429138904e-06,-0.0055499495459131,2.4428673571552294e-06,-0.0050454086781029,1.832150517866422e-06,1,2,2,2,2
929,29,13:56:30,6,-0.0075681130171543,600199.0,-0.0073158425832492,-0.0075681130171543,8.09265835499755e-06,-0.0080726538849646,7.964077701536474e-06,-0.008577194752775,2.880272660970186e-05,-0.0090817356205852,2.17547241670986e-05,-0.0095862764883956,8.03010114362175e-06,-0.0070635721493441,2.6464671466857007e-06,-0.0065590312815337,2.475879078197868e-07,-0.0060544904137235,1.6753448429138904e-06,-0.0055499495459131,2.4428673571552294e-06,-0.0050454086781029,1.832150517866422e-06,1,2,2,2,2
930,29,13:56:33,6,-0.0075681130171543,852033.0,-0.0073158425832492,-0.0075681130171543,8.497051937769869e-06,-0.0080726538849646,8.021848213361092e-06,-0.008577194752775,2.9694043077853094e-05,-0.0090817356205852,2.17547241670986e-05,-0.0095862764883956,8.03010114362175e-06,-0.0070635721493441,6.740168143880662e-07,-0.0065590312815337,1.6505860521319117e-07,-0.0060544904137235,1.68359777317455e-06,-0.0055499495459131,2.4428673571552294e-06,-0.0050454086781029,1.6010684705679544e-06,2,2,2,2,2
931,29,13:56:36,6,-0.0070635721493441,806052.0,-0.0065590312815339,-0.0070635721493441,1.1554102364923383e-07,-0.0075681130171543,7.715747029993228e-06,-0.0080726538849646,7.889801329190539e-06,-0.008577194752775,2.975181358967771e-05,-0.0090817356205852,2.17547241670986e-05,-0.0060544904137235,1.68359777317455e-06,-0.0055499495459131,2.525396659761825e-06,-0.0050454086781029,1.6010684705679544e-06,-0.0045408678102926,5.694521879855096e-07,-0.0040363269424824,1.015110422061126e-06,0,1,1,1,1
932,29,13:56:39,6,-0.0070635721493441,62968.0,-0.0068113017154388,-0.0070635721493441,4.951758156395735e-08,-0.0075681130171543,7.839540983903122e-06,-0.0080726538849646,8.013595283100432e-06,-0.008577194752775,2.975181358967771e-05,-0.0090817356205852,2.17547241670986e-05,-0.0065590312815337,8.252930260659559e-09,-0.0060544904137235,1.5102862377006992e-06,-0.0055499495459131,2.2200382401174214e-06,-0.0050454086781029,1.4855274469187206e-06,-0.0045408678102926,5.694521879855096e-07,1,1,1,2,1
933,29,13:56:42,6,-0.0075681130171543,232195.0,-0.0073158425832492,-0.0075681130171543,7.542435494519378e-06,-0.0080726538849646,8.310700772484176e-06,-0.008577194752775,2.980958410150233e-05,-0.0090817356205852,2.17547241670986e-05,-0.0095862764883956,8.03010114362175e-06,-0.0070635721493441,2.0632325651648897e-07,-0.0060544904137235,1.518539167961359e-06,-0.0055499495459131,2.2200382401174214e-06,-0.0050454086781029,8.665576773692537e-07,-0.0045408678102926,5.694521879855096e-07,2,2,2,2,2
934,29,13:56:45,6,-0.0070635721493441,320628.0,-0.0073158425832492,-0.0075681130171543,6.387025258027039e-06,-0.0080726538849646,3.319328550837275e-05,-0.008577194752775,2.980958410150233e-05,-0.0090817356205852,2.17547241670986e-05,-0.0095862764883956,8.03010114362175e-06,-0.0070635721493441,1.7331153547385076e-07,-0.0060544904137235,1.7248624244778478e-06,-0.0055499495459131,2.2200382401174214e-06,-0.0050454086781029,8.665576773692537e-07,-0.0045408678102926,5.694521879855096e-07,2,2,2,2,2
935,29,13:56:48,6,-0.0040363269424824,1956799.0,-0.0037840565085773,-0.0040363269424824,2.6656964741930374e-06,-0.0075681130171543,6.576842654022209e-06,-0.0080726538849646,3.3201538438633404e-05,-0.008577194752775,2.976831945019903e-05,-0.0090817356205852,2.17547241670986e-05,-0.003531786074672,1.440185848066657e-05,-0.0030272452068617,2.187026519074783e-06,-0.0025227043390515,2.506084802951882e-06,-0.0020181634712411,4.159476851372418e-06,-0.0015136226034309,6.437285603314456e-07,0,0,0,0,0
936,29,13:56:51,6,-0.0070635721493441,869786.0,-0.0073158425832492,-0.0075681130171543,5.900102372648125e-06,-0.0080726538849646,3.320979136889407e-05,-0.008577194752775,2.9784825310720347e-05,-0.0090817356205852,2.1779482957880576e-05,-0.0095862764883956,8.03010114362175e-06,-0.0070635721493441,4.5391116433627574e-07,-0.003531786074672,1.418728229388942e-05,-0.0030272452068617,2.302567542724017e-06,-0.0025227043390515,2.588614105558477e-06,-0.0020181634712411,4.159476851372418e-06,2,2,2,2,2
937,29,13:56:54,6,-0.0070635721493441,423152.0,-0.0068113017154388,-0.0070635721493441,2.583167171586442e-06,-0.0075681130171543,5.957872884472742e-06,-0.0080726538849646,3.3292320671500664e-05,-0.008577194752775,2.9793078240981007e-05,-0.0090817356205852,2.1779482957880576e-05,-0.0065590312815337,1.237939539098934e-07,-0.003531786074672,1.4162523503107443e-05,-0.0030272452068617,2.187026519074783e-06,-0.0025227043390515,2.588614105558477e-06,-0.0020181634712411,4.159476851372418e-06,1,2,1,2,1
938,29,13:56:57,6,-0.0070635721493441,795127.0,-0.0068113017154388,-0.0070635721493441,4.1264651303297794e-07,-0.0075681130171543,5.99088460551538e-06,-0.0080726538849646,3.3391355834628574e-05,-0.008577194752775,2.996638977645486e-05,-0.0090817356205852,2.1779482957880576e-05,-0.0065590312815337,1.6505860521319117e-08,-0.0040363269424824,1.964197402036975e-06,-0.003531786074672,1.3972706107112274e-05,-0.0030272452068617,2.187026519074783e-06,-0.0025227043390515,2.588614105558477e-06,1,2,2,2,2
939,29,13:57:00,6,-0.0065590312815337,31490.0,-0.0047931382441976,-0.0055499495459131,4.126465130329779e-08,-0.0070635721493441,7.097520024167221e-07,-0.0075681130171543,5.8918494423874655e-06,-0.0080726538849646,3.3969060952874746e-05,-0.008577194752775,2.996638977645486e-05,-0.0040363269424824,2.178773588814124e-06,-0.003531786074672,1.400571782815491e-05,-0.0030272452068617,2.187026519074783e-06,-0.0025227043390515,2.588614105558477e-06,-0.0020181634712411,4.159476851372418e-06,0,0,0,0,0
940,29,13:57:03,6,-0.0055499495459131,35478.0,-0.005297679112008,-0.0055499495459131,8.25293026065956e-08,-0.0060544904137235,1.6505860521319117e-08,-0.0065590312815337,1.6505860521319117e-08,-0.0070635721493441,1.3617334930088272e-06,-0.0075681130171543,6.0073904660367e-06,-0.0050454086781029,4.951758156395735e-08,-0.0045408678102926,2.475879078197868e-08,-0.0040363269424824,3.0040666148800795e-06,-0.003531786074672,1.400571782815491e-05,-0.0030272452068617,2.187026519074783e-06,0,0,1,1,1
941,29,13:57:06,6,-0.0065590312815337,49286.0,-0.0068113017154388,-0.0070635721493441,1.3534805627481675e-06,-0.0075681130171543,6.032149256818678e-06,-0.0080726538849646,3.402683146469936e-05,-0.008577194752775,2.997464270671552e-05,-0.0090817356205852,2.1779482957880576e-05,-0.0065590312815337,1.6505860521319117e-08,-0.0055499495459131,2.3108204729846767e-07,-0.0045408678102926,4.621640945969353e-07,-0.0040363269424824,3.070090056965356e-06,-0.003531786074672,1.400571782815491e-05,2,2,2,2,2
942,29,13:57:09,6,-0.0065590312815337,13778.0,-0.0068113017154388,-0.0070635721493441,2.2365441006387403e-06,-0.0075681130171543,6.213713722553189e-06,-0.0080726538849646,3.402683146469936e-05,-0.008577194752775,2.997464270671552e-05,-0.0090817356205852,2.1837253469705197e-05,-0.0065590312815337,5.7770511824616916e-08,-0.0060544904137235,7.427637234593603e-08,-0.0055499495459131,2.558408380804464e-07,-0.0045408678102926,4.621640945969353e-07,-0.0040363269424824,3.6395422449508656e-06,2,2,2,2,2
943,29,13:57:12,6,-0.0070635721493441,61031.0,-0.0068113017154388,-0.0070635721493441,2.4593732176765488e-06,-0.0075681130171543,6.477807490894295e-06,-0.0080726538849646,3.402683146469936e-05,-0.008577194752775,2.997464270671552e-05,-0.0090817356205852,2.1837253469705197e-05,-0.0065590312815337,8.252930260659559e-09,-0.0060544904137235,5.7770511824616916e-08,-0.0055499495459131,5.694521879855096e-07,-0.0045408678102926,4.621640945969353e-07,-0.0040363269424824,3.6395422449508656e-06,2,2,2,2,2
944,29,13:57:15,6,-0.0065590312815337,23641.0,-0.0060544904137234,-0.0065590312815337,1.237939539098934e-07,-0.0070635721493441,2.5584083808044635e-06,-0.0075681130171543,6.535578002718912e-06,-0.0080726538849646,3.402683146469936e-05,-0.008577194752775,3.046981852235509e-05,-0.0055499495459131,6.684873511134243e-07,-0.0045408678102926,4.621640945969353e-07,-0.0040363269424824,3.969659455377248e-06,-0.003531786074672,1.5408715972467036e-05,-0.0030272452068617,2.187026519074783e-06,1,1,1,1,1
945,29,13:57:18,6,-0.0065590312815337,173241.0,-0.0060544904137234,-0.0065590312815337,2.640937683411059e-07,-0.0070635721493441,2.25304996116006e-06,-0.0075681130171543,6.989489167055188e-06,-0.0080726538849646,3.443947797773234e-05,-0.008577194752775,3.050283024339773e-05,-0.0055499495459131,6.024639090281479e-07,-0.0045408678102926,1.2874571206628912e-06,-0.0040363269424824,3.969659455377248e-06,-0.003531786074672,1.5598533368462205e-05,-0.0030272452068617,2.187026519074783e-06,1,1,1,1,1
946,29,13:57:21,6,-0.0065590312815337,129954.0,-0.0060544904137234,-0.0065590312815337,3.3011721042638234e-08,-0.0070635721493441,2.25304996116006e-06,-0.0075681130171543,7.814782193121143e-06,-0.0080726538849646,3.4447730907993e-05,-0.008577194752775,3.0519336103919046e-05,-0.0055499495459131,6.437285603314456e-07,-0.0050454086781029,1.237939539098934e-07,-0.0045408678102926,1.2874571206628912e-06,-0.0040363269424824,3.969659455377248e-06,-0.003531786074672,1.5598533368462205e-05,1,1,1,1,1
947,29,13:57:24,6,-0.0070635721493441,120227.0,-0.0063067608476287,-0.0065590312815337,1.6505860521319117e-07,-0.0070635721493441,2.194784273519803e-06,-0.0075681130171543,7.814782193121143e-06,-0.0080726538849646,3.453026021059959e-05,-0.008577194752775,3.0519336103919046e-05,-0.0060544904137235,8.252930260659559e-09,-0.0055499495459131,1.592815540307295e-06,-0.0050454086781029,1.237939539098934e-07,-0.0045408678102926,1.3369747022268483e-06,-0.0040363269424824,3.969659455377248e-06,1,1,1,1,2
948,29,13:57:27,6,-0.0065590312815337,96507.0,-0.0060544904137234,-0.0065590312815337,4.242006153979013e-06,-0.0070635721493441,2.351589948472335e-06,-0.0075681130171543,9.432356524210416e-06,-0.0080726538849646,3.4678812955291466e-05,-0.008577194752775,3.052758903417971e-05,-0.0055499495459131,1.6340801916105926e-06,-0.0050454086781029,1.237939539098934e-07,-0.0045408678102926,1.3369747022268483e-06,-0.0040363269424824,3.887130152770652e-06,-0.003531786074672,1.5598533368462205e-05,1,1,1,1,1
949,29,13:57:30,6,-0.0065590312815337,204776.0,-0.0063067608476287,-0.0065590312815337,3.54876001208361e-06,-0.0070635721493441,2.425866320818271e-06,-0.0075681130171543,9.688197362290864e-06,-0.0080726538849646,3.467056002503081e-05,-0.008577194752775,3.052758903417971e-05,-0.0060544904137235,4.86922885378914e-07,-0.0055499495459131,1.889921029691039e-06,-0.0050454086781029,1.237939539098934e-07,-0.0045408678102926,1.386492283790806e-06,-0.0040363269424824,3.887130152770652e-06,1,2,1,1,1
950,29,13:57:33,6,-0.0060544904137235,43336.0,-0.0063067608476287,-0.0065590312815337,3.5157482910409723e-06,-0.0070635721493441,2.458878041860909e-06,-0.0075681130171543,9.688197362290864e-06,-0.0080726538849646,3.467056002503081e-05,-0.008577194752775,3.057710661574367e-05,-0.0060544904137235,4.786699551182544e-07,-0.0055499495459131,2.61617889262908e-06,-0.0050454086781029,1.237939539098934e-07,-0.0045408678102926,1.5102862377006992e-06,-0.0040363269424824,3.969659455377248e-06,1,2,1,1,1
951,29,13:57:36,6,-0.0065590312815337,64978.0,-0.0063067608476287,-0.0065590312815337,3.4497248489556955e-06,-0.0070635721493441,3.92789962825831e-06,-0.0075681130171543,9.77897959515812e-06,-0.0080726538849646,3.442297211721102e-05,-0.008577194752775,3.057710661574367e-05,-0.0060544904137235,5.281875366822117e-07,-0.0055499495459131,2.61617889262908e-06,-0.0050454086781029,1.237939539098934e-07,-0.0045408678102926,1.5102862377006992e-06,-0.0040363269424824,3.969659455377248e-06,1,2,1,1,1
952,29,13:57:39,6,-0.0065590312815337,63018.0,-0.0063067608476287,-0.0065590312815337,3.2846662437425045e-06,-0.0070635721493441,3.9526584190402895e-06,-0.0075681130171543,9.878014758286032e-06,-0.0080726538849646,3.4505501419817616e-05,-0.008577194752775,3.0568853685483005e-05,-0.0060544904137235,5.6119925772485e-07,-0.0055499495459131,3.251654522699866e-06,-0.0050454086781029,1.237939539098934e-07,-0.0045408678102926,1.5102862377006992e-06,-0.0040363269424824,3.969659455377248e-06,1,2,1,1,1
953,29,13:57:42,6,-0.0065590312815337,39385.0,-0.0063067608476287,-0.0065590312815337,3.3671955463491003e-06,-0.0070635721493441,3.209894695580929e-06,-0.0075681130171543,9.836750106982737e-06,-0.0080726538849646,3.4505501419817616e-05,-0.008577194752775,3.061837126704696e-05,-0.0060544904137235,5.199346064215523e-07,-0.0055499495459131,3.251654522699866e-06,-0.0050454086781029,3.713818617296802e-07,-0.0045408678102926,1.5102862377006992e-06,-0.0040363269424824,3.969659455377248e-06,2,2,1,1,1
954,29,13:57:45,6,-0.0065590312815337,66947.0,-0.0063067608476287,-0.0065590312815337,3.2434015924392065e-06,-0.0070635721493441,3.284171067926865e-06,-0.0075681130171543,9.886267688546691e-06,-0.0080726538849646,3.4505501419817616e-05,-0.008577194752775,3.061837126704696e-05,-0.0060544904137235,5.281875366822117e-07,-0.0055499495459131,3.259907452960526e-06,-0.0050454086781029,3.713818617296802e-07,-0.0045408678102926,1.5102862377006992e-06,-0.0040363269424824,4.134718060590439e-06,2,2,1,1,1
955,29,13:57:48,6,-0.0060544904137235,602600.0,-0.0063067608476287,-0.0065590312815337,1.518539167961359e-06,-0.0070635721493441,3.696817580959843e-06,-0.0075681130171543,9.415850663689095e-06,-0.0080726538849646,3.4571524861902893e-05,-0.008577194752775,3.071740643017488e-05,-0.0060544904137235,3.053584196444037e-07,-0.0055499495459131,3.259907452960526e-06,-0.0050454086781029,3.713818617296802e-07,-0.0045408678102926,1.5102862377006992e-06,-0.0040363269424824,4.134718060590439e-06,2,2,1,1,1
956,29,13:57:51,6,-0.0065590312815337,216612.0,-0.0063067608476287,-0.0065590312815337,8.583047471085941e-07,-0.0070635721493441,3.853623255912375e-06,-0.0075681130171543,9.77897959515812e-06,-0.0080726538849646,3.4571524861902893e-05,-0.008577194752775,3.0742165220956855e-05,-0.0060544904137235,1.237939539098934e-07,-0.0055499495459131,3.259907452960526e-06,-0.0050454086781029,3.713818617296802e-07,-0.0045408678102926,1.5102862377006992e-06,-0.0040363269424824,4.134718060590439e-06,2,2,1,1,1
957,29,13:57:54,6,-0.0065590312815337,94562.0,-0.0060544904137234,-0.0065590312815337,7.345107931987008e-07,-0.0070635721493441,3.8123586046090767e-06,-0.0075681130171543,9.457115314992396e-06,-0.0080726538849646,3.4571524861902893e-05,-0.008577194752775,3.0758671081478174e-05,-0.0055499495459131,3.3671955463491003e-06,-0.0050454086781029,3.713818617296802e-07,-0.0045408678102926,1.5102862377006992e-06,-0.0040363269424824,4.134718060590439e-06,-0.003531786074672,1.573058025263276e-05,1,1,1,1,1
958,29,13:57:57,6,-0.0060544904137235,455031.0,-0.0058022199798184,-0.0060544904137235,3.3671955463491003e-06,-0.0065590312815337,4.704170248575949e-07,-0.0070635721493441,4.3405461412912885e-06,-0.0075681130171543,9.457115314992396e-06,-0.0080726538849646,3.459628365268487e-05,-0.0055499495459131,3.3671955463491003e-06,-0.0050454086781029,3.713818617296802e-07,-0.0045408678102926,1.5102862377006992e-06,-0.0040363269424824,4.134718060590439e-06,-0.003531786074672,1.573058025263276e-05,1,0,1,1,0
959,29,13:58:00,6,-0.0060544904137235,112290.0,-0.0058022199798184,-0.0060544904137235,3.623036384429546e-06,-0.0065590312815337,4.1264651303297794e-07,-0.0070635721493441,4.414822513637225e-06,-0.0075681130171543,9.539644617598993e-06,-0.0080726538849646,3.459628365268487e-05,-0.0055499495459131,3.5157482910409723e-06,-0.0050454086781029,3.713818617296802e-07,-0.0045408678102926,1.5102862377006992e-06,-0.0040363269424824,3.3094250345244832e-06,-0.003531786074672,1.613497383540508e-05,1,0,1,1,1
960,29,13:58:03,6,-0.0060544904137235,84717.0,-0.0058022199798184,-0.0060544904137235,4.993022807699033e-06,-0.0065590312815337,4.456582340756162e-07,-0.0070635721493441,4.8439748871915215e-06,-0.0075681130171543,9.58090926890229e-06,-0.0080726538849646,3.484387156050466e-05,-0.0055499495459131,3.474483639737674e-06,-0.0050454086781029,4.951758156395736e-07,-0.0045408678102926,1.5102862377006992e-06,-0.0040363269424824,3.3094250345244832e-06,-0.003531786074672,4.225500293457694e-06,1,0,1,1,1
961,29,13:58:06,6,-0.0060544904137235,671770.0,-0.0058022199798184,-0.0060544904137235,2.43461442689457e-06,-0.0065590312815337,9.243281891938706e-07,-0.0070635721493441,5.2566214002245e-06,-0.0075681130171543,9.58090926890229e-06,-0.0080726538849646,3.477784811841938e-05,-0.0055499495459131,3.474483639737674e-06,-0.0050454086781029,5.777051182461691e-07,-0.0045408678102926,1.5102862377006992e-06,-0.0040363269424824,3.2103898713965685e-06,-0.003531786074672,4.225500293457694e-06,1,1,1,1,0
962,29,13:58:09,6,-0.0060544904137235,9850.0,-0.0058022199798184,-0.0060544904137235,4.316282526324949e-06,-0.0065590312815337,1.625827261349933e-06,-0.0070635721493441,5.2566214002245e-06,-0.0075681130171543,9.56440340838097e-06,-0.0080726538849646,3.477784811841938e-05,-0.0055499495459131,3.540507081822951e-06,-0.0050454086781029,5.777051182461691e-07,-0.0045408678102926,1.5102862377006992e-06,-0.0040363269424824,3.3754484766097595e-06,-0.003531786074672,4.225500293457694e-06,0,1,1,1,0
963,29,13:58:12,6,-0.0060544904137235,338850.0,-0.0058022199798184,-0.0060544904137235,3.647795175211525e-06,-0.0065590312815337,1.7331153547385077e-06,-0.0070635721493441,5.388668284395052e-06,-0.0075681130171543,1.0183373177930435e-05,-0.0080726538849646,3.473658346711608e-05,-0.0055499495459131,3.4909895002589936e-06,-0.0050454086781029,6.519814905921052e-07,-0.0045408678102926,1.5102862377006992e-06,-0.0040363269424824,3.292919174003164e-06,-0.003531786074672,4.225500293457694e-06,0,1,1,1,0
964,29,13:58:15,6,-0.0060544904137235,9850.0,-0.0058022199798184,-0.0060544904137235,3.664301035732844e-06,-0.0065590312815337,1.8981739599516989e-06,-0.0070635721493441,5.471197587001648e-06,-0.0075681130171543,8.895916057267545e-06,-0.0080726538849646,3.47943539789407e-05,-0.0055499495459131,3.573518802865589e-06,-0.0050454086781029,6.519814905921052e-07,-0.0045408678102926,1.5102862377006992e-06,-0.0040363269424824,3.292919174003164e-06,-0.003531786074672,4.225500293457694e-06,0,1,1,1,0
965,29,13:58:18,6,-0.0060544904137235,202917.0,-0.0058022199798184,-0.0060544904137235,2.888525591230846e-06,-0.0065590312815337,1.8981739599516989e-06,-0.0070635721493441,5.636256192214839e-06,-0.0075681130171543,8.928927778310183e-06,-0.0080726538849646,3.47943539789407e-05,-0.0055499495459131,3.623036384429546e-06,-0.0050454086781029,6.519814905921052e-07,-0.0045408678102926,1.5102862377006992e-06,-0.0040363269424824,3.292919174003164e-06,-0.003531786074672,4.225500293457694e-06,0,1,1,1,0
966,29,13:58:21,6,-0.0060544904137235,104425.0,-0.0058022199798184,-0.0060544904137235,2.698708195235676e-06,-0.0065590312815337,1.8981739599516989e-06,-0.0070635721493441,5.636256192214839e-06,-0.0075681130171543,8.928927778310183e-06,-0.0080726538849646,3.47943539789407e-05,-0.0055499495459131,3.499242430519653e-06,-0.0050454086781029,6.519814905921052e-07,-0.0045408678102926,1.5102862377006992e-06,-0.0040363269424824,3.292919174003164e-06,-0.003531786074672,4.225500293457694e-06,1,1,1,1,0
967,29,13:58:24,6,-0.0065590312815337,1046206.0,-0.0063067608476287,-0.0065590312815337,1.7496212152598264e-06,-0.0070635721493441,5.636256192214839e-06,-0.0075681130171543,9.093986383523374e-06,-0.0080726538849646,3.495941258415389e-05,-0.008577194752775,3.088246503538807e-05,-0.0060544904137235,1.2131807483169552e-06,-0.0055499495459131,2.2695558216813787e-06,-0.0050454086781029,6.519814905921052e-07,-0.0045408678102926,1.5102862377006992e-06,-0.0040363269424824,3.292919174003164e-06,2,2,1,2,0
968,29,13:58:27,6,-0.0065590312815337,265323.0,-0.0063067608476287,-0.0065590312815337,8.274387879337274e-07,-0.0070635721493441,5.6775208435181374e-06,-0.0075681130171543,9.160009825608652e-06,-0.0080726538849646,3.48768832815473e-05,-0.008577194752775,3.088246503538807e-05,-0.0060544904137235,1.1223985154497e-06,-0.0055499495459131,2.43461442689457e-06,-0.0050454086781029,6.519814905921052e-07,-0.0045408678102926,1.5102862377006992e-06,-0.0040363269424824,3.292919174003164e-06,2,2,1,1,0
969,29,13:58:30,6,-0.0065590312815337,307319.0,-0.0063067608476287,-0.0065590312815337,8.604505089763657e-07,-0.0070635721493441,5.81782065794935e-06,-0.0075681130171543,9.242539128215249e-06,-0.0080726538849646,3.48768832815473e-05,-0.008577194752775,3.088246503538807e-05,-0.0060544904137235,1.2131807483169552e-06,-0.0055499495459131,2.475879078197868e-06,-0.0050454086781029,6.519814905921052e-07,-0.0045408678102926,1.5102862377006992e-06,-0.0040363269424824,3.292919174003164e-06,2,2,1,1,0
970,29,13:58:33,6,-0.0065590312815337,9845.0,-0.0063067608476287,-0.0065590312815337,1.0667737654928545e-06,-0.0070635721493441,5.80956772768869e-06,-0.0075681130171543,9.201274476911948e-06,-0.0080726538849646,3.5041941886760486e-05,-0.008577194752775,3.088246503538807e-05,-0.0060544904137235,1.2296866088382744e-06,-0.0055499495459131,2.525396659761825e-06,-0.0050454086781029,6.519814905921052e-07,-0.0045408678102926,1.048122143103764e-06,-0.0040363269424824,3.292919174003164e-06,2,2,1,1,0
971,29,13:58:36,6,-0.0060544904137235,539701.0,-0.0058022199798184,-0.0060544904137235,9.490869799758492e-07,-0.0065590312815337,4.1479227490074957e-07,-0.0070635721493441,5.81782065794935e-06,-0.0075681130171543,9.201274476911948e-06,-0.0080726538849646,3.5512358911618085e-05,-0.0055499495459131,2.525396659761825e-06,-0.0050454086781029,6.519814905921052e-07,-0.0045408678102926,1.048122143103764e-06,-0.0040363269424824,3.292919174003164e-06,-0.003531786074672,4.638146806490672e-06,1,1,1,1,0
972,29,13:58:39,6,-0.0060544904137235,11820.0,-0.0058022199798184,-0.0060544904137235,2.319073403245336e-06,-0.0065590312815337,2.992512512515156e-07,-0.0070635721493441,5.735291355342754e-06,-0.0075681130171543,9.242539128215249e-06,-0.0080726538849646,3.5528864772139405e-05,-0.0055499495459131,2.657443543932378e-06,-0.0050454086781029,6.519814905921052e-07,-0.0045408678102926,1.2957100509235507e-06,-0.0040363269424824,3.292919174003164e-06,-0.003531786074672,4.654652667011992e-06,1,1,1,1,0
973,29,13:58:42,6,-0.0060544904137235,122140.0,-0.0058022199798184,-0.0060544904137235,2.0632325651648896e-06,-0.0065590312815337,4.890686472466854e-07,-0.0070635721493441,4.9347571200587765e-06,-0.0075681130171543,9.333321361082502e-06,-0.0080726538849646,3.55701294234427e-05,-0.0055499495459131,2.6656964741930374e-06,-0.0050454086781029,6.519814905921052e-07,-0.0045408678102926,1.2957100509235507e-06,-0.0040363269424824,3.218642801657228e-06,-0.003531786074672,4.654652667011992e-06,1,1,1,1,0
974,29,13:58:45,6,-0.0060544904137235,59100.0,-0.0058022199798184,-0.0060544904137235,1.906426890212358e-06,-0.0065590312815337,4.890686472466854e-07,-0.0070635721493441,5.017286422665373e-06,-0.0075681130171543,9.432356524210416e-06,-0.0080726538849646,3.5611394074745995e-05,-0.0055499495459131,2.9297902425341435e-06,-0.0050454086781029,6.519814905921052e-07,-0.0045408678102926,1.2957100509235507e-06,-0.0040363269424824,3.218642801657228e-06,-0.003531786074672,4.654652667011992e-06,1,1,1,1,0
975,29,13:58:48,6,-0.0055499495459131,112300.0,-0.0058022199798184,-0.0060544904137235,1.535045028482678e-06,-0.0065590312815337,4.890686472466854e-07,-0.0070635721493441,4.976021771362074e-06,-0.0075681130171543,9.432356524210416e-06,-0.0080726538849646,3.678331017175965e-05,-0.0055499495459131,2.863766800448867e-06,-0.0050454086781029,6.519814905921052e-07,-0.0045408678102926,1.2957100509235507e-06,-0.0040363269424824,3.218642801657228e-06,-0.003531786074672,4.654652667011992e-06,1,1,1,1,0
976,29,13:58:51,6,-0.0060544904137235,151691.0,-0.0058022199798184,-0.0060544904137235,9.408340497151896e-07,-0.0065590312815337,4.890686472466854e-07,-0.0070635721493441,5.05855107396867e-06,-0.0075681130171543,9.473621175513717e-06,-0.0080726538849646,3.678331017175965e-05,-0.0055499495459131,2.8720197307095265e-06,-0.0050454086781029,6.519814905921052e-07,-0.0045408678102926,1.2957100509235507e-06,-0.0040363269424824,3.218642801657228e-06,-0.003531786074672,4.654652667011992e-06,1,1,1,0,0
977,29,13:58:54,6,-0.0055499495459131,90666.0,-0.0058022199798184,-0.0060544904137235,1.2957100509235507e-06,-0.0065590312815337,7.779212063697701e-07,-0.0070635721493441,5.05855107396867e-06,-0.0075681130171543,9.473621175513717e-06,-0.0080726538849646,3.6808068962541634e-05,-0.0055499495459131,2.4923849387191867e-06,-0.0050454086781029,6.519814905921052e-07,-0.0045408678102926,1.2957100509235507e-06,-0.0040363269424824,3.218642801657228e-06,-0.003531786074672,4.654652667011992e-06,1,0,1,0,0
978,29,13:58:57,6,-0.0060544904137235,267996.0,-0.0058022199798184,-0.0060544904137235,3.540507081822951e-06,-0.0065590312815337,9.512327418436209e-07,-0.0070635721493441,5.05855107396867e-06,-0.0075681130171543,9.54789754785965e-06,-0.0080726538849646,3.684933361384493e-05,-0.0055499495459131,2.1457618677714854e-06,-0.0050454086781029,6.519814905921052e-07,-0.0045408678102926,1.2957100509235507e-06,-0.0040363269424824,3.218642801657228e-06,-0.003531786074672,4.654652667011992e-06,1,0,1,0,0
979,29,13:59:00,6,-0.0060544904137235,449311.0,-0.0058022199798184,-0.0060544904137235,3.2103898713965685e-06,-0.0065590312815337,9.512327418436209e-07,-0.0070635721493441,5.099815725271968e-06,-0.0075681130171543,9.55615047812031e-06,-0.0080726538849646,3.717945082427131e-05,-0.0055499495459131,8.583047471085941e-07,-0.0050454086781029,7.757754445019985e-07,-0.0045408678102926,1.2957100509235507e-06,-0.0040363269424824,3.193884010875249e-06,-0.003531786074672,4.654652667011992e-06,1,0,1,1,0
980,29,13:59:03,6,-0.0060544904137235,21675.0,-0.0058022199798184,-0.0060544904137235,3.3424367555671216e-06,-0.0065590312815337,1.0337620444502163e-06,-0.0070635721493441,4.951262980580096e-06,-0.0075681130171543,9.57265633864163e-06,-0.0080726538849646,3.717945082427131e-05,-0.0055499495459131,8.252930260659559e-07,-0.0050454086781029,6.932461418954029e-07,-0.0045408678102926,1.2957100509235507e-06,-0.0040363269424824,3.235148662178547e-06,-0.003531786074672,4.654652667011992e-06,1,0,1,1,0
981,29,13:59:06,6,-0.0060544904137235,92590.0,-0.0058022199798184,-0.0060544904137235,3.0618371267046965e-06,-0.0065590312815337,1.1988206496634075e-06,-0.0070635721493441,5.405174144916372e-06,-0.0075681130171543,9.57265633864163e-06,-0.0080726538849646,3.717945082427131e-05,-0.0055499495459131,8.335459563266155e-07,-0.0050454086781029,6.932461418954029e-07,-0.0045408678102926,1.2957100509235507e-06,-0.0040363269424824,3.235148662178547e-06,-0.003531786074672,4.654652667011992e-06,1,0,1,0,0
982,29,13:59:09,6,-0.0060544904137235,65032.0,-0.0058022199798184,-0.0060544904137235,4.390558898670885e-06,-0.0065590312815337,1.1988206496634075e-06,-0.0070635721493441,5.504209308044286e-06,-0.0075681130171543,9.283803779518544e-06,-0.0080726538849646,3.717945082427131e-05,-0.0055499495459131,1.4112510745727846e-06,-0.0050454086781029,7.840283747626581e-07,-0.0045408678102926,1.2957100509235507e-06,-0.0040363269424824,3.235148662178547e-06,-0.003531786074672,4.654652667011992e-06,0,0,1,0,0
983,29,13:59:12,6,-0.0060544904137235,1087440.0,-0.0058022199798184,-0.0060544904137235,7.510166537200199e-07,-0.0065590312815337,1.380385115397918e-06,-0.0070635721493441,5.504209308044286e-06,-0.0075681130171543,9.283803779518544e-06,-0.0080726538849646,3.717945082427131e-05,-0.0055499495459131,1.5267920982220184e-06,-0.0050454086781029,8.583047471085941e-07,-0.0045408678102926,1.2957100509235507e-06,-0.0040363269424824,3.235148662178547e-06,-0.003531786074672,4.902240574831778e-06,0,1,1,0,0
984,29,13:59:15,6,-0.0060544904137235,24389.0,-0.0058022199798184,-0.0060544904137235,6.405924468323949e-07,-0.0065590312815337,1.380385115397918e-06,-0.0070635721493441,5.916855821077264e-06,-0.0075681130171543,9.283803779518544e-06,-0.0080726538849646,3.701439221905812e-05,-0.0055499495459131,1.535045028482678e-06,-0.0050454086781029,8.583047471085941e-07,-0.0045408678102926,1.9889561928189536e-06,-0.0040363269424824,3.235148662178547e-06,-0.003531786074672,4.902240574831778e-06,0,0,1,0,0
985,29,13:59:18,6,-0.0060544904137235,228598.0,-0.0058022199798184,-0.0060544904137235,4.837867718798633e-07,-0.0065590312815337,1.380385115397918e-06,-0.0070635721493441,5.834326518470668e-06,-0.0075681130171543,9.283803779518544e-06,-0.0080726538849646,3.701439221905812e-05,-0.0055499495459131,8.913164681512324e-07,-0.0050454086781029,8.583047471085941e-07,-0.0045408678102926,1.9889561928189536e-06,-0.0040363269424824,3.235148662178547e-06,-0.003531786074672,4.902240574831778e-06,0,0,1,0,0
986,29,13:59:21,6,-0.0060544904137235,147750.0,-0.0058022199798184,-0.0060544904137235,1.1240491015018321e-07,-0.0065590312815337,1.380385115397918e-06,-0.0070635721493441,5.834326518470668e-06,-0.0075681130171543,1.0067832154281205e-05,-0.0080726538849646,3.698963342827614e-05,-0.0055499495459131,9.573399102365088e-07,-0.0050454086781029,8.583047471085941e-07,-0.0045408678102926,1.9889561928189536e-06,-0.0040363269424824,3.235148662178547e-06,-0.003531786074672,4.902240574831778e-06,0,0,1,0,0
987,29,13:59:24,6,-0.0060544904137235,212778.0,-0.0063067608476287,-0.0065590312815337,1.2121078673830694e-06,-0.0070635721493441,5.875591169773967e-06,-0.0075681130171543,1.0067832154281205e-05,-0.0080726538849646,3.722896840583527e-05,-0.008577194752775,3.0626624197307626e-05,-0.0060544904137235,1.6505860521319117e-08,-0.0055499495459131,8.087871655446368e-07,-0.0050454086781029,8.583047471085941e-07,-0.0045408678102926,1.9889561928189536e-06,-0.0040363269424824,3.235148662178547e-06,1,1,2,0,0
988,29,13:59:27,6,-0.0060544904137235,72899.0,-0.0063067608476287,-0.0065590312815337,1.3028901002503246e-06,-0.0070635721493441,5.875591169773967e-06,-0.0075681130171543,1.0067832154281205e-05,-0.0080726538849646,3.722896840583527e-05,-0.008577194752775,3.0626624197307626e-05,-0.0060544904137235,4.140495111772901e-07,-0.0055499495459131,1.1884219575349763e-06,-0.0050454086781029,8.583047471085941e-07,-0.0045408678102926,1.9889561928189536e-06,-0.0040363269424824,2.748225776799633e-06,1,2,1,0,0
989,29,13:59:30,6,-0.0065590312815337,96517.0,-0.0063067608476287,-0.0065590312815337,1.220360797643729e-06,-0.0070635721493441,5.875591169773967e-06,-0.0075681130171543,1.01090968055845e-05,-0.0080726538849646,3.722896840583527e-05,-0.008577194752775,3.0626624197307626e-05,-0.0060544904137235,5.378434650871835e-07,-0.0055499495459131,1.4277569350941035e-06,-0.0050454086781029,8.583047471085941e-07,-0.0045408678102926,1.9889561928189536e-06,-0.0040363269424824,2.748225776799633e-06,1,2,1,0,0
990,29,13:59:33,6,-0.0065590312815337,114239.0,-0.0063067608476287,-0.0065590312815337,1.311143030510984e-06,-0.0070635721493441,5.9746263329018815e-06,-0.0075681130171543,1.014210852662714e-05,-0.0080726538849646,3.722896840583527e-05,-0.008577194752775,3.145191722337358e-05,-0.0060544904137235,2.737496967460776e-07,-0.0055499495459131,1.4277569350941035e-06,-0.0050454086781029,8.583047471085941e-07,-0.0045408678102926,1.9889561928189536e-06,-0.0040363269424824,2.748225776799633e-06,1,2,1,0,0
991,29,13:59:36,6,-0.0065590312815337,216697.0,-0.0063067608476287,-0.0065590312815337,1.294637169989665e-06,-0.0070635721493441,2.3305779880286955e-05,-0.0075681130171543,1.014210852662714e-05,-0.0080726538849646,3.727023305713857e-05,-0.008577194752775,3.149318187467688e-05,-0.0060544904137235,4.71820023001907e-07,-0.0055499495459131,1.4277569350941035e-06,-0.0050454086781029,8.583047471085941e-07,-0.0045408678102926,1.9889561928189536e-06,-0.0040363269424824,2.748225776799633e-06,1,2,1,0,0
992,29,13:59:39,6,-0.0060544904137235,90614.0,-0.0063067608476287,-0.0065590312815337,6.106095511954188e-06,-0.0070635721493441,2.3322285740808278e-05,-0.0075681130171543,1.0175120247669776e-05,-0.0080726538849646,3.727023305713857e-05,-0.008577194752775,3.141065257207028e-05,-0.0060544904137235,2.2423211518212025e-07,-0.0055499495459131,1.5020333074400395e-06,-0.0050454086781029,8.583047471085941e-07,-0.0045408678102926,1.9889561928189536e-06,-0.0040363269424824,2.748225776799633e-06,1,2,1,0,0
993,29,13:59:42,6,-0.0065590312815337,204899.0,-0.0060544904137234,-0.0065590312815337,6.502236164465847e-06,-0.0070635721493441,2.3421320903936187e-05,-0.0075681130171543,1.0175120247669776e-05,-0.0080726538849646,3.718770375453197e-05,-0.008577194752775,3.141065257207028e-05,-0.0055499495459131,1.1733190951579695e-06,-0.0050454086781029,8.583047471085941e-07,-0.0045408678102926,1.9889561928189536e-06,-0.0040363269424824,2.748225776799633e-06,-0.003531786074672,4.943505226135076e-06,1,2,1,0,0
994,29,13:59:45,6,-0.0065590312815337,31507.0,-0.0063067608476287,-0.0065590312815337,7.6081288193942274e-06,-0.0070635721493441,2.3421320903936187e-05,-0.0075681130171543,1.0257649550276373e-05,-0.0080726538849646,3.725372719661725e-05,-0.008577194752775,3.145191722337358e-05,-0.0060544904137235,2.0632325651648897e-07,-0.0055499495459131,1.1733190951579695e-06,-0.0050454086781029,8.583047471085941e-07,-0.0045408678102926,1.9889561928189536e-06,-0.0040363269424824,2.748225776799633e-06,2,2,1,0,0
995,29,13:59:48,6,-0.0060544904137235,76808.0,-0.0063067608476287,-0.0065590312815337,7.509093656266313e-06,-0.0070635721493441,2.3099456623770462e-05,-0.0075681130171543,1.0257649550276373e-05,-0.0080726538849646,3.733625649922385e-05,-0.008577194752775,3.1501434804937533e-05,-0.0060544904137235,2.228291170378081e-07,-0.0055499495459131,1.3218718398498415e-06,-0.0050454086781029,8.583047471085941e-07,-0.0045408678102926,1.9394386112549963e-06,-0.0040363269424824,2.748225776799633e-06,2,2,1,0,0
996,29,13:59:51,6,-0.0065590312815337,70901.0,-0.0063067608476287,-0.0065590312815337,7.649393470697526e-06,-0.0070635721493441,2.3181985926377063e-05,-0.0075681130171543,1.0158614387148458e-05,-0.0080726538849646,3.733625649922385e-05,-0.008577194752775,3.1501434804937533e-05,-0.0060544904137235,8.25293026065956e-08,-0.0055499495459131,1.3218718398498415e-06,-0.0050454086781029,8.583047471085941e-07,-0.0045408678102926,1.9394386112549963e-06,-0.0040363269424824,2.748225776799633e-06,2,2,1,0,0
997,29,13:59:54,6,-0.0065590312815337,72880.0,-0.0063067608476287,-0.0065590312815337,7.56686416809093e-06,-0.0070635721493441,2.359463243941004e-05,-0.0075681130171543,1.0158614387148458e-05,-0.0080726538849646,3.733625649922385e-05,-0.008577194752775,3.1501434804937533e-05,-0.0060544904137235,3.218642801657228e-07,-0.0055499495459131,1.313618909589182e-06,-0.0050454086781029,8.583047471085941e-07,-0.0045408678102926,1.9394386112549963e-06,-0.0040363269424824,2.748225776799633e-06,2,2,1,0,0
998,29,13:59:57,6,-0.0060544904137235,171380.0,-0.0058022199798184,-0.0060544904137235,8.25293026065956e-08,-0.0065590312815337,7.674152261479503e-06,-0.0070635721493441,2.359463243941004e-05,-0.0075681130171543,1.01090968055845e-05,-0.0080726538849646,3.735276235974516e-05,-0.0055499495459131,1.3383777003711607e-06,-0.0050454086781029,8.583047471085941e-07,-0.0045408678102926,1.9394386112549963e-06,-0.0040363269424824,2.748225776799633e-06,-0.003531786074672,4.943505226135076e-06,1,1,0,0,0
999,29,14:00:00,6,-0.0060544904137235,169404.0,-0.0058022199798184,-0.0060544904137235,4.753687830139906e-06,-0.0065590312815337,2.9864878734248748e-06,-0.0070635721493441,2.359463243941004e-05,-0.0075681130171543,1.01090968055845e-05,-0.0080726538849646,3.735276235974516e-05,-0.0055499495459131,1.3796423516744586e-06,-0.0050454086781029,7.097520024167221e-07,-0.0045408678102926,1.9394386112549963e-06,-0.0040363269424824,2.748225776799633e-06,-0.003531786074672,4.943505226135076e-06,1,0,1,0,0
1000,29,14:00:03,6,-0.0060544904137235,366565.0,-0.0058022199798184,-0.0060544904137235,4.539111643362757e-06,-0.0065590312815337,3.1020288970741084e-06,-0.0070635721493441,2.368541467227729e-05,-0.0075681130171543,1.01090968055845e-05,-0.0080726538849646,3.735276235974516e-05,-0.0055499495459131,2.2423211518212025e-07,-0.0050454086781029,7.097520024167221e-07,-0.0045408678102926,1.9394386112549963e-06,-0.0040363269424824,2.748225776799633e-06,-0.003531786074672,4.943505226135076e-06,1,0,1,0,0
1001,29,14:00:06,6,-0.0060544904137235,41371.0,-0.0058022199798184,-0.0060544904137235,4.448329410495502e-06,-0.0065590312815337,3.143293548377406e-06,-0.0070635721493441,2.3726679323580596e-05,-0.0075681130171543,1.01090968055845e-05,-0.0080726538849646,3.735276235974516e-05,-0.0055499495459131,2.820026270067372e-07,-0.0050454086781029,7.097520024167221e-07,-0.0045408678102926,1.9394386112549963e-06,-0.0040363269424824,2.748225776799633e-06,-0.003531786074672,4.943505226135076e-06,1,0,0,0,0
1002,29,14:00:09,6,-0.0055499495459131,102813.0,-0.005297679112008,-0.0055499495459131,2.2142611889349603e-07,-0.0060544904137235,4.407064759192205e-06,-0.0065590312815337,3.143293548377406e-06,-0.0070635721493441,2.380920862618719e-05,-0.0075681130171543,1.0059579224020543e-05,-0.0050454086781029,8.417988865872751e-07,-0.0045408678102926,1.9394386112549963e-06,-0.0040363269424824,2.748225776799633e-06,-0.003531786074672,4.753687830139906e-06,-0.0030272452068617,2.3108204729846763e-06,1,0,0,0,0
1003,29,14:00:12,6,-0.0060544904137235,104457.0,-0.0055499495459131,-0.0060544904137235,4.347891249223276e-06,-0.0065590312815337,3.143293548377406e-06,-0.0070635721493441,2.381746155644785e-05,-0.0075681130171543,1.0059579224020543e-05,-0.0080726538849646,3.733625649922385e-05,-0.0050454086781029,8.417988865872751e-07,-0.0045408678102926,1.9394386112549963e-06,-0.0040363269424824,2.748225776799633e-06,-0.003531786074672,4.753687830139906e-06,-0.0030272452068617,2.3108204729846763e-06,1,0,0,0,0
1004,29,14:00:15,6,-0.0060544904137235,295508.0,-0.0058022199798184,-0.0060544904137235,3.250251524555554e-06,-0.0065590312815337,3.159799408898725e-06,-0.0070635721493441,2.3899990859054443e-05,-0.0075681130171543,1.0059579224020543e-05,-0.0080726538849646,3.733625649922385e-05,-0.0055499495459131,8.25293026065956e-08,-0.0050454086781029,8.417988865872751e-07,-0.0045408678102926,1.9394386112549963e-06,-0.0040363269424824,2.748225776799633e-06,-0.003531786074672,4.753687830139906e-06,0,0,0,0,0
1005,29,14:00:18,6,-0.0055499495459131,66985.0,-0.0058022199798184,-0.0060544904137235,3.192481012730937e-06,-0.0065590312815337,3.242328711505321e-06,-0.0070635721493441,2.391649671957576e-05,-0.0075681130171543,9.77072666489746e-06,-0.0080726538849646,3.733625649922385e-05,-0.0055499495459131,5.942109787674883e-07,-0.0050454086781029,8.417988865872751e-07,-0.0045408678102926,1.9394386112549963e-06,-0.0040363269424824,2.748225776799633e-06,-0.003531786074672,4.753687830139906e-06,0,0,0,0,0
1006,29,14:00:21,6,-0.0060544904137235,254193.0,-0.0058022199798184,-0.0060544904137235,2.9283872443898318e-06,-0.0065590312815337,4.100633458613915e-06,-0.0070635721493441,2.391649671957576e-05,-0.0075681130171543,9.77072666489746e-06,-0.0080726538849646,3.733625649922385e-05,-0.0055499495459131,9.90351631279147e-08,-0.0050454086781029,8.417988865872751e-07,-0.0045408678102926,1.9394386112549963e-06,-0.0040363269424824,2.748225776799633e-06,-0.003531786074672,4.753687830139906e-06,0,0,0,0,0
1007,29,14:00:24,6,-0.0055499495459131,76870.0,-0.005297679112008,-0.0055499495459131,4.126465130329779e-08,-0.0060544904137235,3.0769399890817038e-06,-0.0065590312815337,5.223031974063616e-06,-0.0070635721493441,2.5030642304764805e-05,-0.0075681130171543,9.77072666489746e-06,-0.0050454086781029,9.573399102365088e-07,-0.0045408678102926,1.9394386112549963e-06,-0.0040363269424824,2.748225776799633e-06,-0.003531786074672,4.753687830139906e-06,-0.0030272452068617,2.3108204729846763e-06,0,0,0,0,0
1008,29,14:00:27,6,-0.0060544904137235,770485.0,-0.0058022199798184,-0.0060544904137235,1.475871518513749e-06,-0.0065590312815337,6.378442210555954e-06,-0.0070635721493441,2.5030642304764805e-05,-0.0075681130171543,9.77072666489746e-06,-0.0080726538849646,3.733625649922385e-05,-0.0055499495459131,5.281875366822117e-07,-0.0050454086781029,7.014990721560625e-07,-0.0045408678102926,1.9394386112549963e-06,-0.0040363269424824,2.748225776799633e-06,-0.003531786074672,4.753687830139906e-06,0,0,0,0,0
1009,29,14:00:30,6,-0.0060544904137235,659858.0,-0.0063067608476287,-0.0065590312815337,5.683793070516238e-06,-0.0070635721493441,2.5030642304764805e-05,-0.0075681130171543,9.77072666489746e-06,-0.0080726538849646,3.741878580183044e-05,-0.008577194752775,3.1765528573278644e-05,-0.0060544904137235,6.602344208527648e-08,-0.0055499495459131,5.942109787674883e-07,-0.0050454086781029,7.014990721560625e-07,-0.0045408678102926,1.9394386112549963e-06,-0.0040363269424824,7.922813050233176e-07,1,1,0,0,0
1010,29,14:00:33,6,-0.0065590312815337,504100.0,-0.0063067608476287,-0.0065590312815337,3.991942367081029e-06,-0.0070635721493441,2.5030642304764805e-05,-0.0075681130171543,9.77072666489746e-06,-0.0080726538849646,3.741878580183044e-05,-0.008577194752775,3.1765528573278644e-05,-0.0060544904137235,1.5680567495253166e-07,-0.0055499495459131,1.4277569350941035e-06,-0.0050454086781029,7.757754445019985e-07,-0.0045408678102926,1.9394386112549963e-06,-0.0040363269424824,7.922813050233176e-07,1,1,0,0,0
1011,29,14:00:36,6,-0.0060544904137235,425467.0,-0.0063067608476287,-0.0065590312815337,3.78561911056454e-06,-0.0070635721493441,2.5030642304764805e-05,-0.0075681130171543,9.77072666489746e-06,-0.0080726538849646,3.741878580183044e-05,-0.008577194752775,3.170775806145402e-05,-0.0060544904137235,1.815644657345103e-07,-0.0055499495459131,1.4277569350941035e-06,-0.0050454086781029,1.0068574918004662e-06,-0.0045408678102926,1.9394386112549963e-06,-0.0040363269424824,7.922813050233176e-07,0,0,0,0,0
1012,29,14:00:39,6,-0.0060544904137235,482475.0,-0.0063067608476287,-0.0065590312815337,2.613703013550882e-06,-0.0070635721493441,2.474178974564172e-05,-0.0075681130171543,9.77072666489746e-06,-0.0080726538849646,3.741878580183044e-05,-0.008577194752775,3.170775806145402e-05,-0.0060544904137235,2.80599628862425e-07,-0.0055499495459131,6.024639090281479e-07,-0.0050454086781029,1.0068574918004662e-06,-0.0045408678102926,1.9394386112549963e-06,-0.0040363269424824,7.922813050233176e-07,0,0,0,0,0
1013,29,14:00:42,6,-0.0065590312815337,271757.0,-0.0063067608476287,-0.0065590312815337,2.019492034783394e-06,-0.0070635721493441,2.474178974564172e-05,-0.0075681130171543,9.77072666489746e-06,-0.0080726538849646,3.741878580183044e-05,-0.008577194752775,3.170775806145402e-05,-0.0060544904137235,1.237939539098934e-07,-0.0055499495459131,6.024639090281479e-07,-0.0050454086781029,1.0068574918004662e-06,-0.0045408678102926,1.9394386112549963e-06,-0.0040363269424824,7.922813050233176e-07,0,0,0,0,0
1014,29,14:00:45,6,-0.0065590312815337,224489.0,-0.0063067608476287,-0.0065590312815337,1.3922693349732677e-06,-0.0070635721493441,2.474178974564172e-05,-0.0075681130171543,9.77072666489746e-06,-0.0080726538849646,3.741878580183044e-05,-0.008577194752775,3.170775806145402e-05,-0.0060544904137235,6.767402813740839e-07,-0.0055499495459131,1.015110422061126e-06,-0.0050454086781029,1.4195040048334445e-06,-0.0045408678102926,1.9394386112549963e-06,-0.0040363269424824,7.922813050233176e-07,1,0,0,0,0
1015,29,14:00:48,6,-0.0065590312815337,161467.0,-0.0063067608476287,-0.0065590312815337,7.402878443811625e-07,-0.0070635721493441,2.46427545825138e-05,-0.0075681130171543,9.803738385940096e-06,-0.0080726538849646,3.741878580183044e-05,-0.008577194752775,3.170775806145402e-05,-0.0060544904137235,6.189697695494669e-07,-0.0055499495459131,1.0233633523217851e-06,-0.0050454086781029,1.4195040048334445e-06,-0.0045408678102926,1.9394386112549963e-06,-0.0040363269424824,7.922813050233176e-07,1,0,0,0,0
1016,29,14:00:51,6,-0.0070635721493441,5961203.0,-0.0068113017154388,-0.0070635721493441,8.058161106507993e-07,-0.0075681130171543,9.803738385940096e-06,-0.0080726538849646,3.74270387320911e-05,-0.008577194752775,3.170775806145402e-05,-0.0090817356205852,2.1862012260487173e-05,-0.0065590312815337,8.25293026065956e-08,-0.0060544904137235,5.281875366822117e-07,-0.0055499495459131,7.757754445019985e-07,-0.0050454086781029,1.4195040048334445e-06,-0.0045408678102926,1.9394386112549963e-06,0,0,0,0,0
1017,29,14:00:54,6,-0.0065590312815337,403663.0,-0.0068113017154388,-0.0070635721493441,3.023873647505663e-07,-0.0075681130171543,9.613920989944926e-06,-0.0080726538849646,3.74270387320911e-05,-0.008577194752775,3.170775806145402e-05,-0.0090817356205852,2.1862012260487173e-05,-0.0065590312815337,4.951758156395735e-08,-0.0055499495459131,7.67522514241339e-07,-0.0050454086781029,1.4195040048334445e-06,-0.0045408678102926,2.021967913861592e-06,-0.0040363269424824,7.922813050233176e-07,0,0,0,0,0
1018,29,14:00:57,6,-0.0065590312815337,279599.0,-0.0068113017154388,-0.0070635721493441,1.1524391815985009e-06,-0.0075681130171543,9.7212090833335e-06,-0.0080726538849646,3.74270387320911e-05,-0.008577194752775,3.170775806145402e-05,-0.0090817356205852,2.1862012260487173e-05,-0.0065590312815337,9.078223286725516e-08,-0.0060544904137235,6.437285603314456e-07,-0.0055499495459131,7.67522514241339e-07,-0.0050454086781029,1.4195040048334445e-06,-0.0045408678102926,2.021967913861592e-06,0,0,0,0,0
1019,29,14:01:00,6,-0.0065590312815337,204730.0,-0.0063067608476287,-0.0065590312815337,4.951758156395735e-08,-0.0070635721493441,1.0203922974279478e-06,-0.0075681130171543,9.655185641248223e-06,-0.0080726538849646,3.74270387320911e-05,-0.008577194752775,3.170775806145402e-05,-0.0060544904137235,6.437285603314456e-07,-0.0055499495459131,1.2131807483169552e-06,-0.0050454086781029,1.4195040048334445e-06,-0.0045408678102926,2.021967913861592e-06,-0.0040363269424824,7.922813050233176e-07,0,0,0,0,0
1020,29,14:01:03,6,-0.0065590312815337,240260.0,-0.0063067608476287,-0.0065590312815337,1.1141455851890403e-06,-0.0070635721493441,8.140690409114589e-07,-0.0075681130171543,9.646932710987564e-06,-0.0080726538849646,3.75095680346977e-05,-0.008577194752775,3.170775806145402e-05,-0.0060544904137235,8.252930260659559e-07,-0.0055499495459131,1.237939539098934e-06,-0.0050454086781029,1.0976397246677211e-06,-0.0045408678102926,2.021967913861592e-06,-0.0040363269424824,7.922813050233176e-07,0,0,0,0,0
1021,29,14:01:06,6,-0.0075681130171543,4118658.0,-0.0078203834510596,-0.0080726538849646,3.205066731378443e-05,-0.008577194752775,3.1699505131193366e-05,-0.0090817356205852,2.1862012260487173e-05,-0.0095862764883956,8.541782819782643e-06,-0.0100908173562057,1.6686847281935383e-05,-0.0075681130171543,2.475879078197868e-08,-0.0070635721493441,1.6505860521319118e-06,-0.0060544904137235,2.038473774382911e-06,-0.0055499495459131,2.0632325651648896e-06,-0.0050454086781029,1.0976397246677211e-06,2,1,0,0,0
1022,29,14:01:09,6,-0.0075681130171543,86567.0,-0.0073158425832492,-0.0075681130171543,1.7248624244778478e-06,-0.0080726538849646,3.236427866368949e-05,-0.008577194752775,3.163348168910809e-05,-0.0090817356205852,2.1862012260487173e-05,-0.0095862764883956,8.541782819782643e-06,-0.0070635721493441,2.319073403245336e-06,-0.0060544904137235,3.623036384429546e-06,-0.0055499495459131,2.0632325651648896e-06,-0.0050454086781029,1.0976397246677211e-06,-0.0045408678102926,2.021967913861592e-06,1,0,0,0,0
1023,29,14:01:12,6,-0.0075681130171543,59020.0,-0.0073158425832492,-0.0075681130171543,2.4923849387191867e-06,-0.0080726538849646,3.205892024404509e-05,-0.008577194752775,3.163348168910809e-05,-0.0090817356205852,2.1886771051269152e-05,-0.0095862764883956,8.533529889521983e-06,-0.0070635721493441,2.25304996116006e-06,-0.0065590312815337,3.878877222509993e-07,-0.0060544904137235,3.6395422449508656e-06,-0.0055499495459131,2.0632325651648896e-06,-0.0050454086781029,1.0976397246677211e-06,1,0,0,0,0
1024,29,14:01:15,6,-0.0075681130171543,33449.0,-0.0073158425832492,-0.0075681130171543,2.62443182288974e-06,-0.0080726538849646,3.2141449546651684e-05,-0.008577194752775,3.14684230838949e-05,-0.0090817356205852,2.1886771051269152e-05,-0.0095862764883956,8.533529889521983e-06,-0.0070635721493441,2.170520658553464e-06,-0.0065590312815337,3.878877222509993e-07,-0.0060544904137235,3.6395422449508656e-06,-0.0055499495459131,1.6505860521319118e-06,-0.0050454086781029,1.0976397246677211e-06,0,0,0,0,0
1025,29,14:01:18,6,-0.0075681130171543,131790.0,-0.0073158425832492,-0.0075681130171543,2.2365441006387403e-06,-0.0080726538849646,3.214970247691235e-05,-0.008577194752775,3.14684230838949e-05,-0.0090817356205852,2.1886771051269152e-05,-0.0095862764883956,8.533529889521983e-06,-0.0070635721493441,2.170520658553464e-06,-0.0065590312815337,3.878877222509993e-07,-0.0060544904137235,3.6395422449508656e-06,-0.0055499495459131,1.6505860521319118e-06,-0.0050454086781029,1.147157306231679e-06,0,0,0,0,0
1026,29,14:01:21,6,-0.0075681130171543,552779.0,-0.0073158425832492,-0.0075681130171543,7.427637234593603e-07,-0.0080726538849646,3.384980611060822e-05,-0.008577194752775,3.14684230838949e-05,-0.0090817356205852,2.1886771051269152e-05,-0.0095862764883956,8.533529889521983e-06,-0.0070635721493441,1.8073917270844437e-06,-0.0065590312815337,3.878877222509993e-07,-0.0060544904137235,3.5652658726049296e-06,-0.0055499495459131,1.7166094942171885e-06,-0.0050454086781029,1.147157306231679e-06,0,0,0,0,0
1027,29,14:01:24,6,-0.0075681130171543,171171.0,-0.0073158425832492,-0.0075681130171543,1.5267920982220184e-06,-0.0080726538849646,3.411389987894932e-05,-0.008577194752775,3.132812326946368e-05,-0.0090817356205852,2.1886771051269152e-05,-0.0095862764883956,8.533529889521983e-06,-0.0070635721493441,1.460768656136742e-06,-0.0065590312815337,3.878877222509993e-07,-0.0060544904137235,3.689059826514823e-06,-0.0055499495459131,1.7166094942171885e-06,-0.0050454086781029,1.147157306231679e-06,0,0,0,0,0
1028,29,14:01:27,6,-0.0075681130171543,354081.0,-0.0073158425832492,-0.0075681130171543,2.8885255912308454e-07,-0.0080726538849646,3.394058834347547e-05,-0.008577194752775,3.132812326946368e-05,-0.0090817356205852,2.1886771051269152e-05,-0.0095862764883956,8.533529889521983e-06,-0.0070635721493441,1.3369747022268483e-06,-0.0065590312815337,2.228291170378081e-07,-0.0060544904137235,4.184235642154396e-06,-0.0055499495459131,1.7166094942171885e-06,-0.0050454086781029,1.147157306231679e-06,0,0,0,0,0
1029,29,14:01:30,6,-0.0080726538849646,1010648.0,-0.0078203834510596,-0.0080726538849646,3.075495726286088e-05,-0.008577194752775,3.1344629129985e-05,-0.0090817356205852,2.1886771051269152e-05,-0.0095862764883956,8.533529889521983e-06,-0.0100908173562057,1.6497029885940214e-05,-0.0075681130171543,1.815644657345103e-07,-0.0070635721493441,1.4525157258760824e-06,-0.0065590312815337,2.228291170378081e-07,-0.0060544904137235,4.225500293457694e-06,-0.0055499495459131,1.7166094942171885e-06,0,0,0,0,0
1030,29,14:01:33,6,-0.0075681130171543,723810.0,-0.0078203834510596,-0.0080726538849646,2.99544230275769e-05,-0.008577194752775,3.268160383221185e-05,-0.0090817356205852,2.1886771051269152e-05,-0.0095862764883956,8.533529889521983e-06,-0.0100908173562057,1.6497029885940214e-05,-0.0075681130171543,5.100310901087608e-06,-0.0070635721493441,9.078223286725516e-07,-0.0065590312815337,2.228291170378081e-07,-0.0060544904137235,4.225500293457694e-06,-0.0055499495459131,1.7166094942171885e-06,0,0,0,0,0
1031,29,14:01:36,6,-0.0080726538849646,922078.0,-0.0078203834510596,-0.0080726538849646,2.6017775293242293e-05,-0.008577194752775,3.268160383221185e-05,-0.0090817356205852,2.1820747609183878e-05,-0.0095862764883956,8.533529889521983e-06,-0.0100908173562057,1.6497029885940214e-05,-0.0075681130171543,5.0672991800449696e-06,-0.0070635721493441,9.078223286725516e-07,-0.0065590312815337,2.228291170378081e-07,-0.0060544904137235,4.225500293457694e-06,-0.0055499495459131,1.7166094942171885e-06,0,0,0,0,0
1032,29,14:01:39,6,-0.0080726538849646,19921430.0,-0.0078203834510596,-0.0080726538849646,2.1457618677714854e-07,-0.008577194752775,8.252930260659559e-09,-0.0095862764883956,6.565618668867712e-06,-0.0100908173562057,1.651353574646153e-05,-0.0105953582240161,2.246447616951532e-05,-0.0075681130171543,4.431823549974183e-06,-0.0070635721493441,1.048122143103764e-06,-0.0065590312815337,1.048122143103764e-06,-0.0060544904137235,4.225500293457694e-06,-0.0055499495459131,1.7166094942171885e-06,0,0,0,0,0
1033,29,14:01:42,6,-0.0080726538849646,318531.0,-0.0088294651866801,-0.0095862764883956,6.60688332017101e-06,-0.0100908173562057,1.8172374728854105e-05,-0.0105953582240161,2.246447616951532e-05,-0.0110998990918264,5.08958209174875e-05,-0.0116044399596367,2.9132843820128245e-06,-0.0080726538849646,4.043935827723184e-07,-0.0075681130171543,4.019177036941205e-06,-0.0070635721493441,5.281875366822117e-07,-0.0065590312815337,1.048122143103764e-06,-0.0060544904137235,3.854118431728014e-06,1,0,0,0,0
1034,29,14:01:45,6,-0.0080726538849646,21626.0,-0.008577194752775,-0.0090817356205852,4.456582340756162e-06,-0.0095862764883956,6.540859878085733e-06,-0.0100908173562057,1.8172374728854105e-05,-0.0105953582240161,2.246447616951532e-05,-0.0110998990918264,5.0846303335923546e-05,-0.0080726538849646,2.0467267046435707e-06,-0.0075681130171543,4.4895940617988e-06,-0.0070635721493441,5.281875366822117e-07,-0.0065590312815337,1.048122143103764e-06,-0.0060544904137235,3.862371361988673e-06,1,0,0,0,0
1035,29,14:01:48,6,-0.008577194752775,43238.0,-0.0083249243188697,-0.008577194752775,8.25293026065956e-08,-0.0090817356205852,4.555617503884077e-06,-0.0095862764883956,6.4088129939151805e-06,-0.0100908173562057,1.808984542624751e-05,-0.0105953582240161,2.246447616951532e-05,-0.0080726538849646,3.507495360780313e-06,-0.0075681130171543,4.811458341964523e-06,-0.0070635721493441,7.67522514241339e-07,-0.0065590312815337,1.048122143103764e-06,-0.0060544904137235,3.862371361988673e-06,0,0,0,0,0
1036,29,14:01:51,6,-0.0090817356205852,161087.0,-0.0088294651866801,-0.0090817356205852,4.101706339547801e-06,-0.0095862764883956,6.3180307610479255e-06,-0.0100908173562057,1.808984542624751e-05,-0.0105953582240161,2.246447616951532e-05,-0.0110998990918264,5.087106212670552e-05,-0.008577194752775,2.8885255912308454e-07,-0.0080726538849646,4.217247363197034e-06,-0.0075681130171543,4.539111643362757e-06,-0.0070635721493441,7.67522514241339e-07,-0.0065590312815337,1.9146798204730176e-06,0,0,0,0,0
1037,29,14:01:54,6,-0.008577194752775,133597.0,-0.0083249243188697,-0.008577194752775,3.3011721042638234e-08,-0.0090817356205852,3.911888943552631e-06,-0.0095862764883956,6.359295412351223e-06,-0.0100908173562057,1.8131110077550803e-05,-0.0105953582240161,2.246447616951532e-05,-0.0080726538849646,4.737181969618587e-06,-0.0075681130171543,4.951758156395736e-06,-0.0070635721493441,7.67522514241339e-07,-0.0065590312815337,1.9146798204730176e-06,-0.0060544904137235,3.862371361988673e-06,0,0,0,0,0
1038,29,14:01:57,6,-0.008577194752775,406567.0,-0.0088294651866801,-0.0090817356205852,2.3685909848092934e-06,-0.0095862764883956,6.384054203133202e-06,-0.0100908173562057,1.8155868868332783e-05,-0.0105953582240161,2.246447616951532e-05,-0.0110998990918264,5.090407384774816e-05,-0.008577194752775,9.573399102365088e-07,-0.0080726538849646,4.819711272225183e-06,-0.0075681130171543,4.902240574831778e-06,-0.0070635721493441,7.67522514241339e-07,-0.0065590312815337,1.9146798204730176e-06,0,0,0,0,1
1039,29,14:02:00,6,-0.008577194752775,353562.0,-0.0088294651866801,-0.0090817356205852,1.9807032625582944e-06,-0.0095862764883956,7.498199788322242e-06,-0.0100908173562057,1.823839817093938e-05,-0.0105953582240161,2.246447616951532e-05,-0.0110998990918264,5.10196148713974e-05,-0.008577194752775,1.1058926549283808e-06,-0.0080726538849646,5.24886364577948e-06,-0.0075681130171543,4.902240574831778e-06,-0.0070635721493441,7.67522514241339e-07,-0.0065590312815337,1.9146798204730176e-06,0,0,0,0,1
1040,29,14:02:03,6,-0.0090817356205852,371240.0,-0.0088294651866801,-0.0090817356205852,8.665576773692537e-07,-0.0095862764883956,7.498199788322242e-06,-0.0100908173562057,1.818888058937542e-05,-0.0105953582240161,2.2547005472121917e-05,-0.0110998990918264,5.126720277921718e-05,-0.008577194752775,1.402998144312125e-06,-0.0080726538849646,5.545969135163224e-06,-0.0075681130171543,4.8609759235284805e-06,-0.0070635721493441,7.67522514241339e-07,-0.0065590312815337,1.9146798204730176e-06,0,0,0,0,1
1041,29,14:02:06,6,-0.0090817356205852,300494.0,-0.0093340060544905,-0.0095862764883956,7.415670485715647e-06,-0.0100908173562057,1.836219212484927e-05,-0.0105953582240161,2.338880435870919e-05,-0.0110998990918264,5.087106212670552e-05,-0.0116044399596367,2.9132843820128245e-06,-0.0090817356205852,8.583047471085941e-07,-0.008577194752775,2.079738425686209e-06,-0.0080726538849646,6.53632076644237e-06,-0.0075681130171543,4.8609759235284805e-06,-0.0070635721493441,7.67522514241339e-07,1,0,1,0,1
1042,29,14:02:09,6,-0.0090817356205852,361204.0,-0.0093340060544905,-0.0095862764883956,6.177730946616713e-06,-0.0100908173562057,1.836219212484927e-05,-0.0105953582240161,2.3471333661315787e-05,-0.0110998990918264,5.1118650034525306e-05,-0.0116044399596367,2.9132843820128245e-06,-0.0090817356205852,2.170520658553464e-06,-0.008577194752775,2.401602705851932e-06,-0.0080726538849646,6.420779742793137e-06,-0.0075681130171543,4.8609759235284805e-06,-0.0070635721493441,7.67522514241339e-07,0,0,0,1,1
1043,29,14:02:12,6,-0.0090817356205852,68724.0,-0.0093340060544905,-0.0095862764883956,6.05393699270682e-06,-0.0100908173562057,1.837044505510993e-05,-0.0105953582240161,2.3471333661315787e-05,-0.0110998990918264,5.115991468582861e-05,-0.0116044399596367,2.9132843820128245e-06,-0.0090817356205852,2.525396659761825e-06,-0.008577194752775,2.4181085663732507e-06,-0.0080726538849646,6.420779742793137e-06,-0.0075681130171543,4.629893876230012e-06,-0.0070635721493441,7.67522514241339e-07,0,0,1,1,1
1044,29,14:02:15,6,-0.0095862764883956,160985.0,-0.0093340060544905,-0.0095862764883956,6.0374311321855e-06,-0.0100908173562057,1.837044505510993e-05,-0.0105953582240161,2.3471333661315787e-05,-0.0110998990918264,5.127545570947784e-05,-0.0116044399596367,2.9132843820128245e-06,-0.0090817356205852,5.083805040566288e-06,-0.008577194752775,2.4181085663732507e-06,-0.0080726538849646,6.338250440186541e-06,-0.0075681130171543,4.629893876230012e-06,-0.0070635721493441,7.67522514241339e-07,0,0,1,1,1
1045,29,14:02:18,6,-0.0095862764883956,314087.0,-0.0093340060544905,-0.0095862764883956,4.849009174650524e-06,-0.0100908173562057,1.8452974357716528e-05,-0.0105953582240161,2.3479586591576446e-05,-0.0110998990918264,5.126720277921718e-05,-0.0116044399596367,2.9132843820128245e-06,-0.0090817356205852,5.199346064215522e-06,-0.008577194752775,2.748225776799633e-06,-0.0080726538849646,6.503309045399732e-06,-0.0075681130171543,4.629893876230012e-06,-0.0070635721493441,7.67522514241339e-07,0,0,1,1,1
1046,29,14:02:21,6,-0.0090817356205852,816810.0,-0.0093340060544905,-0.0095862764883956,3.3057112159071864e-06,-0.0100908173562057,1.8452974357716528e-05,-0.0105953582240161,2.3479586591576446e-05,-0.0110998990918264,5.110214417400399e-05,-0.0116044399596367,2.9132843820128245e-06,-0.0090817356205852,3.656048105472185e-06,-0.008577194752775,2.6491906136717184e-06,-0.0080726538849646,6.503309045399732e-06,-0.0075681130171543,4.629893876230012e-06,-0.0070635721493441,7.67522514241339e-07,0,0,1,1,1
1047,29,14:02:24,6,-0.0100908173562057,1057172.0,-0.0098385469223006,-0.0100908173562057,1.844472142745587e-05,-0.0105953582240161,2.4387408920249e-05,-0.0110998990918264,5.134973208182378e-05,-0.0116044399596367,2.9132843820128245e-06,-0.0121089808274471,7.196555187295135e-06,-0.0095862764883956,5.038001277619628e-06,-0.0090817356205852,3.8046008501640566e-06,-0.008577194752775,2.6491906136717184e-06,-0.0080726538849646,6.668367650612924e-06,-0.0075681130171543,4.629893876230012e-06,1,1,1,1,2
1048,29,14:02:27,6,-0.0095862764883956,145240.0,-0.0098385469223006,-0.0100908173562057,1.835393919458861e-05,-0.0105953582240161,2.435439719920636e-05,-0.0110998990918264,5.16303317106862e-05,-0.0116044399596367,2.99581368461942e-06,-0.0121089808274471,7.221313978077114e-06,-0.0095862764883956,5.706488628733052e-06,-0.0090817356205852,4.085200479026482e-06,-0.008577194752775,6.775655744001498e-06,-0.0080726538849646,6.668367650612924e-06,-0.0075681130171543,4.629893876230012e-06,1,1,1,1,2
1049,29,14:02:30,6,-0.0095862764883956,172715.0,-0.0098385469223006,-0.0100908173562057,1.831267454328532e-05,-0.0105953582240161,2.451945580441955e-05,-0.0110998990918264,5.142400845416971e-05,-0.0116044399596367,6.140180113930712e-06,-0.0121089808274471,7.221313978077114e-06,-0.0095862764883956,5.533177093259201e-06,-0.0090817356205852,4.175982711893737e-06,-0.008577194752775,6.775655744001498e-06,-0.0080726538849646,6.131927183670053e-06,-0.0075681130171543,1.5598038192646566e-06,1,1,1,1,2
1050,29,14:02:33,6,-0.0100908173562057,2168073.0,-0.0098385469223006,-0.0100908173562057,9.655350699853438e-06,-0.0105953582240161,2.4684514409632745e-05,-0.0110998990918264,5.142400845416971e-05,-0.0116044399596367,6.140180113930712e-06,-0.0121089808274471,7.221313978077114e-06,-0.0095862764883956,5.434141930131286e-06,-0.0090817356205852,4.7124231788366085e-06,-0.008577194752775,6.709632301916221e-06,-0.0080726538849646,6.082409602106095e-06,-0.0075681130171543,1.5598038192646566e-06,1,1,1,1,1
1051,29,14:02:36,6,-0.0100908173562057,413538.0,-0.0098385469223006,-0.0100908173562057,8.246080328543212e-06,-0.0105953582240161,2.4684514409632745e-05,-0.0110998990918264,5.12011793371319e-05,-0.0116044399596367,6.140180113930712e-06,-0.0121089808274471,7.262578629380412e-06,-0.0095862764883956,6.31720546802186e-06,-0.0090817356205852,5.537716204902564e-06,-0.008577194752775,6.709632301916221e-06,-0.0080726538849646,6.082409602106095e-06,-0.0075681130171543,1.5598038192646566e-06,1,2,1,1,2
1052,29,14:02:39,6,-0.0100908173562057,706372.0,-0.0098385469223006,-0.0100908173562057,5.927006925297876e-06,-0.0105953582240161,2.4767043712239332e-05,-0.0110998990918264,5.126720277921718e-05,-0.0116044399596367,6.140180113930712e-06,-0.0121089808274471,7.188302257034476e-06,-0.0095862764883956,6.2016644443726255e-06,-0.0090817356205852,5.529463274641904e-06,-0.008577194752775,6.569332487485009e-06,-0.0080726538849646,6.082409602106095e-06,-0.0075681130171543,1.5598038192646566e-06,1,0,1,1,2
1053,29,14:02:42,6,-0.0100908173562057,172661.0,-0.0098385469223006,-0.0100908173562057,1.145647019993978e-05,-0.0105953582240161,2.484957301484593e-05,-0.0110998990918264,5.165509050146818e-05,-0.0116044399596367,6.140180113930712e-06,-0.0121089808274471,9.523881520801132e-06,-0.0095862764883956,6.573046306102306e-06,-0.0090817356205852,5.529463274641904e-06,-0.008577194752775,6.569332487485009e-06,-0.0080726538849646,5.768798252201032e-06,-0.0075681130171543,1.5598038192646566e-06,1,2,1,1,2
1054,29,14:02:45,6,-0.0100908173562057,1114453.0,-0.0098385469223006,-0.0100908173562057,7.825180885249574e-06,-0.0105953582240161,2.493210231745253e-05,-0.0110998990918264,5.1556055338340266e-05,-0.0116044399596367,6.305238719143903e-06,-0.0121089808274471,9.573399102365088e-06,-0.0095862764883956,5.805523791860967e-06,-0.0090817356205852,5.463439832556628e-06,-0.008577194752775,6.569332487485009e-06,-0.0080726538849646,5.768798252201032e-06,-0.0075681130171543,1.5598038192646566e-06,1,2,1,1,2
1055,29,14:02:48,6,-0.0100908173562057,694594.0,-0.0098385469223006,-0.0100908173562057,5.811465901648642e-06,-0.0105953582240161,2.504764334110176e-05,-0.0110998990918264,5.157256119886159e-05,-0.0116044399596367,6.305238719143903e-06,-0.0121089808274471,9.672434265493005e-06,-0.0095862764883956,5.73950034977569e-06,-0.0090817356205852,5.463439832556628e-06,-0.008577194752775,6.329997509925882e-06,-0.0080726538849646,5.768798252201032e-06,-0.0075681130171543,1.5598038192646566e-06,1,1,1,1,2
1056,29,14:02:51,6,-0.0095862764883956,1091329.0,-0.0098385469223006,-0.0100908173562057,5.060449247928622e-06,-0.0105953582240161,2.504764334110176e-05,-0.0110998990918264,5.146527310547301e-05,-0.0116044399596367,6.305238719143903e-06,-0.0121089808274471,9.746710637838938e-06,-0.0095862764883956,1.967911220654272e-06,-0.0090817356205852,3.0040666148800795e-06,-0.008577194752775,6.329997509925882e-06,-0.0080726538849646,5.768798252201032e-06,-0.0075681130171543,1.5598038192646566e-06,2,1,1,1,2
1057,29,14:02:54,6,-0.0100908173562057,496413.0,-0.0098385469223006,-0.0100908173562057,3.764739197005071e-06,-0.0105953582240161,2.562534845934793e-05,-0.0110998990918264,5.1382743802866416e-05,-0.0116044399596367,6.305238719143903e-06,-0.0121089808274471,9.746710637838938e-06,-0.0095862764883956,1.7863467549197617e-06,-0.0090817356205852,2.888525591230846e-06,-0.008577194752775,6.329997509925882e-06,-0.0080726538849646,5.768798252201032e-06,-0.0075681130171543,1.5598038192646566e-06,0,1,1,1,2
1058,29,14:02:57,6,-0.0100908173562057,2808866.0,-0.0098385469223006,-0.0100908173562057,2.451120287415889e-06,-0.0105953582240161,1.8917119155576023e-05,-0.0110998990918264,5.13662379423451e-05,-0.0116044399596367,6.305238719143903e-06,-0.0121089808274471,1.0035563196962024e-05,-0.0095862764883956,1.4644824747540388e-06,-0.0090817356205852,2.888525591230846e-06,-0.008577194752775,6.329997509925882e-06,-0.0080726538849646,5.768798252201032e-06,-0.0075681130171543,1.5598038192646566e-06,2,1,1,1,2
1059,29,14:03:00,6,-0.0100908173562057,522047.0,-0.0098385469223006,-0.0100908173562057,2.748225776799633e-06,-0.0105953582240161,1.882633692270877e-05,-0.0110998990918264,5.143226138443037e-05,-0.0116044399596367,6.305238719143903e-06,-0.0121089808274471,1.0043816127222684e-05,-0.0095862764883956,7.794892631192953e-07,-0.0090817356205852,2.7894904281029307e-06,-0.008577194752775,6.693126441394902e-06,-0.0080726538849646,5.760545321940372e-06,-0.0075681130171543,8.913164681512324e-07,2,1,1,1,2
1060,29,14:03:03,6,-0.0100908173562057,637692.0,-0.0098385469223006,-0.0100908173562057,9.820987010184877e-07,-0.0105953582240161,1.8851095713490745e-05,-0.0110998990918264,5.153954947781895e-05,-0.0116044399596367,7.130531745209859e-06,-0.0121089808274471,1.0043816127222684e-05,-0.0095862764883956,4.576249829535726e-07,-0.0090817356205852,2.7894904281029307e-06,-0.008577194752775,6.684873511134243e-06,-0.0080726538849646,5.760545321940372e-06,-0.0075681130171543,8.913164681512324e-07,1,1,1,1,2
1061,29,14:03:06,6,-0.0095862764883956,205035.0,-0.0093340060544905,-0.0095862764883956,1.613447865958944e-07,-0.0100908173562057,2.0632325651648896e-06,-0.0105953582240161,1.897488966740064e-05,-0.0110998990918264,5.161382585016488e-05,-0.0116044399596367,7.468901885896901e-06,-0.0090817356205852,2.7894904281029307e-06,-0.008577194752775,6.684873511134243e-06,-0.0080726538849646,5.760545321940372e-06,-0.0075681130171543,8.913164681512324e-07,-0.0070635721493441,9.820987010184877e-07,0,0,0,1,2
1062,29,14:03:09,6,-0.0100908173562057,1349798.0,-0.0103430877901109,-0.0105953582240161,1.6850172771793836e-05,-0.0110998990918264,5.177063152511741e-05,-0.0116044399596367,7.468901885896901e-06,-0.0121089808274471,1.0043816127222684e-05,-0.0126135216952573,8.252930260659559e-07,-0.0100908173562057,3.193884010875249e-06,-0.0090817356205852,2.4181085663732507e-06,-0.008577194752775,7.468901885896901e-06,-0.0080726538849646,5.669763089073117e-06,-0.0075681130171543,8.913164681512324e-07,2,2,1,2,2
1063,29,14:03:12,6,-0.0095862764883956,1038115.0,-0.0093340060544905,-0.0095862764883956,9.90351631279147e-08,-0.0100908173562057,6.783908674262158e-06,-0.0105953582240161,1.7700224588641768e-05,-0.0110998990918264,5.221628975919303e-05,-0.0116044399596367,7.468901885896901e-06,-0.0090817356205852,1.7826329363024648e-06,-0.008577194752775,7.468901885896901e-06,-0.0080726538849646,5.554222065423883e-06,-0.0075681130171543,8.913164681512324e-07,-0.0070635721493441,9.820987010184877e-07,0,0,1,1,2
1064,29,14:03:15,6,-0.0095862764883956,115840.0,-0.0093340060544905,-0.0095862764883956,3.2434015924392065e-06,-0.0100908173562057,7.262578629380412e-06,-0.0105953582240161,1.8335700218712555e-05,-0.0110998990918264,5.217502510788973e-05,-0.0116044399596367,7.468901885896901e-06,-0.0090817356205852,1.2296866088382744e-06,-0.008577194752775,7.477154816157561e-06,-0.0080726538849646,5.554222065423883e-06,-0.0075681130171543,8.913164681512324e-07,-0.0070635721493441,9.820987010184877e-07,0,0,1,1,2
1065,29,14:03:18,6,-0.0095862764883956,793052.0,-0.0098385469223006,-0.0100908173562057,7.567937049024815e-06,-0.0105953582240161,1.992851575901985e-05,-0.0110998990918264,5.218327803815039e-05,-0.0116044399596367,7.468901885896901e-06,-0.0121089808274471,1.0019057336440703e-05,-0.0095862764883956,1.6505860521319117e-08,-0.0090817356205852,1.3782393535301464e-06,-0.008577194752775,7.477154816157561e-06,-0.0080726538849646,5.554222065423883e-06,-0.0075681130171543,8.913164681512324e-07,1,1,1,2,2
1066,29,14:03:21,6,-0.0105953582240161,4572170.0,-0.0100908173562059,-0.0105953582240161,9.752652747626612e-06,-0.0110998990918264,5.223279561971435e-05,-0.0116044399596367,7.468901885896901e-06,-0.0121089808274471,1.0266645244260493e-05,-0.0126135216952573,8.500518168479345e-07,-0.0095862764883956,4.951758156395735e-08,-0.0090817356205852,1.3534805627481675e-06,-0.008577194752775,7.262578629380412e-06,-0.0080726538849646,5.554222065423883e-06,-0.0075681130171543,8.913164681512324e-07,1,1,1,2,2
1067,29,14:03:24,6,-0.0095862764883956,9815.0,-0.0098385469223006,-0.0100908173562057,2.9710548938374413e-07,-0.0105953582240161,9.975481864664422e-06,-0.0110998990918264,5.206773701450116e-05,-0.0116044399596367,7.468901885896901e-06,-0.0121089808274471,1.0324415756085109e-05,-0.0095862764883956,7.427637234593603e-08,-0.0090817356205852,1.3534805627481675e-06,-0.008577194752775,7.262578629380412e-06,-0.0080726538849646,5.265369506300799e-06,-0.0075681130171543,8.913164681512324e-07,1,1,1,2,2
1068,29,14:03:27,6,-0.0100908173562057,663486.0,-0.0098385469223006,-0.0100908173562057,1.3699864232694867e-06,-0.0105953582240161,1.000849358570706e-05,-0.0110998990918264,5.243086594597018e-05,-0.0116044399596367,7.468901885896901e-06,-0.0121089808274471,1.0365680407388406e-05,-0.0095862764883956,3.623036384429546e-06,-0.0090817356205852,1.3204688417055294e-06,-0.008577194752775,7.262578629380412e-06,-0.0080726538849646,5.265369506300799e-06,-0.0075681130171543,8.913164681512324e-07,1,1,1,2,2
1069,29,14:03:30,6,-0.0095862764883956,1037791.0,-0.0098385469223006,-0.0100908173562057,8.252930260659559e-07,-0.0105953582240161,8.547724929570318e-06,-0.0110998990918264,5.249688938805545e-05,-0.0116044399596367,7.567937049024815e-06,-0.0121089808274471,1.0357427477127746e-05,-0.0095862764883956,3.647795175211525e-06,-0.0090817356205852,1.4525157258760824e-06,-0.008577194752775,7.29559035042305e-06,-0.0080726538849646,4.778446620921884e-06,-0.0075681130171543,8.913164681512324e-07,1,1,1,2,2
1070,29,14:03:33,6,-0.0095862764883956,184473.0,-0.0098385469223006,-0.0100908173562057,3.0040666148800795e-06,-0.0105953582240161,8.655013022958892e-06,-0.0110998990918264,5.245562473675216e-05,-0.0116044399596367,7.567937049024815e-06,-0.0121089808274471,1.0357427477127746e-05,-0.0095862764883956,3.358942616088441e-06,-0.0090817356205852,1.535045028482678e-06,-0.008577194752775,7.29559035042305e-06,-0.0080726538849646,4.803205411703864e-06,-0.0075681130171543,8.087871655446368e-07,1,0,1,1,2
1071,29,14:03:36,6,-0.0100908173562057,166772.0,-0.0098385469223006,-0.0100908173562057,3.581771733126249e-06,-0.0105953582240161,8.70453060452285e-06,-0.0110998990918264,5.2645442132747326e-05,-0.0116044399596367,7.567937049024815e-06,-0.0121089808274471,1.0398692128431044e-05,-0.0095862764883956,4.142970990851099e-06,-0.0090817356205852,1.535045028482678e-06,-0.008577194752775,7.303843280683709e-06,-0.0080726538849646,4.720676109097267e-06,-0.0075681130171543,8.087871655446368e-07,1,0,1,2,2
1072,29,14:03:39,6,-0.0100908173562057,364975.0,-0.0098385469223006,-0.0100908173562057,2.583167171586442e-06,-0.0105953582240161,9.018141954427914e-06,-0.0110998990918264,5.272797143535392e-05,-0.0116044399596367,7.567937049024815e-06,-0.0121089808274471,1.0332668686345768e-05,-0.0095862764883956,3.821106710685376e-06,-0.0090817356205852,1.5267920982220184e-06,-0.008577194752775,7.29559035042305e-06,-0.0080726538849646,4.728929039357927e-06,-0.0075681130171543,8.087871655446368e-07,1,1,1,2,2
1073,29,14:03:42,6,-0.0100908173562057,143245.0,-0.0098385469223006,-0.0100908173562057,4.695917318315289e-06,-0.0105953582240161,9.191453489901764e-06,-0.0110998990918264,5.24886364577948e-05,-0.0116044399596367,7.567937049024815e-06,-0.0121089808274471,1.0373933337649064e-05,-0.0095862764883956,3.829359640946035e-06,-0.0090817356205852,1.5267920982220184e-06,-0.008577194752775,7.29559035042305e-06,-0.0080726538849646,4.728929039357927e-06,-0.0075681130171543,8.087871655446368e-07,1,1,1,2,2
1074,29,14:03:45,6,-0.0100908173562057,361058.0,-0.0098385469223006,-0.0100908173562057,5.686268949594436e-06,-0.0105953582240161,9.191453489901764e-06,-0.0110998990918264,5.271146557483261e-05,-0.0116044399596367,7.617454630588773e-06,-0.0121089808274471,1.0373933337649064e-05,-0.0095862764883956,3.499242430519653e-06,-0.0090817356205852,1.5267920982220184e-06,-0.008577194752775,7.29559035042305e-06,-0.0080726538849646,4.728929039357927e-06,-0.0075681130171543,8.087871655446368e-07,1,2,1,2,2
1075,29,14:03:48,6,-0.0095862764883956,826037.0,-0.0098385469223006,-0.0100908173562057,2.99581368461942e-06,-0.0105953582240161,1.0107528748834975e-05,-0.0110998990918264,5.276098315639656e-05,-0.0116044399596367,7.617454630588773e-06,-0.0121089808274471,1.0373933337649064e-05,-0.0095862764883956,3.433218988434377e-06,-0.0090817356205852,1.5267920982220184e-06,-0.008577194752775,7.29559035042305e-06,-0.0080726538849646,4.728929039357927e-06,-0.0075681130171543,8.087871655446368e-07,0,1,1,2,2
1076,29,14:03:51,6,-0.0100908173562057,757543.0,-0.0098385469223006,-0.0100908173562057,2.187026519074783e-06,-0.0105953582240161,1.0974086426204228e-05,-0.0110998990918264,5.304983571551965e-05,-0.0116044399596367,7.617454630588773e-06,-0.0121089808274471,1.0415197988952364e-05,-0.0095862764883956,1.815644657345103e-06,-0.0090817356205852,1.6010684705679544e-06,-0.008577194752775,7.29559035042305e-06,-0.0080726538849646,4.4153176894528645e-06,-0.0075681130171543,8.087871655446368e-07,0,2,1,2,2
1077,29,14:03:54,6,-0.0095862764883956,98145.0,-0.0098385469223006,-0.0100908173562057,2.7977433583635904e-06,-0.0105953582240161,1.0974086426204228e-05,-0.0110998990918264,5.319013552995086e-05,-0.0116044399596367,7.66697221215273e-06,-0.0121089808274471,1.0340921616606428e-05,-0.0095862764883956,1.444262795615423e-06,-0.0090817356205852,1.6010684705679544e-06,-0.008577194752775,7.460648955636241e-06,-0.0080726538849646,4.4153176894528645e-06,-0.0075681130171543,8.170400958052963e-07,1,2,1,2,2
1078,29,14:03:57,6,-0.0095862764883956,1089067.0,-0.0098385469223006,-0.0100908173562057,4.043935827723184e-07,-0.0105953582240161,1.0974086426204228e-05,-0.0110998990918264,5.331392948386075e-05,-0.0116044399596367,7.66697221215273e-06,-0.0121089808274471,1.0349174546867086e-05,-0.0095862764883956,5.6119925772485e-07,-0.0090817356205852,2.178773588814124e-06,-0.008577194752775,7.559684118764156e-06,-0.0080726538849646,4.4153176894528645e-06,-0.0075681130171543,8.170400958052963e-07,1,2,1,2,2
1079,29,14:04:00,6,-0.0105953582240161,276681.0,-0.0100908173562059,-0.0105953582240161,1.0866798332815654e-05,-0.0110998990918264,5.3388205856206685e-05,-0.0116044399596367,7.749501514759326e-06,-0.0121089808274471,1.0827844501985342e-05,-0.0126135216952573,1.402998144312125e-06,-0.0095862764883956,2.393349775591272e-07,-0.0090817356205852,2.178773588814124e-06,-0.008577194752775,7.642213421370751e-06,-0.0080726538849646,4.4153176894528645e-06,-0.0075681130171543,8.170400958052963e-07,2,2,1,2,2
1080,29,14:04:03,6,-0.0100908173562057,162825.0,-0.0103430877901109,-0.0105953582240161,1.0800774890730378e-05,-0.0110998990918264,5.343772343777064e-05,-0.0116044399596367,7.749501514759326e-06,-0.0121089808274471,1.0836097432246002e-05,-0.0126135216952573,1.402998144312125e-06,-0.0100908173562057,6.272226998101265e-07,-0.0095862764883956,5.034287459002331e-07,-0.0090817356205852,2.178773588814124e-06,-0.008577194752775,7.642213421370751e-06,-0.0080726538849646,4.4153176894528645e-06,2,2,2,2,2
1081,29,14:04:06,6,-0.0100908173562057,298186.0,-0.0103430877901109,-0.0105953582240161,1.0536681122389273e-05,-0.0110998990918264,5.343772343777064e-05,-0.0116044399596367,7.766007375280645e-06,-0.0121089808274471,1.0786579850682043e-05,-0.0126135216952573,1.402998144312125e-06,-0.0100908173562057,1.1554102364923383e-07,-0.0095862764883956,6.849932116347434e-07,-0.0090817356205852,2.178773588814124e-06,-0.008577194752775,7.642213421370751e-06,-0.0080726538849646,4.4153176894528645e-06,2,2,2,2,2
1082,29,14:04:09,6,-0.0100908173562057,215872.0,-0.0098385469223006,-0.0100908173562057,8.583047471085941e-07,-0.0105953582240161,1.0594451634213887e-05,-0.0110998990918264,5.361928790350516e-05,-0.0116044399596367,7.766007375280645e-06,-0.0121089808274471,1.0786579850682043e-05,-0.0095862764883956,2.558408380804464e-07,-0.0090817356205852,2.178773588814124e-06,-0.008577194752775,7.633960491110091e-06,-0.0080726538849646,4.4153176894528645e-06,-0.0075681130171543,6.684873511134243e-07,2,1,1,2,2
1083,29,14:04:12,6,-0.0095862764883956,186396.0,-0.0098385469223006,-0.0100908173562057,4.753687830139906e-06,-0.0105953582240161,1.3920382529259691e-05,-0.0110998990918264,5.353675860089856e-05,-0.0116044399596367,7.766007375280645e-06,-0.0121089808274471,1.0786579850682043e-05,-0.0095862764883956,3.713818617296802e-07,-0.0090817356205852,2.178773588814124e-06,-0.008577194752775,7.633960491110091e-06,-0.0080726538849646,4.4153176894528645e-06,-0.0075681130171543,6.684873511134243e-07,2,1,1,2,2
1084,29,14:04:15,6,-0.0095862764883956,339549.0,-0.0093340060544905,-0.0095862764883956,1.980703262558294e-07,-0.0100908173562057,6.032892020542137e-06,-0.0105953582240161,1.4456822996202565e-05,-0.0110998990918264,5.345422929829196e-05,-0.0116044399596367,7.766007375280645e-06,-0.0090817356205852,2.1375089375108257e-06,-0.008577194752775,7.633960491110091e-06,-0.0080726538849646,3.466230709477015e-06,-0.0075681130171543,6.684873511134243e-07,-0.0070635721493441,9.820987010184877e-07,1,0,1,2,2
1085,29,14:04:18,6,-0.0095862764883956,755435.0,-0.0098385469223006,-0.0100908173562057,3.722071547557461e-06,-0.0105953582240161,1.449808764750586e-05,-0.0110998990918264,5.346248222855263e-05,-0.0116044399596367,7.766007375280645e-06,-0.0121089808274471,1.0786579850682043e-05,-0.0095862764883956,2.475879078197868e-08,-0.0090817356205852,2.1375089375108257e-06,-0.008577194752775,7.757754445019985e-06,-0.0080726538849646,3.466230709477015e-06,-0.0075681130171543,6.684873511134243e-07,1,1,2,2,2
1086,29,14:04:21,6,-0.0095862764883956,528063.0,-0.0093340060544905,-0.0095862764883956,7.097520024167221e-07,-0.0100908173562057,4.374053038149566e-06,-0.0105953582240161,1.449808764750586e-05,-0.0110998990918264,5.319838846021152e-05,-0.0116044399596367,7.766007375280645e-06,-0.0090817356205852,1.9724503322976347e-06,-0.008577194752775,7.477154816157561e-06,-0.0080726538849646,3.466230709477015e-06,-0.0075681130171543,6.684873511134243e-07,-0.0070635721493441,9.820987010184877e-07,0,0,1,2,2
1087,29,14:04:24,6,-0.0095862764883956,408190.0,-0.0093340060544905,-0.0095862764883956,4.951758156395735e-08,-0.0100908173562057,3.887130152770652e-06,-0.0105953582240161,1.4539352298809158e-05,-0.0110998990918264,5.312411208786558e-05,-0.0116044399596367,7.766007375280645e-06,-0.0090817356205852,1.9724503322976347e-06,-0.008577194752775,7.477154816157561e-06,-0.0080726538849646,3.466230709477015e-06,-0.0075681130171543,6.684873511134243e-07,-0.0070635721493441,9.820987010184877e-07,0,1,1,2,2
1088,29,14:04:27,6,-0.0090817356205852,104353.0,-0.0093340060544905,-0.0095862764883956,6.478550254617754e-08,-0.0100908173562057,3.631289314690206e-06,-0.0105953582240161,1.7741489239945067e-05,-0.0110998990918264,5.328091776281811e-05,-0.0116044399596367,7.766007375280645e-06,-0.0090817356205852,1.8238975876057624e-06,-0.008577194752775,7.312096210944369e-06,-0.0080726538849646,3.466230709477015e-06,-0.0075681130171543,6.684873511134243e-07,-0.0070635721493441,9.820987010184877e-07,0,1,1,2,2
1089,29,14:04:30,6,-0.0095862764883956,78532.0,-0.0093340060544905,-0.0095862764883956,1.555677354134327e-07,-0.0100908173562057,4.217247363197034e-06,-0.0105953582240161,1.7799259751769685e-05,-0.0110998990918264,5.3858622881064285e-05,-0.0116044399596367,7.766007375280645e-06,-0.0090817356205852,1.906426890212358e-06,-0.008577194752775,7.196555187295135e-06,-0.0080726538849646,3.466230709477015e-06,-0.0075681130171543,6.684873511134243e-07,-0.0070635721493441,9.820987010184877e-07,0,1,1,2,2
1090,29,14:04:33,6,-0.0100908173562057,370906.0,-0.0098385469223006,-0.0100908173562057,3.7290865382790216e-06,-0.0105953582240161,1.7906547845158257e-05,-0.0110998990918264,5.388338167184626e-05,-0.0116044399596367,7.807272026583943e-06,-0.0121089808274471,1.0959891386155894e-05,-0.0095862764883956,1.592815540307295e-06,-0.0090817356205852,2.261302891420719e-06,-0.008577194752775,7.196555187295135e-06,-0.0080726538849646,3.573518802865589e-06,-0.0075681130171543,6.684873511134243e-07,1,2,1,2,2
1091,29,14:04:36,6,-0.0100908173562057,166792.0,-0.0098385469223006,-0.0100908173562057,3.374210537070661e-06,-0.0105953582240161,1.8013835938546833e-05,-0.0110998990918264,5.3842117020542965e-05,-0.0116044399596367,7.889801329190539e-06,-0.0121089808274471,1.0968144316416552e-05,-0.0095862764883956,2.1457618677714854e-06,-0.0090817356205852,2.302567542724017e-06,-0.008577194752775,7.196555187295135e-06,-0.0080726538849646,3.573518802865589e-06,-0.0075681130171543,6.684873511134243e-07,1,2,2,2,2
1092,29,14:04:39,6,-0.0095862764883956,215876.0,-0.0098385469223006,-0.0100908173562057,4.5048619827810205e-06,-0.0105953582240161,1.8137629892456725e-05,-0.0110998990918264,5.3957658044192194e-05,-0.0116044399596367,7.889801329190539e-06,-0.0121089808274471,1.0968144316416552e-05,-0.0095862764883956,1.9559444717763157e-06,-0.0090817356205852,2.4593732176765488e-06,-0.008577194752775,7.196555187295135e-06,-0.0080726538849646,3.573518802865589e-06,-0.0075681130171543,6.684873511134243e-07,2,2,2,2,2
1093,29,14:04:42,6,-0.0100908173562057,127579.0,-0.0098385469223006,-0.0100908173562057,4.348056307828489e-06,-0.0105953582240161,1.5125310347315988e-05,-0.0110998990918264,5.3998922695495496e-05,-0.0116044399596367,7.889801329190539e-06,-0.0121089808274471,1.1058926549283808e-05,-0.0095862764883956,1.551550889003997e-06,-0.0090817356205852,2.4593732176765488e-06,-0.008577194752775,7.196555187295135e-06,-0.0080726538849646,3.573518802865589e-06,-0.0075681130171543,7.510166537200199e-07,2,2,2,2,2
1094,29,14:04:45,6,-0.0095862764883956,92246.0,-0.0098385469223006,-0.0100908173562057,4.851485053728722e-06,-0.0105953582240161,1.524085137096522e-05,-0.0110998990918264,5.4048440277059454e-05,-0.0116044399596367,7.889801329190539e-06,-0.0121089808274471,1.1058926549283808e-05,-0.0095862764883956,2.4923849387191867e-06,-0.0090817356205852,2.4593732176765488e-06,-0.008577194752775,6.907702628172051e-06,-0.0080726538849646,3.573518802865589e-06,-0.0075681130171543,7.345107931987008e-07,2,2,2,2,2
1095,29,14:04:48,6,-0.0100908173562057,263684.0,-0.0098385469223006,-0.0100908173562057,4.295485142068087e-06,-0.0105953582240161,1.524085137096522e-05,-0.0110998990918264,5.4048440277059454e-05,-0.0116044399596367,7.889801329190539e-06,-0.0121089808274471,1.1141455851890404e-05,-0.0095862764883956,2.079738425686209e-06,-0.0090817356205852,2.4593732176765488e-06,-0.008577194752775,6.907702628172051e-06,-0.0080726538849646,3.573518802865589e-06,-0.0075681130171543,7.345107931987008e-07,2,2,2,2,2
1096,29,14:04:51,6,-0.0100908173562057,153073.0,-0.0098385469223006,-0.0100908173562057,4.6173494222338105e-06,-0.0105953582240161,1.524085137096522e-05,-0.0110998990918264,5.4048440277059454e-05,-0.0116044399596367,7.889801329190539e-06,-0.0121089808274471,1.1141455851890404e-05,-0.0095862764883956,1.7826329363024648e-06,-0.0090817356205852,2.4593732176765488e-06,-0.008577194752775,6.907702628172051e-06,-0.0080726538849646,3.573518802865589e-06,-0.0075681130171543,7.345107931987008e-07,2,2,2,2,2
1097,29,14:04:54,6,-0.0090817356205852,620345.0,-0.0093340060544905,-0.0095862764883956,7.320349141205029e-06,-0.0100908173562057,5.038248865527448e-06,-0.0105953582240161,1.5752533047126114e-05,-0.0110998990918264,5.405669320732011e-05,-0.0116044399596367,8.013595283100432e-06,-0.0090817356205852,1.9889561928189536e-06,-0.008577194752775,6.907702628172051e-06,-0.0080726538849646,3.573518802865589e-06,-0.0075681130171543,6.932461418954029e-07,-0.0070635721493441,1.163663166752998e-06,1,2,1,2,2
1098,29,14:04:57,6,-0.0095862764883956,125636.0,-0.0093340060544905,-0.0095862764883956,9.069970356464857e-06,-0.0100908173562057,5.269330912825916e-06,-0.0105953582240161,1.5719521326083475e-05,-0.0110998990918264,5.397416390471352e-05,-0.0116044399596367,8.013595283100432e-06,-0.0090817356205852,1.9559444717763157e-06,-0.008577194752775,7.270831559641071e-06,-0.0080726538849646,3.573518802865589e-06,-0.0075681130171543,6.932461418954029e-07,-0.0070635721493441,1.163663166752998e-06,1,2,1,2,2
1099,29,14:05:00,6,-0.0095862764883956,286666.0,-0.0093340060544905,-0.0095862764883956,9.14424672881079e-06,-0.0100908173562057,7.05196384912838e-06,-0.0105953582240161,1.6503549700846132e-05,-0.0110998990918264,5.416398130070868e-05,-0.0116044399596367,8.05485993440373e-06,-0.0090817356205852,1.5680567495253165e-06,-0.008577194752775,7.279084489901731e-06,-0.0080726538849646,3.573518802865589e-06,-0.0075681130171543,6.932461418954029e-07,-0.0070635721493441,1.163663166752998e-06,2,2,1,2,2
1100,29,14:05:03,6,-0.0090817356205852,467274.0,-0.0093340060544905,-0.0095862764883956,8.302447842223517e-06,-0.0100908173562057,7.101481430692337e-06,-0.0105953582240161,1.661083779423471e-05,-0.0110998990918264,5.420524595201199e-05,-0.0116044399596367,8.05485993440373e-06,-0.0090817356205852,2.112750146728847e-06,-0.008577194752775,7.279084489901731e-06,-0.0080726538849646,3.573518802865589e-06,-0.0075681130171543,6.932461418954029e-07,-0.0070635721493441,1.163663166752998e-06,2,1,2,2,2
1101,29,14:05:06,6,-0.0095862764883956,268934.0,-0.0093340060544905,-0.0095862764883956,7.625707560849433e-06,-0.0100908173562057,7.208769524080911e-06,-0.0105953582240161,1.6693367096841302e-05,-0.0110998990918264,5.432903990592188e-05,-0.0116044399596367,8.05485993440373e-06,-0.0090817356205852,2.1292560072501664e-06,-0.008577194752775,7.279084489901731e-06,-0.0080726538849646,3.573518802865589e-06,-0.0075681130171543,6.932461418954029e-07,-0.0070635721493441,1.163663166752998e-06,2,2,2,2,2
1102,29,14:05:09,6,-0.0095862764883956,524333.0,-0.0093340060544905,-0.0095862764883956,7.11402588468854e-06,-0.0100908173562057,7.406839850336741e-06,-0.0105953582240161,1.6693367096841302e-05,-0.0110998990918264,5.432903990592188e-05,-0.0116044399596367,8.03835407388241e-06,-0.0090817356205852,5.529463274641904e-07,-0.008577194752775,7.279084489901731e-06,-0.0080726538849646,3.573518802865589e-06,-0.0075681130171543,6.932461418954029e-07,-0.0070635721493441,1.163663166752998e-06,2,2,2,2,2
1103,29,14:05:12,6,-0.0090817356205852,145316.0,-0.0093340060544905,-0.0095862764883956,6.957220209736008e-06,-0.0100908173562057,7.530633804246634e-06,-0.0105953582240161,1.679240225996922e-05,-0.0110998990918264,5.441156920852848e-05,-0.0116044399596367,8.03835407388241e-06,-0.0090817356205852,1.072880933885743e-07,-0.008577194752775,7.452396025375581e-06,-0.0080726538849646,3.4909895002589936e-06,-0.0075681130171543,6.932461418954029e-07,-0.0070635721493441,1.163663166752998e-06,2,2,2,2,2
1104,29,14:05:15,6,-0.0090817356205852,484899.0,-0.0088294651866801,-0.0090817356205852,1.832150517866422e-06,-0.0095862764883956,5.587233786466521e-06,-0.0100908173562057,7.786474642327081e-06,-0.0105953582240161,1.6808908120490538e-05,-0.0110998990918264,5.466741004660892e-05,-0.008577194752775,7.452396025375581e-06,-0.0080726538849646,3.4909895002589936e-06,-0.0075681130171543,6.932461418954029e-07,-0.0070635721493441,1.163663166752998e-06,-0.0065590312815337,2.079738425686209e-06,1,1,1,2,2
1105,29,14:05:18,6,-0.0090817356205852,394764.0,-0.0088294651866801,-0.0090817356205852,3.218642801657228e-07,-0.0095862764883956,5.4304281115139895e-06,-0.0100908173562057,8.438456132919185e-06,-0.0105953582240161,1.7947812496461556e-05,-0.0110998990918264,5.781177647592021e-05,-0.008577194752775,7.452396025375581e-06,-0.0080726538849646,3.4909895002589936e-06,-0.0075681130171543,6.932461418954029e-07,-0.0070635721493441,1.163663166752998e-06,-0.0065590312815337,2.079738425686209e-06,1,1,2,2,2
1106,29,14:05:21,6,-0.008577194752775,47147.0,-0.0088294651866801,-0.0090817356205852,3.053584196444037e-07,-0.0095862764883956,5.735786531158393e-06,-0.0100908173562057,8.520985435525782e-06,-0.0105953582240161,1.7989077147764854e-05,-0.0110998990918264,5.777876475487757e-05,-0.008577194752775,7.419384304332943e-06,-0.0080726538849646,3.4909895002589936e-06,-0.0075681130171543,6.932461418954029e-07,-0.0070635721493441,1.163663166752998e-06,-0.0065590312815337,2.079738425686209e-06,1,1,2,2,2
1107,29,14:05:24,6,-0.0090817356205852,117862.0,-0.0088294651866801,-0.0090817356205852,8.335459563266155e-07,-0.0095862764883956,5.900845136371585e-06,-0.0100908173562057,8.512732505265122e-06,-0.0105953582240161,1.8228412125323986e-05,-0.0110998990918264,5.8067617314000656e-05,-0.008577194752775,7.246072768859092e-06,-0.0080726538849646,3.4909895002589936e-06,-0.0075681130171543,6.932461418954029e-07,-0.0070635721493441,1.163663166752998e-06,-0.0065590312815337,2.079738425686209e-06,1,1,2,2,2
1108,29,14:05:27,6,-0.008577194752775,98250.0,-0.0088294651866801,-0.0090817356205852,1.0728809338857429e-06,-0.0095862764883956,6.107168392888074e-06,-0.0100908173562057,8.644779389435674e-06,-0.0105953582240161,1.825317091610596e-05,-0.0110998990918264,5.802635266269736e-05,-0.008577194752775,6.833426255826115e-06,-0.0080726538849646,3.086595917486675e-06,-0.0075681130171543,6.932461418954029e-07,-0.0070635721493441,1.163663166752998e-06,-0.0065590312815337,2.079738425686209e-06,1,1,2,2,2
1109,29,14:05:30,6,-0.0090817356205852,119804.0,-0.0088294651866801,-0.0090817356205852,8.335459563266155e-07,-0.0095862764883956,6.123674253409393e-06,-0.0100908173562057,8.727308692042271e-06,-0.0105953582240161,1.825317091610596e-05,-0.0110998990918264,5.802635266269736e-05,-0.008577194752775,6.759149883480179e-06,-0.0080726538849646,3.086595917486675e-06,-0.0075681130171543,6.932461418954029e-07,-0.0070635721493441,1.163663166752998e-06,-0.0065590312815337,2.079738425686209e-06,1,1,2,2,2
1110,29,14:05:33,6,-0.0095862764883956,513687.0,-0.0090817356205852,-0.0095862764883956,6.102794339849924e-06,-0.0100908173562057,8.966643669601397e-06,-0.0105953582240161,1.8294435567409256e-05,-0.0110998990918264,5.831520522182045e-05,-0.0116044399596367,8.03835407388241e-06,-0.008577194752775,6.594091278266987e-06,-0.0080726538849646,3.2103898713965685e-06,-0.0075681130171543,6.932461418954029e-07,-0.0070635721493441,1.163663166752998e-06,-0.0065590312815337,2.079738425686209e-06,1,2,2,2,2
1111,29,14:05:36,6,-0.008577194752775,68738.0,-0.0088294651866801,-0.0090817356205852,8.252930260659559e-09,-0.0095862764883956,6.54019964366488e-06,-0.0100908173562057,8.966643669601397e-06,-0.0105953582240161,1.834395314897321e-05,-0.0110998990918264,5.83647228033844e-05,-0.008577194752775,6.54457369670303e-06,-0.0080726538849646,3.2103898713965685e-06,-0.0075681130171543,6.932461418954029e-07,-0.0070635721493441,1.163663166752998e-06,-0.0065590312815337,2.079738425686209e-06,1,2,2,2,2
1112,29,14:05:39,6,-0.0090817356205852,82507.0,-0.0088294651866801,-0.0090817356205852,7.427637234593603e-08,-0.0095862764883956,6.5319467134042215e-06,-0.0100908173562057,9.007908320904696e-06,-0.0105953582240161,1.834395314897321e-05,-0.0110998990918264,5.8331711082341766e-05,-0.008577194752775,6.5858383480063285e-06,-0.0080726538849646,3.086595917486675e-06,-0.0075681130171543,6.107168392888073e-07,-0.0070635721493441,1.163663166752998e-06,-0.0065590312815337,2.079738425686209e-06,1,2,2,2,2
1113,29,14:05:42,6,-0.0090817356205852,98193.0,-0.0088294651866801,-0.0090817356205852,2.7812374978422715e-06,-0.0095862764883956,6.54845257392554e-06,-0.0100908173562057,9.09869055377195e-06,-0.0105953582240161,1.822015919506332e-05,-0.0110998990918264,5.8331711082341766e-05,-0.008577194752775,6.486803184878413e-06,-0.0080726538849646,3.086595917486675e-06,-0.0075681130171543,6.107168392888073e-07,-0.0070635721493441,1.221433678577615e-06,-0.0065590312815337,2.079738425686209e-06,1,2,2,2,2
1114,29,14:05:45,6,-0.0090817356205852,218106.0,-0.0088294651866801,-0.0090817356205852,3.3754484766097595e-06,-0.0095862764883956,6.93634029617654e-06,-0.0100908173562057,9.172966926117886e-06,-0.0105953582240161,1.822015919506332e-05,-0.0110998990918264,5.833996401260242e-05,-0.008577194752775,5.653257228551798e-06,-0.0080726538849646,3.086595917486675e-06,-0.0075681130171543,6.107168392888073e-07,-0.0070635721493441,1.221433678577615e-06,-0.0065590312815337,2.079738425686209e-06,1,2,2,2,2
1115,29,14:05:48,6,-0.0090817356205852,752514.0,-0.0088294651866801,-0.0090817356205852,2.7894904281029307e-06,-0.0095862764883956,6.93634029617654e-06,-0.0100908173562057,9.519589997065589e-06,-0.0105953582240161,1.822015919506332e-05,-0.0110998990918264,5.839773452442704e-05,-0.008577194752775,3.160872289832611e-06,-0.0080726538849646,3.086595917486675e-06,-0.0075681130171543,6.107168392888073e-07,-0.0070635721493441,1.221433678577615e-06,-0.0065590312815337,2.079738425686209e-06,2,2,2,2,2
1116,29,14:05:51,6,-0.008577194752775,308489.0,-0.0088294651866801,-0.0090817356205852,2.8720197307095265e-06,-0.0095862764883956,9.329690071767812e-06,-0.0100908173562057,9.64338395097548e-06,-0.0105953582240161,1.822015919506332e-05,-0.0110998990918264,5.858755192042221e-05,-0.008577194752775,1.9229327507336773e-06,-0.0080726538849646,3.086595917486675e-06,-0.0075681130171543,6.107168392888073e-07,-0.0070635721493441,1.221433678577615e-06,-0.0065590312815337,2.079738425686209e-06,2,2,2,2,2
1117,29,14:05:54,6,-0.0090817356205852,296706.0,-0.0088294651866801,-0.0090817356205852,2.938043172794803e-06,-0.0095862764883956,9.395713513853087e-06,-0.0100908173562057,9.544348787847566e-06,-0.0105953582240161,1.823666505558464e-05,-0.0110998990918264,5.8793875176938696e-05,-0.008577194752775,7.510166537200199e-07,-0.0080726538849646,3.086595917486675e-06,-0.0075681130171543,6.107168392888073e-07,-0.0070635721493441,1.221433678577615e-06,-0.0065590312815337,2.079738425686209e-06,2,2,2,2,2
1118,29,14:05:57,6,-0.0090817356205852,231764.0,-0.0088294651866801,-0.0090817356205852,2.393349775591272e-06,-0.0095862764883956,9.494748676981002e-06,-0.0100908173562057,9.998259952183844e-06,-0.0105953582240161,1.82861826371486e-05,-0.0110998990918264,5.894242792163057e-05,-0.008577194752775,6.932461418954029e-07,-0.0080726538849646,3.160872289832611e-06,-0.0075681130171543,6.107168392888073e-07,-0.0070635721493441,1.221433678577615e-06,-0.0065590312815337,2.079738425686209e-06,2,2,2,2,2
1119,29,14:06:00,6,-0.008577194752775,153234.0,-0.0088294651866801,-0.0090817356205852,2.9462961030554625e-06,-0.0095862764883956,9.55251918880562e-06,-0.0100908173562057,9.998259952183844e-06,-0.0105953582240161,1.82861826371486e-05,-0.0110998990918264,5.895068085189123e-05,-0.008577194752775,3.631289314690206e-07,-0.0080726538849646,3.160872289832611e-06,-0.0075681130171543,6.107168392888073e-07,-0.0070635721493441,1.221433678577615e-06,-0.0065590312815337,2.079738425686209e-06,2,2,2,2,2
1120,29,14:06:03,6,-0.008577194752775,381244.0,-0.0083249243188697,-0.008577194752775,1.848656378387741e-06,-0.0090817356205852,2.9297902425341435e-06,-0.0095862764883956,9.494748676981002e-06,-0.0100908173562057,1.0023018742965822e-05,-0.0105953582240161,1.82861826371486e-05,-0.0080726538849646,2.880272660970186e-06,-0.0075681130171543,6.107168392888073e-07,-0.0070635721493441,1.221433678577615e-06,-0.0065590312815337,2.079738425686209e-06,-0.0060544904137235,4.258512014500333e-06,2,2,2,2,2
1121,29,14:06:06,6,-0.008577194752775,363568.0,-0.0083249243188697,-0.008577194752775,2.2943146124633574e-06,-0.0090817356205852,2.5666613110651227e-06,-0.0095862764883956,9.503001607241662e-06,-0.0100908173562057,8.743814552563589e-06,-0.0105953582240161,1.8310941427930576e-05,-0.0080726538849646,2.525396659761825e-06,-0.0075681130171543,5.777051182461691e-07,-0.0070635721493441,1.221433678577615e-06,-0.0065590312815337,2.079738425686209e-06,-0.0060544904137235,4.258512014500333e-06,2,2,2,2,2
1122,29,14:06:09,6,-0.008577194752775,336174.0,-0.0083249243188697,-0.008577194752775,3.103101778007994e-06,-0.0090817356205852,2.6326847531503995e-06,-0.0095862764883956,9.503001607241662e-06,-0.0100908173562057,8.826343855170186e-06,-0.0105953582240161,1.562873909321622e-05,-0.0080726538849646,1.2792041904022315e-06,-0.0075681130171543,5.777051182461691e-07,-0.0070635721493441,1.221433678577615e-06,-0.0065590312815337,2.079738425686209e-06,-0.0060544904137235,4.258512014500333e-06,2,2,2,2,2
1123,29,14:06:12,6,-0.008577194752775,131703.0,-0.0083249243188697,-0.008577194752775,5.075552110305628e-06,-0.0090817356205852,3.424966058173717e-06,-0.0095862764883956,9.668060212454854e-06,-0.0100908173562057,9.007908320904696e-06,-0.0105953582240161,1.5603980302434242e-05,-0.0080726538849646,8.830635378905728e-07,-0.0075681130171543,7.345107931987008e-07,-0.0070635721493441,1.221433678577615e-06,-0.0065590312815337,2.079738425686209e-06,-0.0060544904137235,4.258512014500333e-06,2,2,2,2,2
1124,29,14:06:15,6,-0.008577194752775,137605.0,-0.0083249243188697,-0.008577194752775,5.545969135163224e-06,-0.0090817356205852,3.391954337131079e-06,-0.0095862764883956,9.668060212454854e-06,-0.0100908173562057,9.007908320904696e-06,-0.0105953582240161,1.5603980302434242e-05,-0.0080726538849646,4.456582340756162e-07,-0.0075681130171543,7.345107931987008e-07,-0.0070635721493441,1.221433678577615e-06,-0.0065590312815337,2.079738425686209e-06,-0.0060544904137235,4.258512014500333e-06,2,2,2,2,2
1125,29,14:06:18,6,-0.008577194752775,235972.0,-0.0078203834510596,-0.0080726538849646,6.437285603314456e-07,-0.008577194752775,6.008133229760159e-06,-0.0090817356205852,3.55701294234427e-06,-0.0095862764883956,9.651554351933536e-06,-0.0100908173562057,9.032667111686677e-06,-0.0075681130171543,2.640937683411059e-07,-0.0070635721493441,1.221433678577615e-06,-0.0065590312815337,2.079738425686209e-06,-0.0060544904137235,4.258512014500333e-06,-0.0055499495459131,8.087871655446368e-07,2,2,2,2,2
1126,29,14:06:21,6,-0.0080726538849646,194754.0,-0.0075681130171543,-0.0080726538849646,1.402998144312125e-06,-0.008577194752775,6.098915462627414e-06,-0.0090817356205852,3.6065305239082272e-06,-0.0095862764883956,1.4198918925556952e-05,-0.0100908173562057,8.991402460383376e-06,-0.0070635721493441,8.583047471085941e-07,-0.0065590312815337,2.079738425686209e-06,-0.0060544904137235,4.258512014500333e-06,-0.0055499495459131,8.087871655446368e-07,-0.0050454086781029,1.592815540307295e-06,2,2,2,2,2
1127,29,14:06:24,6,-0.0080726538849646,88471.0,-0.0078203834510596,-0.0080726538849646,2.690455264975016e-06,-0.008577194752775,6.462044394096435e-06,-0.0090817356205852,4.109959269808461e-06,-0.0095862764883956,1.4256689437381568e-05,-0.0100908173562057,8.991402460383376e-06,-0.0075681130171543,1.6175743310892736e-06,-0.0070635721493441,8.583047471085941e-07,-0.0065590312815337,2.079738425686209e-06,-0.0060544904137235,4.258512014500333e-06,-0.0055499495459131,8.087871655446368e-07,2,2,2,2,2
1128,29,14:06:27,6,-0.0080726538849646,0.0,-0.0078203834510596,-0.0080726538849646,4.7454348998792464e-06,-0.008577194752775,4.134718060590439e-06,-0.0090817356205852,4.242006153979013e-06,-0.0095862764883956,1.4174160134774973e-05,-0.0100908173562057,8.991402460383376e-06,-0.0075681130171543,1.6175743310892736e-06,-0.0070635721493441,8.583047471085941e-07,-0.0065590312815337,2.079738425686209e-06,-0.0060544904137235,4.258512014500333e-06,-0.0055499495459131,8.087871655446368e-07,2,2,2,2,2
1129,29,14:06:30,6,-0.0075681130171543,173082.0,-0.0078203834510596,-0.0080726538849646,5.133322622130245e-06,-0.008577194752775,4.258512014500333e-06,-0.0090817356205852,5.0672991800449696e-06,-0.0095862764883956,1.4174160134774973e-05,-0.0100908173562057,8.991402460383376e-06,-0.0075681130171543,1.196674887795636e-06,-0.0070635721493441,8.748106076299132e-07,-0.0065590312815337,2.079738425686209e-06,-0.0060544904137235,4.258512014500333e-06,-0.0055499495459131,8.087871655446368e-07,2,2,2,2,2
1130,29,14:06:33,6,-0.0070635721493441,564601.0,-0.0068113017154388,-0.0070635721493441,1.6753448429138904e-06,-0.0075681130171543,8.25293026065956e-08,-0.0080726538849646,4.877481784049799e-06,-0.008577194752775,4.30802959606429e-06,-0.0090817356205852,5.290128297082777e-06,-0.0065590312815337,2.079738425686209e-06,-0.0060544904137235,4.30802959606429e-06,-0.0055499495459131,8.087871655446368e-07,-0.0050454086781029,1.625827261349933e-06,-0.0045408678102926,2.0549796349042304e-06,1,1,2,2,2
1131,29,14:06:36,6,-0.0070635721493441,104308.0,-0.0068113017154388,-0.0070635721493441,3.2103898713965685e-06,-0.0075681130171543,2.8885255912308454e-07,-0.0080726538849646,2.8390080096668885e-06,-0.008577194752775,4.30802959606429e-06,-0.0090817356205852,5.298381227343437e-06,-0.0065590312815337,2.0467267046435707e-06,-0.0060544904137235,4.30802959606429e-06,-0.0055499495459131,8.087871655446368e-07,-0.0050454086781029,1.625827261349933e-06,-0.0045408678102926,2.030220844122252e-06,1,1,2,2,2
1132,29,14:06:39,6,-0.0070635721493441,23618.0,-0.0068113017154388,-0.0070635721493441,3.573518802865589e-06,-0.0075681130171543,1.5267920982220184e-06,-0.0080726538849646,2.9297902425341435e-06,-0.008577194752775,3.92839480407395e-06,-0.0090817356205852,5.083805040566288e-06,-0.0065590312815337,2.030220844122252e-06,-0.0060544904137235,4.30802959606429e-06,-0.0055499495459131,7.757754445019985e-07,-0.0050454086781029,1.625827261349933e-06,-0.0045408678102926,2.030220844122252e-06,1,2,2,2,2
1133,29,14:06:42,6,-0.0070635721493441,218483.0,-0.0068113017154388,-0.0070635721493441,3.028825405662058e-06,-0.0075681130171543,2.335579263766655e-06,-0.0080726538849646,2.8720197307095265e-06,-0.008577194752775,3.92839480407395e-06,-0.0090817356205852,5.083805040566288e-06,-0.0065590312815337,1.741368284999167e-06,-0.0060544904137235,4.30802959606429e-06,-0.0055499495459131,7.757754445019985e-07,-0.0050454086781029,1.625827261349933e-06,-0.0045408678102926,2.030220844122252e-06,1,2,2,2,2
1134,29,14:06:45,6,-0.0065590312815337,108292.0,-0.0068113017154388,-0.0070635721493441,5.042540389262991e-06,-0.0075681130171543,2.971054893837441e-06,-0.0080726538849646,2.971054893837441e-06,-0.008577194752775,4.068694618505162e-06,-0.0090817356205852,5.083805040566288e-06,-0.0065590312815337,1.3204688417055294e-06,-0.0060544904137235,4.30802959606429e-06,-0.0055499495459131,7.757754445019985e-07,-0.0050454086781029,1.625827261349933e-06,-0.0045408678102926,2.030220844122252e-06,1,2,2,2,2
1135,29,14:06:48,6,-0.0065590312815337,35428.0,-0.0068113017154388,-0.0070635721493441,4.984769877438373e-06,-0.0075681130171543,5.999880299499499e-06,-0.0080726538849646,3.070090056965356e-06,-0.008577194752775,6.272226998101265e-06,-0.0090817356205852,5.100310901087608e-06,-0.0065590312815337,1.6918507034352096e-06,-0.0060544904137235,4.522605782841438e-06,-0.0055499495459131,7.757754445019985e-07,-0.0050454086781029,1.625827261349933e-06,-0.0045408678102926,2.030220844122252e-06,1,2,2,2,2
1136,29,14:06:51,6,-0.0070635721493441,23623.0,-0.0068113017154388,-0.0070635721493441,5.026034528741671e-06,-0.0075681130171543,5.999880299499499e-06,-0.0080726538849646,3.1526193595719515e-06,-0.008577194752775,5.843074624546968e-06,-0.0090817356205852,5.108563831348267e-06,-0.0065590312815337,1.667091912653231e-06,-0.0060544904137235,4.085200479026482e-06,-0.0055499495459131,7.757754445019985e-07,-0.0050454086781029,1.625827261349933e-06,-0.0045408678102926,2.030220844122252e-06,1,2,2,2,2
1137,29,14:06:54,6,-0.0065590312815337,129938.0,-0.0068113017154388,-0.0070635721493441,4.811458341964523e-06,-0.0075681130171543,6.247468207319286e-06,-0.0080726538849646,3.0618371267046965e-06,-0.008577194752775,5.851327554807627e-06,-0.0090817356205852,5.083805040566288e-06,-0.0065590312815337,1.345227632487508e-06,-0.0060544904137235,4.085200479026482e-06,-0.0055499495459131,8.170400958052963e-07,-0.0050454086781029,1.625827261349933e-06,-0.0045408678102926,2.030220844122252e-06,2,2,2,2,2
1138,29,14:06:57,6,-0.0070635721493441,273562.0,-0.0068113017154388,-0.0070635721493441,4.175982711893737e-06,-0.0075681130171543,6.098915462627414e-06,-0.0080726538849646,3.127860568789973e-06,-0.008577194752775,5.843074624546968e-06,-0.0090817356205852,5.083805040566288e-06,-0.0065590312815337,1.6175743310892736e-06,-0.0060544904137235,3.6808068962541633e-06,-0.0055499495459131,8.170400958052963e-07,-0.0050454086781029,1.7083565639565288e-06,-0.0045408678102926,2.0549796349042304e-06,2,2,2,2,2
1139,29,14:07:00,6,-0.0070635721493441,206715.0,-0.0068113017154388,-0.0070635721493441,4.010924106680546e-06,-0.0075681130171543,6.098915462627414e-06,-0.0080726538849646,3.235148662178547e-06,-0.008577194752775,5.595486716727181e-06,-0.0090817356205852,5.083805040566288e-06,-0.0065590312815337,1.2461924693595934e-06,-0.0060544904137235,3.7303244778181206e-06,-0.0055499495459131,8.170400958052963e-07,-0.0050454086781029,1.7083565639565288e-06,-0.0045408678102926,2.0549796349042304e-06,2,2,2,2,2
1140,29,14:07:03,6,-0.0070635721493441,476415.0,-0.0065590312815339,-0.0070635721493441,3.4167131279130576e-06,-0.0075681130171543,6.098915462627414e-06,-0.0080726538849646,3.1526193595719515e-06,-0.008577194752775,5.678016019333777e-06,-0.0090817356205852,5.05904624978431e-06,-0.0060544904137235,3.7303244778181206e-06,-0.0055499495459131,8.170400958052963e-07,-0.0050454086781029,1.7166094942171885e-06,-0.0045408678102926,2.0549796349042304e-06,-0.0040363269424824,2.9710548938374413e-07,1,2,1,2,2
1141,29,14:07:06,6,-0.0070635721493441,112253.0,-0.0065590312815339,-0.0070635721493441,3.424966058173717e-06,-0.0075681130171543,6.098915462627414e-06,-0.0080726538849646,3.1526193595719515e-06,-0.008577194752775,5.686268949594436e-06,-0.0090817356205852,5.05904624978431e-06,-0.0060544904137235,3.55701294234427e-06,-0.0055499495459131,8.170400958052963e-07,-0.0050454086781029,1.7166094942171885e-06,-0.0045408678102926,2.0549796349042304e-06,-0.0040363269424824,2.9710548938374413e-07,1,2,1,2,2
1142,29,14:07:09,6,-0.0065590312815337,64999.0,-0.0063067608476287,-0.0065590312815337,3.2103898713965685e-06,-0.0070635721493441,3.5157482910409723e-06,-0.0075681130171543,5.191093133954863e-06,-0.0080726538849646,3.1526193595719515e-06,-0.008577194752775,5.851327554807627e-06,-0.0060544904137235,3.829359640946035e-06,-0.0055499495459131,8.170400958052963e-07,-0.0050454086781029,1.7166094942171885e-06,-0.0045408678102926,2.0549796349042304e-06,-0.0040363269424824,2.9710548938374413e-07,2,2,1,2,2
1143,29,14:07:12,6,-0.0065590312815337,53180.0,-0.0063067608476287,-0.0065590312815337,3.6065305239082272e-06,-0.0070635721493441,3.1526193595719515e-06,-0.0075681130171543,4.365800107888907e-06,-0.0080726538849646,3.160872289832611e-06,-0.008577194752775,5.760545321940372e-06,-0.0060544904137235,3.697312756775482e-06,-0.0055499495459131,8.170400958052963e-07,-0.0050454086781029,1.7166094942171885e-06,-0.0045408678102926,2.0549796349042304e-06,-0.0040363269424824,2.9710548938374413e-07,2,2,1,2,2
1144,29,14:07:15,6,-0.0060544904137235,94520.0,-0.0063067608476287,-0.0065590312815337,3.251654522699866e-06,-0.0070635721493441,3.1526193595719515e-06,-0.0075681130171543,6.016386160020819e-06,-0.0080726538849646,3.0948488477473345e-06,-0.008577194752775,6.313491649404563e-06,-0.0060544904137235,3.672553965993504e-06,-0.0055499495459131,8.170400958052963e-07,-0.0050454086781029,1.7166094942171885e-06,-0.0045408678102926,2.0549796349042304e-06,-0.0040363269424824,2.9710548938374413e-07,2,2,1,2,2
1145,29,14:07:18,6,-0.0060544904137235,388079.0,-0.0063067608476287,-0.0065590312815337,5.62024550750916e-06,-0.0070635721493441,2.7977433583635904e-06,-0.0075681130171543,5.975121508717521e-06,-0.0080726538849646,3.0948488477473345e-06,-0.008577194752775,6.313491649404563e-06,-0.0060544904137235,2.764731637320952e-06,-0.0055499495459131,7.922813050233176e-07,-0.0050454086781029,1.7166094942171885e-06,-0.0045408678102926,2.0549796349042304e-06,-0.0040363269424824,2.9710548938374413e-07,2,2,2,2,2
1146,29,14:07:21,6,-0.0060544904137235,120151.0,-0.0063067608476287,-0.0065590312815337,5.380910529950032e-06,-0.0070635721493441,2.814249218884909e-06,-0.0075681130171543,5.975121508717521e-06,-0.0080726538849646,3.111354708268654e-06,-0.008577194752775,6.024639090281478e-06,-0.0060544904137235,2.43461442689457e-06,-0.0055499495459131,7.922813050233176e-07,-0.0050454086781029,1.7166094942171885e-06,-0.0045408678102926,2.0549796349042304e-06,-0.0040363269424824,2.9710548938374413e-07,2,2,2,2,2
1147,29,14:07:24,6,-0.0060544904137235,600850.0,-0.0058022199798184,-0.0060544904137235,6.18144476523401e-06,-0.0065590312815337,6.032892020542137e-06,-0.0070635721493441,2.814249218884909e-06,-0.0075681130171543,5.975121508717521e-06,-0.0080726538849646,3.103101778007994e-06,-0.0055499495459131,9.078223286725516e-07,-0.0050454086781029,1.7331153547385077e-06,-0.0045408678102926,2.0549796349042304e-06,-0.0040363269424824,2.9710548938374413e-07,-0.003531786074672,4.4895940617988e-06,1,1,1,2,2
1148,29,14:07:27,6,-0.0060544904137235,248287.0,-0.0058022199798184,-0.0060544904137235,1.01428512903506e-05,-0.0065590312815337,5.422175181253331e-06,-0.0070635721493441,2.822502149145569e-06,-0.0075681130171543,5.975121508717521e-06,-0.0080726538849646,3.3837014068704192e-06,-0.0055499495459131,3.5487600120836106e-07,-0.0050454086781029,1.7331153547385077e-06,-0.0045408678102926,2.0549796349042304e-06,-0.0040363269424824,2.9710548938374413e-07,-0.003531786074672,4.4895940617988e-06,1,1,1,2,2
1149,29,14:07:30,6,-0.0055499495459131,61092.0,-0.0058022199798184,-0.0060544904137235,1.0365680407388406e-05,-0.0065590312815337,5.422175181253331e-06,-0.0070635721493441,2.9462961030554625e-06,-0.0075681130171543,5.975121508717521e-06,-0.0080726538849646,3.3837014068704192e-06,-0.0055499495459131,9.3258111945453e-07,-0.0050454086781029,1.7331153547385077e-06,-0.0045408678102926,2.0549796349042304e-06,-0.0040363269424824,2.9710548938374413e-07,-0.003531786074672,4.4895940617988e-06,1,1,1,2,2
1150,29,14:07:33,6,-0.0055499495459131,139897.0,-0.0058022199798184,-0.0060544904137235,1.0184115941653896e-05,-0.0065590312815337,5.339645878646735e-06,-0.0070635721493441,3.74683033833944e-06,-0.0075681130171543,5.966868578456861e-06,-0.0080726538849646,3.3837014068704192e-06,-0.0055499495459131,9.078223286725516e-07,-0.0050454086781029,2.682202334714357e-06,-0.0045408678102926,2.0549796349042304e-06,-0.0040363269424824,2.9710548938374413e-07,-0.003531786074672,4.4895940617988e-06,1,1,1,2,2
1151,29,14:07:36,6,-0.0060544904137235,177384.0,-0.0058022199798184,-0.0060544904137235,1.029965696530313e-05,-0.0065590312815337,5.339645878646735e-06,-0.0070635721493441,3.74683033833944e-06,-0.0075681130171543,5.966868578456861e-06,-0.0080726538849646,3.3837014068704192e-06,-0.0055499495459131,2.1952794493354427e-06,-0.0050454086781029,2.682202334714357e-06,-0.0045408678102926,2.0549796349042304e-06,-0.0040363269424824,6.107168392888073e-07,-0.003531786074672,4.4895940617988e-06,1,1,1,2,2
1152,29,14:07:39,6,-0.0055499495459131,153720.0,-0.0058022199798184,-0.0060544904137235,1.007682784826532e-05,-0.0065590312815337,5.339645878646735e-06,-0.0070635721493441,3.73857740807878e-06,-0.0075681130171543,5.966868578456861e-06,-0.0080726538849646,3.400207267391738e-06,-0.0055499495459131,1.9724503322976347e-06,-0.0050454086781029,2.682202334714357e-06,-0.0045408678102926,2.0549796349042304e-06,-0.0040363269424824,6.107168392888073e-07,-0.003531786074672,4.4895940617988e-06,1,1,1,2,2
1153,29,14:07:42,6,-0.0055499495459131,208902.0,-0.0058022199798184,-0.0060544904137235,1.1389043759710193e-05,-0.0065590312815337,5.166334343172884e-06,-0.0070635721493441,3.73857740807878e-06,-0.0075681130171543,5.966868578456861e-06,-0.0080726538849646,3.400207267391738e-06,-0.0055499495459131,1.3039629811842104e-06,-0.0050454086781029,3.0948488477473345e-06,-0.0045408678102926,2.0549796349042304e-06,-0.0040363269424824,6.107168392888073e-07,-0.003531786074672,4.4895940617988e-06,1,1,1,2,2
1154,29,14:07:45,6,-0.0060544904137235,161595.0,-0.0058022199798184,-0.0060544904137235,1.1190973433454362e-05,-0.0065590312815337,5.166334343172884e-06,-0.0070635721493441,3.796347919903397e-06,-0.0075681130171543,5.554222065423883e-06,-0.0080726538849646,3.400207267391738e-06,-0.0055499495459131,8.500518168479345e-07,-0.0050454086781029,3.0948488477473345e-06,-0.0045408678102926,2.0549796349042304e-06,-0.0040363269424824,6.107168392888073e-07,-0.003531786074672,4.4895940617988e-06,1,1,1,2,2
1155,29,14:07:48,6,-0.0055499495459131,15768.0,-0.0058022199798184,-0.0060544904137235,1.1364284968928212e-05,-0.0065590312815337,5.075552110305628e-06,-0.0070635721493441,3.779842059382078e-06,-0.0075681130171543,5.554222065423883e-06,-0.0080726538849646,3.482736569998334e-06,-0.0055499495459131,8.665576773692537e-07,-0.0050454086781029,3.053584196444037e-06,-0.0045408678102926,2.0549796349042304e-06,-0.0040363269424824,6.107168392888073e-07,-0.003531786074672,4.4895940617988e-06,1,2,1,2,2
1156,29,14:07:51,6,-0.0055499495459131,319279.0,-0.0058022199798184,-0.0060544904137235,1.1356032038667554e-05,-0.0065590312815337,5.075552110305628e-06,-0.0070635721493441,3.779842059382078e-06,-0.0075681130171543,5.554222065423883e-06,-0.0080726538849646,3.507495360780313e-06,-0.0055499495459131,7.427637234593603e-07,-0.0050454086781029,3.053584196444037e-06,-0.0045408678102926,2.0549796349042304e-06,-0.0040363269424824,6.272226998101265e-07,-0.003531786074672,4.49784699205946e-06,1,2,2,2,2
1157,29,14:07:54,6,-0.0060544904137235,90653.0,-0.0058022199798184,-0.0060544904137235,1.3955705070775316e-05,-0.0065590312815337,9.862251661488172e-06,-0.0070635721493441,3.763336198860759e-06,-0.0075681130171543,5.554222065423883e-06,-0.0080726538849646,3.507495360780313e-06,-0.0055499495459131,4.704170248575949e-07,-0.0050454086781029,3.053584196444037e-06,-0.0045408678102926,2.0549796349042304e-06,-0.0040363269424824,6.272226998101265e-07,-0.003531786074672,4.49784699205946e-06,1,2,2,2,2
1158,29,14:07:57,6,-0.0060544904137235,1097497.0,-0.0058022199798184,-0.0060544904137235,1.1290008596582276e-05,-0.0065590312815337,9.862251661488172e-06,-0.0070635721493441,3.763336198860759e-06,-0.0075681130171543,5.554222065423883e-06,-0.0080726538849646,3.507495360780313e-06,-0.0055499495459131,6.610597138788307e-06,-0.0050454086781029,3.127860568789973e-06,-0.0045408678102926,2.079738425686209e-06,-0.0040363269424824,6.272226998101265e-07,-0.003531786074672,4.49784699205946e-06,1,2,2,2,2
1159,29,14:08:00,6,-0.0060544904137235,537983.0,-0.0058022199798184,-0.0060544904137235,1.047296850077698e-05,-0.0065590312815337,9.862251661488172e-06,-0.0070635721493441,3.763336198860759e-06,-0.0075681130171543,5.554222065423883e-06,-0.0080726538849646,3.507495360780313e-06,-0.0055499495459131,5.265369506300799e-06,-0.0050454086781029,3.251654522699866e-06,-0.0045408678102926,2.079738425686209e-06,-0.0040363269424824,6.932461418954029e-07,-0.003531786074672,4.49784699205946e-06,1,2,2,2,2
1160,29,14:08:03,6,-0.0060544904137235,244349.0,-0.0058022199798184,-0.0060544904137235,1.0060321987744002e-05,-0.0065590312815337,7.345107931987007e-06,-0.0070635721493441,3.763336198860759e-06,-0.0075681130171543,5.554222065423883e-06,-0.0080726538849646,3.507495360780313e-06,-0.0055499495459131,4.720676109097267e-06,-0.0050454086781029,3.251654522699866e-06,-0.0045408678102926,2.079738425686209e-06,-0.0040363269424824,6.932461418954029e-07,-0.003531786074672,4.49784699205946e-06,2,2,2,2,2
1161,29,14:08:06,6,-0.0055499495459131,84737.0,-0.0058022199798184,-0.0060544904137235,9.986045615398066e-06,-0.0065590312815337,7.782513235801964e-06,-0.0070635721493441,3.7880949896427376e-06,-0.0075681130171543,5.554222065423883e-06,-0.0080726538849646,3.507495360780313e-06,-0.0055499495459131,4.753687830139906e-06,-0.0050454086781029,3.251654522699866e-06,-0.0045408678102926,2.079738425686209e-06,-0.0040363269424824,6.932461418954029e-07,-0.003531786074672,4.49784699205946e-06,2,2,2,2,2
1162,29,14:08:09,6,-0.0060544904137235,258194.0,-0.0058022199798184,-0.0060544904137235,1.0184115941653896e-05,-0.0065590312815337,7.782513235801964e-06,-0.0070635721493441,3.7880949896427376e-06,-0.0075681130171543,5.554222065423883e-06,-0.0080726538849646,3.507495360780313e-06,-0.0055499495459131,3.796347919903397e-06,-0.0050454086781029,3.251654522699866e-06,-0.0045408678102926,1.9972091230796133e-06,-0.0040363269424824,6.932461418954029e-07,-0.003531786074672,4.49784699205946e-06,2,2,2,2,2
1163,29,14:08:12,6,-0.0060544904137235,711511.0,-0.0058022199798184,-0.0060544904137235,1.0687544687554129e-05,-0.0065590312815337,7.782513235801964e-06,-0.0070635721493441,3.7880949896427376e-06,-0.0075681130171543,5.554222065423883e-06,-0.0080726538849646,3.507495360780313e-06,-0.0055499495459131,1.1884219575349763e-06,-0.0050454086781029,3.4167131279130576e-06,-0.0045408678102926,1.9972091230796133e-06,-0.0040363269424824,6.932461418954029e-07,-0.003531786074672,4.514352852580779e-06,2,2,2,2,1
1164,29,14:08:15,6,-0.0055499495459131,277911.0,-0.0058022199798184,-0.0060544904137235,1.0605015384947532e-05,-0.0065590312815337,7.782513235801964e-06,-0.0070635721493441,3.7880949896427376e-06,-0.0075681130171543,5.339645878646735e-06,-0.0080726538849646,3.507495360780313e-06,-0.0055499495459131,8.25293026065956e-08,-0.0050454086781029,3.466230709477015e-06,-0.0045408678102926,1.9972091230796133e-06,-0.0040363269424824,6.932461418954029e-07,-0.003531786074672,4.514352852580779e-06,2,2,2,2,1
1165,29,14:08:18,6,-0.0055499495459131,59129.0,-0.005297679112008,-0.0055499495459131,1.0316162825824448e-06,-0.0060544904137235,1.1710908039875914e-05,-0.0065590312815337,7.782513235801964e-06,-0.0070635721493441,3.7880949896427376e-06,-0.0075681130171543,5.339645878646735e-06,-0.0050454086781029,3.466230709477015e-06,-0.0045408678102926,1.9972091230796133e-06,-0.0040363269424824,6.932461418954029e-07,-0.003531786074672,4.514352852580779e-06,-0.0030272452068617,2.030220844122252e-06,1,1,2,2,1
1166,29,14:08:21,6,-0.0055499495459131,445526.0,-0.005297679112008,-0.0055499495459131,4.951758156395736e-07,-0.0060544904137235,1.15706082254447e-05,-0.0065590312815337,7.534925327982178e-06,-0.0070635721493441,3.7880949896427376e-06,-0.0075681130171543,5.339645878646735e-06,-0.0050454086781029,2.80599628862425e-06,-0.0045408678102926,1.9972091230796133e-06,-0.0040363269424824,6.107168392888073e-07,-0.003531786074672,4.514352852580779e-06,-0.0030272452068617,2.030220844122252e-06,1,2,2,2,1
1167,29,14:08:24,6,-0.0050454086781029,100572.0,-0.005297679112008,-0.0055499495459131,2.079738425686209e-06,-0.0060544904137235,1.1554102364923383e-05,-0.0065590312815337,7.600948770067453e-06,-0.0070635721493441,3.7880949896427376e-06,-0.0075681130171543,5.339645878646735e-06,-0.0050454086781029,2.3850968453306123e-06,-0.0045408678102926,1.9972091230796133e-06,-0.0040363269424824,6.107168392888073e-07,-0.003531786074672,4.514352852580779e-06,-0.0030272452068617,2.030220844122252e-06,1,2,2,2,1
1168,29,14:08:27,6,-0.0055499495459131,143883.0,-0.005297679112008,-0.0055499495459131,1.5020333074400395e-06,-0.0060544904137235,8.186906818574283e-06,-0.0065590312815337,7.600948770067453e-06,-0.0070635721493441,3.7880949896427376e-06,-0.0075681130171543,5.339645878646735e-06,-0.0050454086781029,2.393349775591272e-06,-0.0045408678102926,1.9972091230796133e-06,-0.0040363269424824,6.107168392888073e-07,-0.003531786074672,4.514352852580779e-06,-0.0030272452068617,2.030220844122252e-06,1,2,2,2,1
1169,29,14:08:30,6,-0.0055499495459131,35488.0,-0.005297679112008,-0.0055499495459131,4.654652667011992e-06,-0.0060544904137235,8.186906818574283e-06,-0.0065590312815337,7.609201700328113e-06,-0.0070635721493441,3.7880949896427376e-06,-0.0075681130171543,5.339645878646735e-06,-0.0050454086781029,2.3108204729846763e-06,-0.0045408678102926,1.9972091230796133e-06,-0.0040363269424824,6.519814905921052e-07,-0.003531786074672,4.514352852580779e-06,-0.0030272452068617,2.030220844122252e-06,1,2,2,2,1
1170,29,14:08:33,6,-0.0050454086781029,331239.0,-0.005297679112008,-0.0055499495459131,4.291523735542971e-06,-0.0060544904137235,8.22817146987758e-06,-0.0065590312815337,7.609201700328113e-06,-0.0070635721493441,3.7880949896427376e-06,-0.0075681130171543,5.339645878646735e-06,-0.0050454086781029,1.4690215863974016e-06,-0.0045408678102926,2.1210030769895067e-06,-0.0040363269424824,6.519814905921052e-07,-0.003531786074672,4.514352852580779e-06,-0.0030272452068617,2.030220844122252e-06,1,2,2,2,1
1171,29,14:08:36,6,-0.0050454086781029,345083.0,-0.005297679112008,-0.0055499495459131,4.629893876230012e-06,-0.0060544904137235,8.475759377697367e-06,-0.0065590312815337,7.609201700328113e-06,-0.0070635721493441,2.508890799240506e-06,-0.0075681130171543,5.339645878646735e-06,-0.0050454086781029,5.859580485068287e-07,-0.0045408678102926,2.1210030769895067e-06,-0.0040363269424824,6.519814905921052e-07,-0.003531786074672,4.514352852580779e-06,-0.0030272452068617,2.030220844122252e-06,2,2,2,2,1
1172,29,14:08:39,6,-0.0055499495459131,396433.0,-0.005297679112008,-0.0055499495459131,4.827964202485842e-06,-0.0060544904137235,8.640817982910558e-06,-0.0065590312815337,7.609201700328113e-06,-0.0070635721493441,2.508890799240506e-06,-0.0075681130171543,5.339645878646735e-06,-0.0050454086781029,2.0549796349042304e-06,-0.0045408678102926,3.7715891291214182e-06,-0.0040363269424824,6.519814905921052e-07,-0.003531786074672,4.514352852580779e-06,-0.0030272452068617,2.030220844122252e-06,2,2,2,1,1
1173,29,14:08:42,6,-0.0055499495459131,214844.0,-0.005297679112008,-0.0055499495459131,4.019177036941205e-06,-0.0060544904137235,8.640817982910558e-06,-0.0065590312815337,7.69173100293471e-06,-0.0070635721493441,2.5006378689798464e-06,-0.0075681130171543,5.356151739168054e-06,-0.0050454086781029,2.0137149836009323e-06,-0.0045408678102926,3.7715891291214182e-06,-0.0040363269424824,6.519814905921052e-07,-0.003531786074672,4.431823549974183e-06,-0.0030272452068617,2.030220844122252e-06,2,2,2,1,1
1174,29,14:08:45,6,-0.0055499495459131,132108.0,-0.005297679112008,-0.0055499495459131,3.961406525116589e-06,-0.0060544904137235,8.640817982910558e-06,-0.0065590312815337,7.69173100293471e-06,-0.0070635721493441,2.5006378689798464e-06,-0.0075681130171543,5.356151739168054e-06,-0.0050454086781029,1.6423331218712525e-06,-0.0045408678102926,3.7715891291214182e-06,-0.0040363269424824,6.849932116347434e-07,-0.003531786074672,4.374053038149566e-06,-0.0030272452068617,2.030220844122252e-06,2,2,2,1,1
1175,29,14:08:48,6,-0.0050454086781029,114335.0,-0.005297679112008,-0.0055499495459131,3.870624292249333e-06,-0.0060544904137235,8.640817982910558e-06,-0.0065590312815337,7.774260305541305e-06,-0.0070635721493441,2.583167171586442e-06,-0.0075681130171543,5.356151739168054e-06,-0.0050454086781029,1.5102862377006992e-06,-0.0045408678102926,3.7715891291214182e-06,-0.0040363269424824,6.849932116347434e-07,-0.003531786074672,4.374053038149566e-06,-0.0030272452068617,2.030220844122252e-06,2,2,2,1,1
1176,29,14:08:51,6,-0.0050454086781029,406232.0,-0.0047931382441976,-0.0050454086781029,2.030220844122252e-06,-0.0055499495459131,4.027429967201865e-06,-0.0060544904137235,9.078223286725516e-06,-0.0065590312815337,7.774260305541305e-06,-0.0070635721493441,2.583167171586442e-06,-0.0045408678102926,3.7715891291214182e-06,-0.0040363269424824,7.262578629380412e-07,-0.003531786074672,4.374053038149566e-06,-0.0030272452068617,2.030220844122252e-06,-0.0025227043390515,2.431808430605946e-06,2,2,1,1,1
1177,29,14:08:54,6,-0.0050454086781029,102544.0,-0.0047931382441976,-0.0050454086781029,1.9807032625582944e-06,-0.0055499495459131,3.837612571206695e-06,-0.0060544904137235,9.086476216986174e-06,-0.0065590312815337,7.766007375280645e-06,-0.0070635721493441,2.583167171586442e-06,-0.0045408678102926,3.779842059382078e-06,-0.0040363269424824,8.005342352839772e-07,-0.003531786074672,4.374053038149566e-06,-0.0030272452068617,2.030220844122252e-06,-0.0025227043390515,2.431808430605946e-06,2,2,1,1,1
1178,29,14:08:57,6,-0.0050454086781029,250517.0,-0.0047931382441976,-0.0050454086781029,3.961406525116589e-06,-0.0055499495459131,1.7991387968237838e-06,-0.0060544904137235,9.086476216986174e-06,-0.0065590312815337,7.766007375280645e-06,-0.0070635721493441,2.583167171586442e-06,-0.0045408678102926,3.18563108061459e-06,-0.0040363269424824,8.005342352839772e-07,-0.003531786074672,4.374053038149566e-06,-0.0030272452068617,2.030220844122252e-06,-0.0025227043390515,2.431808430605946e-06,2,2,1,1,1
1179,29,14:09:00,6,-0.0045408678102926,769470.0,-0.0042885973763875,-0.0045408678102926,1.6505860521319117e-07,-0.0050454086781029,4.159476851372418e-06,-0.0055499495459131,1.8816680994303797e-06,-0.0060544904137235,9.069970356464857e-06,-0.0065590312815337,7.774260305541305e-06,-0.0040363269424824,8.005342352839772e-07,-0.003531786074672,4.341041317106928e-06,-0.0030272452068617,2.030220844122252e-06,-0.0025227043390515,2.431808430605946e-06,-0.0020181634712411,4.539111643362757e-06,1,2,1,1,1
1180,29,14:09:03,6,-0.0040363269424824,147942.0,-0.0042885973763875,-0.0045408678102926,1.7331153547385076e-07,-0.0050454086781029,5.001275737959693e-06,-0.0055499495459131,1.8404034481270816e-06,-0.0060544904137235,9.317558264284644e-06,-0.0065590312815337,7.774260305541305e-06,-0.0040363269424824,7.67522514241339e-07,-0.003531786074672,4.341041317106928e-06,-0.0030272452068617,2.030220844122252e-06,-0.0025227043390515,2.431808430605946e-06,-0.0020181634712411,4.539111643362757e-06,1,2,1,1,1
1181,29,14:09:06,6,-0.0045408678102926,112472.0,-0.0042885973763875,-0.0045408678102926,6.602344208527648e-08,-0.0050454086781029,9.622916683929046e-06,-0.0055499495459131,1.8404034481270816e-06,-0.0060544904137235,9.317558264284644e-06,-0.0065590312815337,7.774260305541305e-06,-0.0040363269424824,6.767402813740839e-07,-0.003531786074672,4.341041317106928e-06,-0.0030272452068617,2.030220844122252e-06,-0.0025227043390515,2.431808430605946e-06,-0.0020181634712411,4.539111643362757e-06,1,2,1,1,1
1182,29,14:09:09,6,-0.0045408678102926,34736.0,-0.0042885973763875,-0.0045408678102926,2.602974204212025e-06,-0.0050454086781029,7.246072768859092e-06,-0.0055499495459131,1.8816680994303797e-06,-0.0060544904137235,9.532134451061791e-06,-0.0065590312815337,7.774260305541305e-06,-0.0040363269424824,8.995693984118919e-07,-0.003531786074672,4.456582340756162e-06,-0.0030272452068617,2.030220844122252e-06,-0.0025227043390515,2.431808430605946e-06,-0.0020181634712411,4.539111643362757e-06,1,2,1,1,1
1183,29,14:09:12,6,-0.0045408678102926,98651.0,-0.0042885973763875,-0.0045408678102926,2.88357383307445e-06,-0.0050454086781029,7.237819838598434e-06,-0.0055499495459131,1.8816680994303797e-06,-0.0060544904137235,9.853998731227513e-06,-0.0065590312815337,7.774260305541305e-06,-0.0040363269424824,8.913164681512324e-07,-0.003531786074672,4.456582340756162e-06,-0.0030272452068617,2.030220844122252e-06,-0.0025227043390515,2.431808430605946e-06,-0.0020181634712411,4.539111643362757e-06,1,2,1,0,1
1184,29,14:09:15,6,-0.0045408678102926,132217.0,-0.0042885973763875,-0.0045408678102926,2.735021088382578e-06,-0.0050454086781029,7.237819838598434e-06,-0.0055499495459131,1.8816680994303797e-06,-0.0060544904137235,9.853998731227513e-06,-0.0065590312815337,7.774260305541305e-06,-0.0040363269424824,8.500518168479345e-07,-0.003531786074672,4.662905597272651e-06,-0.0030272452068617,2.030220844122252e-06,-0.0025227043390515,2.431808430605946e-06,-0.0020181634712411,4.539111643362757e-06,2,2,1,0,1
1185,29,14:09:18,6,-0.0040363269424824,29609.0,-0.0042885973763875,-0.0045408678102926,2.776285739685876e-06,-0.0050454086781029,7.10577295442788e-06,-0.0055499495459131,1.8981739599516989e-06,-0.0060544904137235,9.853998731227513e-06,-0.0065590312815337,7.774260305541305e-06,-0.0040363269424824,1.6010684705679544e-06,-0.003531786074672,4.662905597272651e-06,-0.0030272452068617,2.030220844122252e-06,-0.0025227043390515,2.481326012169903e-06,-0.0020181634712411,4.539111643362757e-06,2,2,1,0,1
1186,29,14:09:21,6,-0.0045408678102926,443925.0,-0.0042885973763875,-0.0045408678102926,1.1752172691179212e-06,-0.0050454086781029,7.0892670939065616e-06,-0.0055499495459131,1.9229327507336773e-06,-0.0060544904137235,9.853998731227513e-06,-0.0065590312815337,7.8567896081479e-06,-0.0040363269424824,1.848656378387741e-06,-0.003531786074672,4.662905597272651e-06,-0.0030272452068617,2.030220844122252e-06,-0.0025227043390515,2.481326012169903e-06,-0.0020181634712411,4.473088201277481e-06,2,1,1,0,1
1187,29,14:09:24,6,-0.0045408678102926,211167.0,-0.0042885973763875,-0.0045408678102926,1.1174467572933042e-06,-0.0050454086781029,7.1222788149492e-06,-0.0055499495459131,1.906426890212358e-06,-0.0060544904137235,9.853998731227513e-06,-0.0065590312815337,7.8567896081479e-06,-0.0040363269424824,1.3947452140514654e-06,-0.003531786074672,5.488198623338607e-06,-0.0030272452068617,2.030220844122252e-06,-0.0025227043390515,2.481326012169903e-06,-0.0020181634712411,4.473088201277481e-06,2,1,1,0,1
1188,29,14:09:27,6,-0.0045408678102926,714447.0,-0.0040363269424822,-0.0045408678102926,7.213061047816455e-07,-0.0050454086781029,7.072761233385242e-06,-0.0055499495459131,1.9889561928189536e-06,-0.0060544904137235,9.779722358881576e-06,-0.0065590312815337,7.8567896081479e-06,-0.003531786074672,5.488198623338607e-06,-0.0030272452068617,2.030220844122252e-06,-0.0025227043390515,2.481326012169903e-06,-0.0020181634712411,4.473088201277481e-06,-0.0015136226034309,9.820987010184877e-07,1,1,1,0,1
1189,29,14:09:30,6,-0.0045408678102926,3946.0,-0.0037840565085773,-0.0040363269424824,1.6010684705679544e-06,-0.0045408678102926,9.193764310374748e-07,-0.0050454086781029,7.072761233385242e-06,-0.0055499495459131,1.9889561928189536e-06,-0.0060544904137235,9.944780964094768e-06,-0.003531786074672,5.488198623338607e-06,-0.0030272452068617,2.030220844122252e-06,-0.0025227043390515,2.481326012169903e-06,-0.0020181634712411,4.473088201277481e-06,-0.0015136226034309,9.820987010184877e-07,1,0,1,0,0
1190,29,14:09:33,6,-0.0040363269424824,272514.0,-0.0037840565085773,-0.0040363269424824,1.6753448429138904e-06,-0.0045408678102926,8.698588494735175e-07,-0.0050454086781029,6.717885232176881e-06,-0.0055499495459131,1.9889561928189536e-06,-0.0060544904137235,1.0010804406180044e-05,-0.003531786074672,4.704170248575949e-06,-0.0030272452068617,2.030220844122252e-06,-0.0025227043390515,2.481326012169903e-06,-0.0020181634712411,4.473088201277481e-06,-0.0015136226034309,9.820987010184877e-07,1,0,1,0,0
1191,29,14:09:36,6,-0.003531786074672,406767.0,-0.0037840565085773,-0.0040363269424824,1.0811338641464022e-06,-0.0045408678102926,8.698588494735175e-07,-0.0050454086781029,6.717885232176881e-06,-0.0055499495459131,1.9559444717763157e-06,-0.0060544904137235,1.007682784826532e-05,-0.003531786074672,3.74683033833944e-06,-0.0030272452068617,2.096244286207528e-06,-0.0025227043390515,2.481326012169903e-06,-0.0020181634712411,4.473088201277481e-06,-0.0015136226034309,9.903516312791472e-07,0,0,1,0,1
1192,29,14:09:39,6,-0.0040363269424824,71068.0,-0.0037840565085773,-0.0040363269424824,9.655928404971683e-07,-0.0045408678102926,9.523881520801132e-07,-0.0050454086781029,6.717885232176881e-06,-0.0055499495459131,1.9559444717763157e-06,-0.0060544904137235,1.007682784826532e-05,-0.003531786074672,3.961406525116589e-06,-0.0030272452068617,2.096244286207528e-06,-0.0025227043390515,2.481326012169903e-06,-0.0020181634712411,4.473088201277481e-06,-0.0015136226034309,9.903516312791472e-07,0,0,0,0,0
1193,29,14:09:42,6,-0.0040363269424824,365358.0,-0.0037840565085773,-0.0040363269424824,1.2049278180562955e-06,-0.0045408678102926,9.77146942862092e-07,-0.0050454086781029,6.717885232176881e-06,-0.0055499495459131,1.6588389823925717e-06,-0.0060544904137235,1.007682784826532e-05,-0.003531786074672,2.5749142413257824e-06,-0.0030272452068617,2.1375089375108257e-06,-0.0025227043390515,2.481326012169903e-06,-0.0020181634712411,4.473088201277481e-06,-0.0015136226034309,9.903516312791472e-07,0,0,0,0,0
1194,29,14:09:45,6,-0.003531786074672,88841.0,-0.0037840565085773,-0.0040363269424824,9.3258111945453e-07,-0.0045408678102926,9.77146942862092e-07,-0.0050454086781029,7.0314965820819445e-06,-0.0055499495459131,1.6588389823925717e-06,-0.0060544904137235,1.0052069057483342e-05,-0.003531786074672,2.954549033316122e-06,-0.0030272452068617,2.261302891420719e-06,-0.0025227043390515,2.481326012169903e-06,-0.0020181634712411,4.555617503884077e-06,-0.0015136226034309,1.0728809338857429e-06,0,0,0,0,1
1195,29,14:09:48,6,-0.0040363269424824,242837.0,-0.0037840565085773,-0.0040363269424824,3.301172104263824e-07,-0.0045408678102926,1.3320229440704527e-06,-0.0050454086781029,6.965473139996668e-06,-0.0055499495459131,1.6588389823925717e-06,-0.0060544904137235,1.0052069057483342e-05,-0.003531786074672,2.921537312273484e-06,-0.0030272452068617,2.261302891420719e-06,-0.0025227043390515,2.481326012169903e-06,-0.0020181634712411,4.580376294666055e-06,-0.0015136226034309,1.0728809338857429e-06,0,0,0,0,1
1196,29,14:09:51,6,-0.0045408678102926,234971.0,-0.0042885973763875,-0.0045408678102926,1.3237700138097932e-06,-0.0050454086781029,6.965473139996668e-06,-0.0055499495459131,1.6588389823925717e-06,-0.0060544904137235,9.977792685137408e-06,-0.0065590312815337,6.206203556015988e-06,-0.0040363269424824,2.983434289228431e-07,-0.003531786074672,2.550155450543804e-06,-0.0030272452068617,2.261302891420719e-06,-0.0025227043390515,2.481326012169903e-06,-0.0020181634712411,4.580376294666055e-06,1,1,1,1,1
1197,29,14:09:54,6,-0.0045408678102926,90792.0,-0.0042885973763875,-0.0045408678102926,1.232987780942538e-06,-0.0050454086781029,6.965473139996668e-06,-0.0055499495459131,1.6588389823925717e-06,-0.0060544904137235,9.977792685137408e-06,-0.0065590312815337,6.206203556015988e-06,-0.0040363269424824,3.465157828543129e-06,-0.003531786074672,2.599673032107761e-06,-0.0030272452068617,2.335579263766655e-06,-0.0025227043390515,2.481326012169903e-06,-0.0020181634712411,4.580376294666055e-06,1,1,1,1,1
1198,29,14:09:57,6,-0.0045408678102926,114454.0,-0.0042885973763875,-0.0045408678102926,9.111235007768154e-07,-0.0050454086781029,7.10577295442788e-06,-0.0055499495459131,1.6588389823925717e-06,-0.0060544904137235,9.977792685137408e-06,-0.0065590312815337,6.206203556015988e-06,-0.0040363269424824,3.3000992233299378e-06,-0.003531786074672,2.61617889262908e-06,-0.0030272452068617,2.335579263766655e-06,-0.0025227043390515,2.481326012169903e-06,-0.0020181634712411,4.580376294666055e-06,1,1,1,1,1
1199,29,14:10:00,6,-0.0045408678102926,25661.0,-0.0042885973763875,-0.0045408678102926,2.297615784567621e-06,-0.0050454086781029,7.10577295442788e-06,-0.0055499495459131,1.6588389823925717e-06,-0.0060544904137235,9.895263382530811e-06,-0.0065590312815337,6.206203556015988e-06,-0.0040363269424824,3.201064060202023e-06,-0.003531786074672,2.61617889262908e-06,-0.0030272452068617,2.335579263766655e-06,-0.0025227043390515,2.481326012169903e-06,-0.0020181634712411,4.580376294666055e-06,1,1,1,1,1
1200,29,14:10:03,6,-0.0045408678102926,238803.0,-0.0042885973763875,-0.0045408678102926,2.041774946487175e-06,-0.0050454086781029,7.072761233385242e-06,-0.0055499495459131,1.6588389823925717e-06,-0.0060544904137235,9.895263382530811e-06,-0.0065590312815337,6.701379371655562e-06,-0.0040363269424824,7.253252818185866e-06,-0.003531786074672,2.682202334714357e-06,-0.0030272452068617,2.335579263766655e-06,-0.0025227043390515,2.481326012169903e-06,-0.0020181634712411,4.580376294666055e-06,1,1,1,1,1
1201,29,14:10:06,6,-0.0045408678102926,297951.0,-0.0042885973763875,-0.0045408678102926,1.967498574141239e-06,-0.0050454086781029,6.528067836181712e-06,-0.0055499495459131,1.700103633695869e-06,-0.0060544904137235,9.92827510357345e-06,-0.0065590312815337,6.701379371655562e-06,-0.0040363269424824,7.022170770887399e-06,-0.003531786074672,2.682202334714357e-06,-0.0030272452068617,2.335579263766655e-06,-0.0025227043390515,2.481326012169903e-06,-0.0020181634712411,4.580376294666055e-06,1,1,1,1,1
1202,29,14:10:09,6,-0.0045408678102926,67115.0,-0.0042885973763875,-0.0045408678102926,3.700613928879746e-06,-0.0050454086781029,6.478550254617754e-06,-0.0055499495459131,2.525396659761825e-06,-0.0060544904137235,9.944780964094768e-06,-0.0065590312815337,6.701379371655562e-06,-0.0040363269424824,7.104700073493994e-06,-0.003531786074672,2.673949404453697e-06,-0.0030272452068617,2.335579263766655e-06,-0.0025227043390515,2.481326012169903e-06,-0.0020181634712411,4.580376294666055e-06,1,0,1,1,1
1203,29,14:10:12,6,-0.0045408678102926,979075.0,-0.0042885973763875,-0.0045408678102926,3.568567044709193e-06,-0.0050454086781029,6.478550254617754e-06,-0.0055499495459131,2.541902520283144e-06,-0.0060544904137235,9.944780964094768e-06,-0.0065590312815337,6.701379371655562e-06,-0.0040363269424824,3.316605083851257e-06,-0.003531786074672,2.690455264975016e-06,-0.0030272452068617,2.335579263766655e-06,-0.0025227043390515,2.481326012169903e-06,-0.0020181634712411,4.580376294666055e-06,1,0,0,1,1
1204,29,14:10:15,6,-0.0045408678102926,205262.0,-0.0042885973763875,-0.0045408678102926,3.403508439496002e-06,-0.0050454086781029,6.478550254617754e-06,-0.0055499495459131,2.541902520283144e-06,-0.0060544904137235,9.944780964094768e-06,-0.0065590312815337,6.701379371655562e-06,-0.0040363269424824,2.8214292682116838e-06,-0.003531786074672,2.690455264975016e-06,-0.0030272452068617,2.335579263766655e-06,-0.0025227043390515,2.5638553147764984e-06,-0.0020181634712411,4.580376294666055e-06,1,0,0,1,1
1205,29,14:10:18,6,-0.0040363269424824,53287.0,-0.0042885973763875,-0.0045408678102926,3.5273023934058954e-06,-0.0050454086781029,6.478550254617754e-06,-0.0055499495459131,2.541902520283144e-06,-0.0060544904137235,9.944780964094768e-06,-0.0065590312815337,6.750896953219519e-06,-0.0040363269424824,3.869551411315447e-06,-0.003531786074672,2.690455264975016e-06,-0.0030272452068617,2.335579263766655e-06,-0.0025227043390515,2.6051199660797965e-06,-0.0020181634712411,4.580376294666055e-06,1,0,0,1,1
1206,29,14:10:21,6,-0.0045408678102926,171666.0,-0.0042885973763875,-0.0045408678102926,2.957850205420386e-06,-0.0050454086781029,6.478550254617754e-06,-0.0055499495459131,2.541902520283144e-06,-0.0060544904137235,1.0728809338857427e-05,-0.0065590312815337,6.750896953219519e-06,-0.0040363269424824,4.034610016528639e-06,-0.003531786074672,2.7234669860176544e-06,-0.0030272452068617,2.335579263766655e-06,-0.0025227043390515,2.6051199660797965e-06,-0.0020181634712411,4.580376294666055e-06,1,0,0,1,1
1207,29,14:10:24,6,-0.0045408678102926,641312.0,-0.0042885973763875,-0.0045408678102926,1.3155170835491338e-06,-0.0050454086781029,6.478550254617754e-06,-0.0055499495459131,2.5584083808044635e-06,-0.0060544904137235,1.0728809338857427e-05,-0.0065590312815337,6.750896953219519e-06,-0.0040363269424824,3.316605083851257e-06,-0.003531786074672,2.7234669860176544e-06,-0.0030272452068617,2.335579263766655e-06,-0.0025227043390515,2.6216258266011155e-06,-0.0020181634712411,4.580376294666055e-06,0,0,0,1,1
1208,29,14:10:27,6,-0.0045408678102926,220998.0,-0.0042885973763875,-0.0045408678102926,6.965473139996668e-07,-0.0050454086781029,6.387768021750498e-06,-0.0055499495459131,2.5584083808044635e-06,-0.0060544904137235,1.0728809338857427e-05,-0.0065590312815337,6.792161604522817e-06,-0.0040363269424824,3.1350406181167468e-06,-0.003531786074672,6.849932116347434e-06,-0.0030272452068617,2.335579263766655e-06,-0.0025227043390515,2.6216258266011155e-06,-0.0020181634712411,4.580376294666055e-06,0,0,0,1,1
1209,29,14:10:30,6,-0.0045408678102926,436033.0,-0.0042885973763875,-0.0045408678102926,6.635355929570286e-07,-0.0050454086781029,6.420779742793137e-06,-0.0055499495459131,2.5584083808044635e-06,-0.0060544904137235,1.0728809338857427e-05,-0.0065590312815337,6.792161604522817e-06,-0.0040363269424824,3.968586574443362e-06,-0.003531786074672,7.262578629380412e-06,-0.0030272452068617,2.335579263766655e-06,-0.0025227043390515,2.6216258266011155e-06,-0.0020181634712411,4.580376294666055e-06,0,0,0,1,1
1210,29,14:10:33,6,-0.0040363269424824,128268.0,-0.0042885973763875,-0.0045408678102926,5.314887087864756e-07,-0.0050454086781029,6.420779742793137e-06,-0.0055499495459131,2.5584083808044635e-06,-0.0060544904137235,1.0893867944070618e-05,-0.0065590312815337,6.792161604522817e-06,-0.0040363269424824,4.777373739987999e-06,-0.003531786074672,7.262578629380412e-06,-0.0030272452068617,2.335579263766655e-06,-0.0025227043390515,2.6216258266011155e-06,-0.0020181634712411,4.580376294666055e-06,0,0,0,1,1
1211,29,14:10:36,6,-0.0045408678102926,78387.0,-0.0042885973763875,-0.0045408678102926,2.861290921370669e-07,-0.0050454086781029,6.420779742793137e-06,-0.0055499495459131,2.607925962368421e-06,-0.0060544904137235,1.0893867944070618e-05,-0.0065590312815337,6.792161604522817e-06,-0.0040363269424824,6.097842581693528e-06,-0.003531786074672,7.262578629380412e-06,-0.0030272452068617,2.25304996116006e-06,-0.0025227043390515,2.6051199660797965e-06,-0.0020181634712411,4.580376294666055e-06,0,0,0,1,1
1212,29,14:10:39,6,-0.0045408678102926,157209.0,-0.0047931382441976,-0.0050454086781029,6.420779742793137e-06,-0.0055499495459131,2.607925962368421e-06,-0.0060544904137235,1.0803085711203364e-05,-0.0065590312815337,6.792161604522817e-06,-0.0070635721493441,2.525396659761825e-06,-0.0045408678102926,1.5127621167788974e-07,-0.0040363269424824,6.26290118690672e-06,-0.003531786074672,7.147037605731178e-06,-0.0030272452068617,2.0549796349042304e-06,-0.0025227043390515,5.080999044277664e-06,1,1,1,1,2
1213,29,14:10:42,6,-0.0045408678102926,228873.0,-0.0047931382441976,-0.0050454086781029,6.404273882271818e-06,-0.0055499495459131,3.053584196444037e-06,-0.0060544904137235,1.0803085711203364e-05,-0.0065590312815337,6.792161604522817e-06,-0.0070635721493441,2.525396659761825e-06,-0.0045408678102926,1.5680567495253166e-07,-0.0040363269424824,6.273877584153397e-06,-0.003531786074672,7.171796396513157e-06,-0.0030272452068617,2.0549796349042304e-06,-0.0025227043390515,5.130516625841621e-06,1,0,1,1,2
1214,29,14:10:45,6,-0.0050454086781029,144002.0,-0.0047931382441976,-0.0050454086781029,6.660114720352264e-06,-0.0055499495459131,3.0783429872260155e-06,-0.0060544904137235,1.0803085711203364e-05,-0.0065590312815337,6.792161604522817e-06,-0.0070635721493441,2.525396659761825e-06,-0.0045408678102926,1.535045028482678e-06,-0.0040363269424824,6.356406886759992e-06,-0.003531786074672,7.188302257034476e-06,-0.0030272452068617,2.0549796349042304e-06,-0.0025227043390515,5.130516625841621e-06,1,0,1,1,2
1215,29,14:10:48,6,-0.0045408678102926,88775.0,-0.0047931382441976,-0.0050454086781029,6.6188500690489664e-06,-0.0055499495459131,3.160872289832611e-06,-0.0060544904137235,1.0803085711203364e-05,-0.0065590312815337,6.792161604522817e-06,-0.0070635721493441,2.525396659761825e-06,-0.0045408678102926,3.2846662437425045e-06,-0.0040363269424824,6.356406886759992e-06,-0.003531786074672,7.2130610478164545e-06,-0.0030272452068617,2.0549796349042304e-06,-0.0025227043390515,6.7811026779735335e-06,1,0,1,1,2
1216,29,14:10:51,6,-0.0050454086781029,57203.0,-0.0047931382441976,-0.0050454086781029,6.594091278266987e-06,-0.0055499495459131,3.160872289832611e-06,-0.0060544904137235,9.977792685137408e-06,-0.0065590312815337,6.792161604522817e-06,-0.0070635721493441,2.525396659761825e-06,-0.0045408678102926,3.334183825306462e-06,-0.0040363269424824,6.422430328845269e-06,-0.003531786074672,7.2130610478164545e-06,-0.0030272452068617,2.0549796349042304e-06,-0.0025227043390515,6.7811026779735335e-06,1,0,1,1,2
1217,29,14:10:54,6,-0.0050454086781029,67073.0,-0.0047931382441976,-0.0050454086781029,6.577585417745669e-06,-0.0055499495459131,3.160872289832611e-06,-0.0060544904137235,1.0060321987744002e-05,-0.0065590312815337,6.792161604522817e-06,-0.0070635721493441,2.525396659761825e-06,-0.0045408678102926,3.235148662178547e-06,-0.0040363269424824,6.414177398584609e-06,-0.003531786074672,7.2130610478164545e-06,-0.0030272452068617,2.0549796349042304e-06,-0.0025227043390515,6.7811026779735335e-06,1,0,1,1,2
1218,29,14:10:57,6,-0.0050454086781029,51282.0,-0.0047931382441976,-0.0050454086781029,6.495056115139073e-06,-0.0055499495459131,3.160872289832611e-06,-0.0060544904137235,1.0060321987744002e-05,-0.0065590312815337,6.792161604522817e-06,-0.0070635721493441,2.525396659761825e-06,-0.0045408678102926,3.2846662437425045e-06,-0.0040363269424824,6.414177398584609e-06,-0.003531786074672,7.2130610478164545e-06,-0.0030272452068617,2.0549796349042304e-06,-0.0025227043390515,6.7811026779735335e-06,0,0,1,1,2
1219,29,14:11:00,6,-0.0050454086781029,542348.0,-0.0047931382441976,-0.0050454086781029,4.662905597272651e-06,-0.0055499495459131,3.17737815035393e-06,-0.0060544904137235,1.008508077852598e-05,-0.0065590312815337,6.792161604522817e-06,-0.0070635721493441,2.525396659761825e-06,-0.0045408678102926,3.070090056965356e-06,-0.0040363269424824,6.414177398584609e-06,-0.003531786074672,7.2130610478164545e-06,-0.0030272452068617,2.0549796349042304e-06,-0.0025227043390515,6.863631980580129e-06,0,0,1,1,2
1220,29,14:11:03,6,-0.0050454086781029,331380.0,-0.0047931382441976,-0.0050454086781029,6.891196767650731e-06,-0.0055499495459131,3.17737815035393e-06,-0.0060544904137235,1.008508077852598e-05,-0.0065590312815337,6.792161604522817e-06,-0.0070635721493441,2.5584083808044635e-06,-0.0045408678102926,3.045331266183377e-06,-0.0040363269424824,6.620500655101098e-06,-0.003531786074672,7.2130610478164545e-06,-0.0030272452068617,2.0549796349042304e-06,-0.0025227043390515,6.863631980580129e-06,0,0,1,1,2
1221,29,14:11:06,6,-0.0045408678102926,120331.0,-0.0047931382441976,-0.0050454086781029,6.709632301916221e-06,-0.0055499495459131,3.17737815035393e-06,-0.0060544904137235,1.0167610081132576e-05,-0.0065590312815337,6.792161604522817e-06,-0.0070635721493441,2.5171437295011654e-06,-0.0045408678102926,2.863766800448867e-06,-0.0040363269424824,6.620500655101098e-06,-0.003531786074672,7.2130610478164545e-06,-0.0030272452068617,2.0549796349042304e-06,-0.0025227043390515,6.863631980580129e-06,0,0,1,1,2
1222,29,14:11:09,6,-0.0050454086781029,165699.0,-0.0047931382441976,-0.0050454086781029,7.807272026583943e-06,-0.0055499495459131,3.17737815035393e-06,-0.0060544904137235,1.0217127662696534e-05,-0.0065590312815337,6.792161604522817e-06,-0.0070635721493441,2.5171437295011654e-06,-0.0045408678102926,2.690455264975016e-06,-0.0040363269424824,6.488453770930545e-06,-0.003531786074672,7.2130610478164545e-06,-0.0030272452068617,2.0549796349042304e-06,-0.0025227043390515,6.863631980580129e-06,0,0,1,1,2
1223,29,14:11:12,6,-0.0055499495459131,1926635.0,-0.005297679112008,-0.0055499495459131,3.259907452960526e-06,-0.0060544904137235,1.086910915328864e-05,-0.0065590312815337,6.792161604522817e-06,-0.0070635721493441,2.5171437295011654e-06,-0.0075681130171543,5.298381227343437e-06,-0.0050454086781029,1.9889561928189536e-06,-0.0045408678102926,2.7069611254963355e-06,-0.0040363269424824,6.488453770930545e-06,-0.003531786074672,7.221313978077114e-06,-0.0030272452068617,2.0549796349042304e-06,1,1,1,2,2
1224,29,14:11:15,6,-0.0050454086781029,130290.0,-0.005297679112008,-0.0055499495459131,3.4491471438374494e-06,-0.0060544904137235,1.086910915328864e-05,-0.0065590312815337,6.792161604522817e-06,-0.0070635721493441,2.5171437295011654e-06,-0.0075681130171543,5.298381227343437e-06,-0.0050454086781029,1.551550889003997e-06,-0.0045408678102926,2.187026519074783e-06,-0.0040363269424824,6.488453770930545e-06,-0.003531786074672,7.221313978077114e-06,-0.0030272452068617,2.0549796349042304e-06,1,2,1,2,2
1225,29,14:11:18,6,-0.0050454086781029,203101.0,-0.005297679112008,-0.0055499495459131,3.325353189927556e-06,-0.0060544904137235,1.086910915328864e-05,-0.0065590312815337,6.792161604522817e-06,-0.0070635721493441,2.5171437295011654e-06,-0.0075681130171543,5.298381227343437e-06,-0.0050454086781029,8.500518168479345e-07,-0.0045408678102926,2.4098556361125914e-06,-0.0040363269424824,6.488453770930545e-06,-0.003531786074672,7.221313978077114e-06,-0.0030272452068617,2.0549796349042304e-06,1,2,1,2,2
1226,29,14:11:21,6,-0.0055499495459131,55200.0,-0.005297679112008,-0.0055499495459131,3.2015592360176627e-06,-0.0060544904137235,1.0679291757293467e-05,-0.0065590312815337,6.792161604522817e-06,-0.0070635721493441,2.5171437295011654e-06,-0.0075681130171543,5.298381227343437e-06,-0.0050454086781029,7.922813050233176e-07,-0.0045408678102926,2.4098556361125914e-06,-0.0040363269424824,6.488453770930545e-06,-0.003531786074672,7.221313978077114e-06,-0.0030272452068617,2.0549796349042304e-06,1,2,2,2,2
1227,29,14:11:24,6,-0.0055499495459131,9859.0,-0.005297679112008,-0.0055499495459131,3.2840885386242584e-06,-0.0060544904137235,1.0448209709995e-05,-0.0065590312815337,6.808667465044136e-06,-0.0070635721493441,2.5171437295011654e-06,-0.0075681130171543,5.298381227343437e-06,-0.0050454086781029,8.087871655446368e-07,-0.0045408678102926,2.401602705851932e-06,-0.0040363269424824,6.488453770930545e-06,-0.003531786074672,7.468901885896901e-06,-0.0030272452068617,2.0549796349042304e-06,1,2,2,2,2
1228,29,14:11:27,6,-0.0055499495459131,287852.0,-0.005297679112008,-0.0055499495459131,2.9209596071552376e-06,-0.0060544904137235,8.98744105385826e-06,-0.0065590312815337,6.816920395304796e-06,-0.0070635721493441,2.5171437295011654e-06,-0.0075681130171543,5.298381227343437e-06,-0.0050454086781029,1.0398692128431043e-06,-0.0045408678102926,2.401602705851932e-06,-0.0040363269424824,5.752292391679713e-06,-0.003531786074672,7.427637234593603e-06,-0.0030272452068617,2.0549796349042304e-06,1,2,2,2,2
1229,29,14:11:30,6,-0.0055499495459131,19710.0,-0.005297679112008,-0.0055499495459131,2.8384303045486423e-06,-0.0060544904137235,9.00394691437958e-06,-0.0065590312815337,6.816920395304796e-06,-0.0070635721493441,2.5171437295011654e-06,-0.0075681130171543,5.298381227343437e-06,-0.0050454086781029,1.163663166752998e-06,-0.0045408678102926,2.401602705851932e-06,-0.0040363269424824,5.752292391679713e-06,-0.003531786074672,7.427637234593603e-06,-0.0030272452068617,2.0549796349042304e-06,2,2,1,2,2
1230,29,14:11:33,6,-0.0050454086781029,230695.0,-0.005297679112008,-0.0055499495459131,5.669185383954871e-06,-0.0060544904137235,9.028705705161558e-06,-0.0065590312815337,6.816920395304796e-06,-0.0070635721493441,2.5171437295011654e-06,-0.0075681130171543,5.298381227343437e-06,-0.0050454086781029,4.5391116433627574e-07,-0.0045408678102926,2.401602705851932e-06,-0.0040363269424824,5.752292391679713e-06,-0.003531786074672,6.602344208527647e-06,-0.0030272452068617,2.0549796349042304e-06,2,2,1,2,2
1231,29,14:11:36,6,-0.0050454086781029,78867.0,-0.005297679112008,-0.0055499495459131,5.619667802390914e-06,-0.0060544904137235,8.863647099948366e-06,-0.0065590312815337,6.816920395304796e-06,-0.0070635721493441,2.5171437295011654e-06,-0.0075681130171543,5.298381227343437e-06,-0.0050454086781029,3.301172104263824e-07,-0.0045408678102926,2.401602705851932e-06,-0.0040363269424824,4.926999365613756e-06,-0.003531786074672,6.519814905921052e-06,-0.0030272452068617,2.0549796349042304e-06,2,2,1,2,2
1232,29,14:11:39,6,-0.0055499495459131,613076.0,-0.005297679112008,-0.0055499495459131,4.00209347130164e-06,-0.0060544904137235,8.863647099948366e-06,-0.0065590312815337,6.816920395304796e-06,-0.0070635721493441,2.5171437295011654e-06,-0.0075681130171543,5.298381227343437e-06,-0.0050454086781029,1.6505860521319117e-07,-0.0045408678102926,2.5171437295011654e-06,-0.0040363269424824,4.926999365613756e-06,-0.003531786074672,6.602344208527647e-06,-0.0030272452068617,2.0549796349042304e-06,2,2,1,2,2
1233,29,14:11:42,6,-0.0050454086781029,35487.0,-0.005297679112008,-0.0055499495459131,4.241428448860767e-06,-0.0060544904137235,8.863647099948366e-06,-0.0065590312815337,6.816920395304796e-06,-0.0070635721493441,2.5171437295011654e-06,-0.0075681130171543,5.298381227343437e-06,-0.0050454086781029,9.078223286725516e-08,-0.0045408678102926,2.5171437295011654e-06,-0.0040363269424824,4.993022807699033e-06,-0.003531786074672,6.602344208527647e-06,-0.0030272452068617,2.0549796349042304e-06,2,2,1,2,2
1234,29,14:11:45,6,-0.0050454086781029,110431.0,-0.0047931382441976,-0.0050454086781029,9.078223286725516e-08,-0.0055499495459131,4.645822031633086e-06,-0.0060544904137235,8.863647099948366e-06,-0.0065590312815337,6.816920395304796e-06,-0.0070635721493441,2.5171437295011654e-06,-0.0045408678102926,2.5171437295011654e-06,-0.0040363269424824,5.116816761608927e-06,-0.003531786074672,6.602344208527647e-06,-0.0030272452068617,2.0549796349042304e-06,-0.0025227043390515,6.987425934490023e-06,1,1,1,2,2
1235,29,14:11:48,6,-0.0050454086781029,53244.0,-0.0047931382441976,-0.0050454086781029,2.3108204729846767e-07,-0.0055499495459131,4.4972692869412136e-06,-0.0060544904137235,8.904911751251665e-06,-0.0065590312815337,6.816920395304796e-06,-0.0070635721493441,2.5171437295011654e-06,-0.0045408678102926,2.863766800448867e-06,-0.0040363269424824,4.8609759235284805e-06,-0.003531786074672,6.849932116347434e-06,-0.0030272452068617,2.0549796349042304e-06,-0.0025227043390515,6.987425934490023e-06,1,1,1,2,2
1236,29,14:11:51,6,-0.0050454086781029,9860.0,-0.0047931382441976,-0.0050454086781029,3.903636013291972e-06,-0.0055499495459131,1.4024204391938789e-06,-0.0060544904137235,9.38358170636992e-06,-0.0065590312815337,6.816920395304796e-06,-0.0070635721493441,2.5171437295011654e-06,-0.0045408678102926,3.17737815035393e-06,-0.0040363269424824,4.8609759235284805e-06,-0.003531786074672,6.849932116347434e-06,-0.0030272452068617,2.0549796349042304e-06,-0.0025227043390515,6.987425934490023e-06,1,2,1,2,2
1237,29,14:11:54,6,-0.0050454086781029,57188.0,-0.0047931382441976,-0.0050454086781029,3.779842059382078e-06,-0.0055499495459131,1.3859145786725595e-06,-0.0060544904137235,9.37532877610926e-06,-0.0065590312815337,6.313491649404563e-06,-0.0070635721493441,2.5171437295011654e-06,-0.0045408678102926,3.3754484766097595e-06,-0.0040363269424824,4.8609759235284805e-06,-0.003531786074672,6.849932116347434e-06,-0.0030272452068617,2.0137149836009323e-06,-0.0025227043390515,6.987425934490023e-06,1,2,1,2,2
1238,29,14:11:57,6,-0.0050454086781029,138043.0,-0.0047931382441976,-0.0050454086781029,3.2268957319178875e-06,-0.0055499495459131,1.5014556023217936e-06,-0.0060544904137235,9.37532877610926e-06,-0.0065590312815337,6.313491649404563e-06,-0.0070635721493441,2.5171437295011654e-06,-0.0045408678102926,3.350689685827781e-06,-0.0040363269424824,4.8609759235284805e-06,-0.003531786074672,6.849932116347434e-06,-0.0030272452068617,2.0137149836009323e-06,-0.0025227043390515,6.987425934490023e-06,1,2,1,2,2
1239,29,14:12:00,6,-0.0045408678102926,144029.0,-0.0047931382441976,-0.0050454086781029,3.3754484766097595e-06,-0.0055499495459131,1.7077788588382826e-06,-0.0060544904137235,9.284546543242004e-06,-0.0065590312815337,6.313491649404563e-06,-0.0070635721493441,2.5171437295011654e-06,-0.0045408678102926,3.656048105472185e-06,-0.0040363269424824,4.8609759235284805e-06,-0.003531786074672,6.849932116347434e-06,-0.0030272452068617,2.0137149836009323e-06,-0.0025227043390515,6.987425934490023e-06,1,1,1,2,2
1240,29,14:12:03,6,-0.0045408678102926,266290.0,-0.0047931382441976,-0.0050454086781029,3.2434015924392065e-06,-0.0055499495459131,1.716031789098942e-06,-0.0060544904137235,9.317558264284644e-06,-0.0065590312815337,6.313491649404563e-06,-0.0070635721493441,2.5171437295011654e-06,-0.0045408678102926,3.0948488477473345e-06,-0.0040363269424824,4.8609759235284805e-06,-0.003531786074672,6.849932116347434e-06,-0.0030272452068617,2.0137149836009323e-06,-0.0025227043390515,6.987425934490023e-06,1,1,1,2,2
1241,29,14:12:06,6,-0.0050454086781029,216954.0,-0.0047931382441976,-0.0050454086781029,2.550155450543804e-06,-0.0055499495459131,1.7325376496202613e-06,-0.0060544904137235,9.35882291558794e-06,-0.0065590312815337,6.313491649404563e-06,-0.0070635721493441,2.5171437295011654e-06,-0.0045408678102926,2.814249218884909e-06,-0.0040363269424824,4.8609759235284805e-06,-0.003531786074672,6.891196767650731e-06,-0.0030272452068617,2.030220844122252e-06,-0.0025227043390515,6.987425934490023e-06,2,1,1,2,2
1242,29,14:12:09,6,-0.0045408678102926,327501.0,-0.0047931382441976,-0.0050454086781029,2.7399728465389734e-06,-0.0055499495459131,1.7490435101415805e-06,-0.0060544904137235,9.37532877610926e-06,-0.0065590312815337,6.313491649404563e-06,-0.0070635721493441,2.5171437295011654e-06,-0.0045408678102926,1.7331153547385077e-06,-0.0040363269424824,4.8609759235284805e-06,-0.003531786074672,6.915955558432711e-06,-0.0030272452068617,2.030220844122252e-06,-0.0025227043390515,6.987425934490023e-06,2,1,1,2,2
1243,29,14:12:12,6,-0.0050454086781029,341266.0,-0.0047931382441976,-0.0050454086781029,2.2943146124633574e-06,-0.0055499495459131,1.7490435101415805e-06,-0.0060544904137235,9.37532877610926e-06,-0.0065590312815337,6.313491649404563e-06,-0.0070635721493441,2.5171437295011654e-06,-0.0045408678102926,1.0976397246677211e-06,-0.0040363269424824,4.8609759235284805e-06,-0.003531786074672,6.915955558432711e-06,-0.0030272452068617,2.030220844122252e-06,-0.0025227043390515,6.987425934490023e-06,2,1,2,2,2
1244,29,14:12:15,6,-0.0050454086781029,362989.0,-0.0047931382441976,-0.0050454086781029,2.038473774382911e-06,-0.0055499495459131,1.7490435101415805e-06,-0.0060544904137235,9.37532877610926e-06,-0.0065590312815337,6.313491649404563e-06,-0.0070635721493441,2.5171437295011654e-06,-0.0045408678102926,1.6505860521319117e-07,-0.0040363269424824,3.8046008501640566e-06,-0.003531786074672,6.915955558432711e-06,-0.0030272452068617,2.030220844122252e-06,-0.0025227043390515,6.987425934490023e-06,1,2,2,1,2
1245,29,14:12:18,6,-0.0050454086781029,386544.0,-0.0047931382441976,-0.0050454086781029,2.4841320084585274e-06,-0.0055499495459131,1.7490435101415805e-06,-0.0060544904137235,9.37532877610926e-06,-0.0065590312815337,6.313491649404563e-06,-0.0070635721493441,2.5171437295011654e-06,-0.0045408678102926,5.034287459002331e-07,-0.0040363269424824,3.92014187381329e-06,-0.003531786074672,6.915955558432711e-06,-0.0030272452068617,2.030220844122252e-06,-0.0025227043390515,6.987425934490023e-06,1,2,2,1,1
1246,29,14:12:21,6,-0.0045408678102926,189397.0,-0.0042885973763875,-0.0045408678102926,5.281875366822117e-07,-0.0050454086781029,2.8390080096668885e-06,-0.0055499495459131,1.8068140219661973e-06,-0.0060544904137235,9.37532877610926e-06,-0.0065590312815337,6.313491649404563e-06,-0.0040363269424824,3.986165315898567e-06,-0.003531786074672,6.915955558432711e-06,-0.0030272452068617,2.030220844122252e-06,-0.0025227043390515,6.987425934490023e-06,-0.0020181634712411,4.49784699205946e-06,1,1,1,1,1
1247,29,14:12:24,6,-0.0045408678102926,96677.0,-0.0042885973763875,-0.0045408678102926,4.2089944329363753e-07,-0.0050454086781029,3.045331266183377e-06,-0.0055499495459131,1.8068140219661973e-06,-0.0060544904137235,9.457858078715854e-06,-0.0065590312815337,6.313491649404563e-06,-0.0040363269424824,3.986165315898567e-06,-0.003531786074672,6.915955558432711e-06,-0.0030272452068617,2.030220844122252e-06,-0.0025227043390515,6.987425934490023e-06,-0.0020181634712411,4.49784699205946e-06,0,1,1,1,1
1248,29,14:12:27,6,-0.0045408678102926,71028.0,-0.0042885973763875,-0.0045408678102926,1.5680567495253166e-07,-0.0050454086781029,3.045331266183377e-06,-0.0055499495459131,1.8068140219661973e-06,-0.0060544904137235,9.499122730019153e-06,-0.0065590312815337,6.313491649404563e-06,-0.0040363269424824,3.903636013291972e-06,-0.003531786074672,6.915955558432711e-06,-0.0030272452068617,2.030220844122252e-06,-0.0025227043390515,6.987425934490023e-06,-0.0020181634712411,4.49784699205946e-06,0,1,1,1,1
1249,29,14:12:30,6,-0.0050454086781029,130228.0,-0.0047931382441976,-0.0050454086781029,3.119607638529313e-06,-0.0055499495459131,1.8068140219661973e-06,-0.0060544904137235,9.499122730019153e-06,-0.0065590312815337,6.346503370447201e-06,-0.0070635721493441,2.5171437295011654e-06,-0.0045408678102926,4.374053038149566e-07,-0.0040363269424824,3.722071547557461e-06,-0.003531786074672,6.915955558432711e-06,-0.0030272452068617,2.030220844122252e-06,-0.0025227043390515,6.987425934490023e-06,2,2,2,1,1
1250,29,14:12:33,6,-0.0050454086781029,207143.0,-0.0047931382441976,-0.0050454086781029,5.735786531158393e-06,-0.0055499495459131,1.7490435101415805e-06,-0.0060544904137235,9.499122730019153e-06,-0.0065590312815337,6.346503370447201e-06,-0.0070635721493441,2.5171437295011654e-06,-0.0045408678102926,9.078223286725516e-08,-0.0040363269424824,3.722071547557461e-06,-0.003531786074672,6.915955558432711e-06,-0.0030272452068617,2.030220844122252e-06,-0.0025227043390515,6.987425934490023e-06,2,2,2,1,1
1251,29,14:12:36,6,-0.0050454086781029,98631.0,-0.0045408678102928,-0.0050454086781029,5.661510158812458e-06,-0.0055499495459131,1.7490435101415805e-06,-0.0060544904137235,9.499122730019153e-06,-0.0065590312815337,6.346503370447201e-06,-0.0070635721493441,2.5171437295011654e-06,-0.0040363269424824,3.722071547557461e-06,-0.003531786074672,6.92420848869337e-06,-0.0030272452068617,2.030220844122252e-06,-0.0025227043390515,6.987425934490023e-06,-0.0020181634712411,4.49784699205946e-06,1,1,1,1,1
1252,29,14:12:39,6,-0.0050454086781029,238715.0,-0.0047931382441976,-0.0050454086781029,5.554222065423883e-06,-0.0055499495459131,1.7490435101415805e-06,-0.0060544904137235,9.54038738132245e-06,-0.0065590312815337,6.346503370447201e-06,-0.0070635721493441,2.5171437295011654e-06,-0.0045408678102926,5.7770511824616916e-08,-0.0040363269424824,3.722071547557461e-06,-0.003531786074672,6.92420848869337e-06,-0.0030272452068617,2.030220844122252e-06,-0.0025227043390515,6.987425934490023e-06,2,2,2,1,1
1253,29,14:12:42,6,-0.0045408678102926,53262.0,-0.0047931382441976,-0.0050454086781029,5.488198623338607e-06,-0.0055499495459131,1.7490435101415805e-06,-0.0060544904137235,9.54038738132245e-06,-0.0065590312815337,6.346503370447201e-06,-0.0070635721493441,2.5171437295011654e-06,-0.0045408678102926,2.475879078197868e-08,-0.0040363269424824,4.052188757983844e-06,-0.003531786074672,6.92420848869337e-06,-0.0030272452068617,2.030220844122252e-06,-0.0025227043390515,6.987425934490023e-06,2,2,2,2,1
1254,29,14:12:45,6,-0.0045408678102926,9863.0,-0.0042885973763875,-0.0045408678102926,2.475879078197868e-08,-0.0050454086781029,5.876086345589606e-06,-0.0055499495459131,1.7490435101415805e-06,-0.0060544904137235,9.54038738132245e-06,-0.0065590312815337,6.346503370447201e-06,-0.0040363269424824,3.986165315898567e-06,-0.003531786074672,6.92420848869337e-06,-0.0030272452068617,2.030220844122252e-06,-0.0025227043390515,6.987425934490023e-06,-0.0020181634712411,4.49784699205946e-06,1,2,1,1,1
1255,29,14:12:48,6,-0.0045408678102926,116445.0,-0.0042885973763875,-0.0045408678102926,2.772984567581612e-06,-0.0050454086781029,5.892592206110925e-06,-0.0055499495459131,1.7490435101415805e-06,-0.0060544904137235,9.54038738132245e-06,-0.0065590312815337,6.346503370447201e-06,-0.0040363269424824,3.672553965993504e-06,-0.003531786074672,6.998484861039306e-06,-0.0030272452068617,2.030220844122252e-06,-0.0025227043390515,6.946161283186724e-06,-0.0020181634712411,4.49784699205946e-06,1,2,1,1,1
1256,29,14:12:51,6,-0.0045408678102926,568412.0,-0.0042885973763875,-0.0045408678102926,4.935252295874416e-06,-0.0050454086781029,3.1361134990506325e-06,-0.0055499495459131,1.5757319746677296e-06,-0.0060544904137235,9.548640311583107e-06,-0.0065590312815337,6.346503370447201e-06,-0.0040363269424824,2.1375089375108257e-06,-0.003531786074672,6.998484861039306e-06,-0.0030272452068617,2.030220844122252e-06,-0.0025227043390515,6.946161283186724e-06,-0.0020181634712411,4.49784699205946e-06,1,2,1,1,1
1257,29,14:12:54,6,-0.0045408678102926,219003.0,-0.0042885973763875,-0.0045408678102926,4.5638704341447365e-06,-0.0050454086781029,3.127860568789973e-06,-0.0055499495459131,1.4601909510184955e-06,-0.0060544904137235,9.548640311583107e-06,-0.0065590312815337,6.313491649404563e-06,-0.0040363269424824,2.1457618677714854e-06,-0.003531786074672,7.11402588468854e-06,-0.0030272452068617,2.030220844122252e-06,-0.0025227043390515,6.946161283186724e-06,-0.0020181634712411,4.49784699205946e-06,1,2,1,1,1
1258,29,14:12:57,6,-0.0040363269424824,128265.0,-0.0042885973763875,-0.0045408678102926,4.794952481443204e-06,-0.0050454086781029,3.127860568789973e-06,-0.0055499495459131,1.4601909510184955e-06,-0.0060544904137235,9.581652032625748e-06,-0.0065590312815337,6.313491649404563e-06,-0.0040363269424824,2.1457618677714854e-06,-0.003531786074672,7.11402588468854e-06,-0.0030272452068617,2.030220844122252e-06,-0.0025227043390515,6.946161283186724e-06,-0.0020181634712411,4.49784699205946e-06,2,2,1,1,1
1259,29,14:13:00,6,-0.0045408678102926,325708.0,-0.0042885973763875,-0.0045408678102926,4.803205411703864e-06,-0.0050454086781029,3.127860568789973e-06,-0.0055499495459131,1.4601909510184955e-06,-0.0060544904137235,9.581652032625748e-06,-0.0065590312815337,6.313491649404563e-06,-0.0040363269424824,1.3039629811842104e-06,-0.003531786074672,7.0314965820819445e-06,-0.0030272452068617,2.030220844122252e-06,-0.0025227043390515,6.946161283186724e-06,-0.0020181634712411,4.49784699205946e-06,2,2,1,1,1
1260,29,14:13:03,6,-0.0040363269424824,258540.0,-0.0042885973763875,-0.0045408678102926,4.398811828931545e-06,-0.0050454086781029,3.127860568789973e-06,-0.0055499495459131,1.4601909510184955e-06,-0.0060544904137235,9.581652032625748e-06,-0.0065590312815337,6.313491649404563e-06,-0.0040363269424824,8.005342352839772e-07,-0.003531786074672,7.0314965820819445e-06,-0.0030272452068617,2.030220844122252e-06,-0.0025227043390515,6.946161283186724e-06,-0.0020181634712411,4.49784699205946e-06,2,2,1,1,1
1261,29,14:13:06,6,-0.0040363269424824,509256.0,-0.0042885973763875,-0.0045408678102926,5.1580814129122245e-06,-0.0050454086781029,3.127860568789973e-06,-0.0055499495459131,1.4601909510184955e-06,-0.0060544904137235,9.622916683929046e-06,-0.0065590312815337,6.313491649404563e-06,-0.0040363269424824,1.485527446918721e-07,-0.003531786074672,6.783908674262158e-06,-0.0030272452068617,2.030220844122252e-06,-0.0025227043390515,6.946161283186724e-06,-0.0020181634712411,4.49784699205946e-06,2,2,1,1,1
1262,29,14:13:09,6,-0.0045408678102926,80895.0,-0.0042885973763875,-0.0045408678102926,5.339645878646735e-06,-0.0050454086781029,3.127860568789973e-06,-0.0055499495459131,1.583984904928389e-06,-0.0060544904137235,9.631169614189706e-06,-0.0065590312815337,6.313491649404563e-06,-0.0040363269424824,2.1457618677714854e-07,-0.003531786074672,6.783908674262158e-06,-0.0030272452068617,2.030220844122252e-06,-0.0025227043390515,6.946161283186724e-06,-0.0020181634712411,4.49784699205946e-06,2,2,1,1,1
1263,29,14:13:12,6,-0.0040363269424824,144102.0,-0.0037840565085773,-0.0040363269424824,3.961406525116588e-07,-0.0045408678102926,5.339645878646735e-06,-0.0050454086781029,3.127860568789973e-06,-0.0055499495459131,1.6335024864923466e-06,-0.0060544904137235,9.556893241843769e-06,-0.003531786074672,6.833426255826115e-06,-0.0030272452068617,2.030220844122252e-06,-0.0025227043390515,6.863631980580129e-06,-0.0020181634712411,4.49784699205946e-06,-0.0015136226034309,1.1141455851890403e-06,1,1,1,1,0
1264,29,14:13:15,6,-0.0040363269424824,41454.0,-0.0037840565085773,-0.0040363269424824,1.0068574918004662e-06,-0.0045408678102926,5.23235778525816e-06,-0.0050454086781029,3.127860568789973e-06,-0.0055499495459131,1.6335024864923466e-06,-0.0060544904137235,9.556893241843769e-06,-0.003531786074672,6.899449697911391e-06,-0.0030272452068617,2.030220844122252e-06,-0.0025227043390515,6.863631980580129e-06,-0.0020181634712411,4.49784699205946e-06,-0.0015136226034309,1.1141455851890403e-06,1,1,1,1,0
1265,29,14:13:18,6,-0.0040363269424824,15792.0,-0.0037840565085773,-0.0040363269424824,1.1389043759710192e-06,-0.0045408678102926,5.174587273433543e-06,-0.0050454086781029,3.127860568789973e-06,-0.0055499495459131,1.6582612772743253e-06,-0.0060544904137235,9.556893241843769e-06,-0.003531786074672,6.899449697911391e-06,-0.0030272452068617,2.030220844122252e-06,-0.0025227043390515,7.111219888399916e-06,-0.0020181634712411,4.49784699205946e-06,-0.0015136226034309,1.1141455851890403e-06,1,1,1,1,0
1266,29,14:13:21,6,-0.0040363269424824,161878.0,-0.0037840565085773,-0.0040363269424824,3.086595917486675e-06,-0.0045408678102926,2.7894904281029307e-06,-0.0050454086781029,2.962801963576782e-06,-0.0055499495459131,1.6582612772743253e-06,-0.0060544904137235,9.573399102365088e-06,-0.003531786074672,6.833426255826115e-06,-0.0030272452068617,2.030220844122252e-06,-0.0025227043390515,7.111219888399916e-06,-0.0020181634712411,4.49784699205946e-06,-0.0015136226034309,1.1141455851890403e-06,1,1,1,1,0
1267,29,14:13:24,6,-0.0040363269424824,15795.0,-0.0037840565085773,-0.0040363269424824,3.268160383221185e-06,-0.0045408678102926,2.682202334714357e-06,-0.0050454086781029,2.962801963576782e-06,-0.0055499495459131,1.6582612772743253e-06,-0.0060544904137235,9.573399102365088e-06,-0.003531786074672,7.411131374072284e-06,-0.0030272452068617,2.030220844122252e-06,-0.0025227043390515,7.111219888399916e-06,-0.0020181634712411,4.49784699205946e-06,-0.0015136226034309,1.1141455851890403e-06,1,1,1,1,0
1268,29,14:13:27,6,-0.0040363269424824,86862.0,-0.0037840565085773,-0.0040363269424824,3.2268957319178875e-06,-0.0045408678102926,2.682202334714357e-06,-0.0050454086781029,2.962801963576782e-06,-0.0055499495459131,1.6582612772743253e-06,-0.0060544904137235,9.573399102365088e-06,-0.003531786074672,7.3616137925083265e-06,-0.0030272452068617,2.030220844122252e-06,-0.0025227043390515,7.111219888399916e-06,-0.0020181634712411,4.49784699205946e-06,-0.0015136226034309,1.1141455851890403e-06,1,1,1,1,0
1269,29,14:13:30,6,-0.0040363269424824,150045.0,-0.0037840565085773,-0.0040363269424824,2.954549033316122e-06,-0.0045408678102926,2.599673032107761e-06,-0.0050454086781029,3.2103898713965685e-06,-0.0055499495459131,1.6582612772743253e-06,-0.0060544904137235,9.573399102365088e-06,-0.003531786074672,7.204808117555795e-06,-0.0030272452068617,2.154014798032145e-06,-0.0025227043390515,7.111219888399916e-06,-0.0020181634712411,4.49784699205946e-06,-0.0015136226034309,1.1141455851890403e-06,1,1,1,1,0
1270,29,14:13:33,6,-0.003531786074672,116482.0,-0.0037840565085773,-0.0040363269424824,2.7234669860176544e-06,-0.0045408678102926,2.599673032107761e-06,-0.0050454086781029,3.2103898713965685e-06,-0.0055499495459131,1.8480786732694951e-06,-0.0060544904137235,9.573399102365088e-06,-0.003531786074672,7.072761233385242e-06,-0.0030272452068617,2.154014798032145e-06,-0.0025227043390515,7.111219888399916e-06,-0.0020181634712411,4.49784699205946e-06,-0.0015136226034309,1.1141455851890403e-06,1,1,1,0,0
1271,29,14:13:36,6,-0.0040363269424824,88830.0,-0.0037840565085773,-0.0040363269424824,2.8390080096668885e-06,-0.0045408678102926,2.764731637320952e-06,-0.0050454086781029,3.2103898713965685e-06,-0.0055499495459131,1.8480786732694951e-06,-0.0060544904137235,1.0052069057483342e-05,-0.003531786074672,7.081014163645902e-06,-0.0030272452068617,2.154014798032145e-06,-0.0025227043390515,7.111219888399916e-06,-0.0020181634712411,4.49784699205946e-06,-0.0015136226034309,1.1141455851890403e-06,1,1,1,0,0
1272,29,14:13:39,6,-0.0040363269424824,134277.0,-0.0037840565085773,-0.0040363269424824,2.99581368461942e-06,-0.0045408678102926,2.764731637320952e-06,-0.0050454086781029,3.2103898713965685e-06,-0.0055499495459131,1.8480786732694951e-06,-0.0060544904137235,1.0043816127222684e-05,-0.003531786074672,6.717885232176881e-06,-0.0030272452068617,2.154014798032145e-06,-0.0025227043390515,7.111219888399916e-06,-0.0020181634712411,4.49784699205946e-06,-0.0015136226034309,1.1141455851890403e-06,1,1,1,1,0
1273,29,14:13:42,6,-0.0040363269424824,155961.0,-0.0037840565085773,-0.0040363269424824,2.5749142413257824e-06,-0.0045408678102926,2.7894904281029307e-06,-0.0050454086781029,3.2103898713965685e-06,-0.0055499495459131,1.9306079758760904e-06,-0.0060544904137235,1.013459836008994e-05,-0.003531786074672,6.841679186086774e-06,-0.0030272452068617,2.228291170378081e-06,-0.0025227043390515,7.111219888399916e-06,-0.0020181634712411,4.49784699205946e-06,-0.0015136226034309,1.1141455851890403e-06,1,1,1,1,0
1274,29,14:13:45,6,-0.0040363269424824,30301.0,-0.0037840565085773,-0.0040363269424824,2.6545550183411472e-06,-0.0045408678102926,2.7894904281029307e-06,-0.0050454086781029,3.2103898713965685e-06,-0.0055499495459131,2.3432544889090685e-06,-0.0060544904137235,1.013459836008994e-05,-0.003531786074672,6.874690907129413e-06,-0.0030272452068617,2.228291170378081e-06,-0.0025227043390515,7.111219888399916e-06,-0.0020181634712411,4.49784699205946e-06,-0.0015136226034309,1.1141455851890403e-06,1,0,1,1,0
1275,29,14:13:48,6,-0.0040363269424824,21714.0,-0.0037840565085773,-0.0040363269424824,2.638049157819828e-06,-0.0045408678102926,2.7894904281029307e-06,-0.0050454086781029,3.2103898713965685e-06,-0.0055499495459131,2.755901001942046e-06,-0.0060544904137235,1.013459836008994e-05,-0.003531786074672,6.998484861039306e-06,-0.0030272452068617,2.228291170378081e-06,-0.0025227043390515,7.111219888399916e-06,-0.0020181634712411,4.49784699205946e-06,-0.0015136226034309,1.1141455851890403e-06,1,0,1,1,0
1276,29,14:13:51,6,-0.0040363269424824,63194.0,-0.0037840565085773,-0.0040363269424824,2.629796227559169e-06,-0.0045408678102926,2.7894904281029307e-06,-0.0050454086781029,3.2103898713965685e-06,-0.0055499495459131,2.747648071681387e-06,-0.0060544904137235,1.013459836008994e-05,-0.003531786074672,6.899449697911391e-06,-0.0030272452068617,2.2695558216813787e-06,-0.0025227043390515,7.111219888399916e-06,-0.0020181634712411,4.49784699205946e-06,-0.0015136226034309,1.1141455851890403e-06,1,0,1,1,0
1277,29,14:13:54,6,-0.003531786074672,39484.0,-0.0037840565085773,-0.0040363269424824,2.5142552039099345e-06,-0.0045408678102926,2.7894904281029307e-06,-0.0050454086781029,3.2103898713965685e-06,-0.0055499495459131,2.747648071681387e-06,-0.0060544904137235,1.0175863011393236e-05,-0.003531786074672,6.858185046608093e-06,-0.0030272452068617,2.3520851242879744e-06,-0.0025227043390515,7.111219888399916e-06,-0.0020181634712411,4.49784699205946e-06,-0.0015136226034309,1.1141455851890403e-06,1,0,1,1,0
1278,29,14:13:57,6,-0.003531786074672,138186.0,-0.0037840565085773,-0.0040363269424824,2.0603440395736588e-06,-0.0045408678102926,2.80599628862425e-06,-0.0050454086781029,3.2103898713965685e-06,-0.0055499495459131,2.747648071681387e-06,-0.0060544904137235,1.0175863011393236e-05,-0.003531786074672,6.825173325565456e-06,-0.0030272452068617,2.3520851242879744e-06,-0.0025227043390515,7.111219888399916e-06,-0.0020181634712411,4.49784699205946e-06,-0.0015136226034309,1.1141455851890403e-06,1,0,1,1,0
1279,29,14:14:00,6,-0.0040363269424824,149641.0,-0.0037840565085773,-0.0040363269424824,1.5750717402468768e-06,-0.0045408678102926,2.80599628862425e-06,-0.0050454086781029,3.2103898713965685e-06,-0.0055499495459131,2.747648071681387e-06,-0.0060544904137235,1.0192368871914555e-05,-0.003531786074672,6.726138162437541e-06,-0.0030272452068617,2.3520851242879744e-06,-0.0025227043390515,7.111219888399916e-06,-0.0020181634712411,4.50609992232012e-06,-0.0015136226034309,1.1141455851890403e-06,0,0,1,1,0
1280,29,14:14:03,6,-0.0040363269424824,234906.0,-0.0037840565085773,-0.0040363269424824,2.466388208398109e-06,-0.0045408678102926,2.80599628862425e-06,-0.0050454086781029,3.2103898713965685e-06,-0.0055499495459131,2.747648071681387e-06,-0.0060544904137235,1.0192368871914555e-05,-0.003531786074672,6.998484861039306e-06,-0.0030272452068617,2.3520851242879744e-06,-0.0025227043390515,7.111219888399916e-06,-0.0020181634712411,4.50609992232012e-06,-0.0015136226034309,1.1141455851890403e-06,0,0,1,1,0
1281,29,14:14:06,6,-0.0040363269424824,110569.0,-0.0037840565085773,-0.0040363269424824,2.26831788214228e-06,-0.0045408678102926,2.80599628862425e-06,-0.0050454086781029,3.2103898713965685e-06,-0.0055499495459131,2.747648071681387e-06,-0.0060544904137235,1.0151104220611257e-05,-0.003531786074672,7.204808117555795e-06,-0.0030272452068617,2.475879078197868e-06,-0.0025227043390515,7.111219888399916e-06,-0.0020181634712411,4.50609992232012e-06,-0.0015136226034309,9.73845770757828e-07,0,0,1,0,0
1282,29,14:14:09,6,-0.0040363269424824,148098.0,-0.0037840565085773,-0.0040363269424824,2.1362709979717267e-06,-0.0045408678102926,2.4181085663732507e-06,-0.0050454086781029,3.2103898713965685e-06,-0.0055499495459131,2.747648071681387e-06,-0.0060544904137235,1.0159357150871917e-05,-0.003531786074672,6.8829438373900725e-06,-0.0030272452068617,2.475879078197868e-06,-0.0025227043390515,7.111219888399916e-06,-0.0020181634712411,4.50609992232012e-06,-0.0015136226034309,9.73845770757828e-07,0,0,1,1,0
1283,29,14:14:12,6,-0.0040363269424824,35533.0,-0.0037840565085773,-0.0040363269424824,2.1610297887537054e-06,-0.0045408678102926,2.5006378689798464e-06,-0.0050454086781029,3.218642801657228e-06,-0.0055499495459131,2.747648071681387e-06,-0.0060544904137235,1.0159357150871917e-05,-0.003531786074672,7.138784675470519e-06,-0.0030272452068617,2.475879078197868e-06,-0.0025227043390515,7.111219888399916e-06,-0.0020181634712411,4.50609992232012e-06,-0.0015136226034309,9.73845770757828e-07,0,1,1,0,0
1284,29,14:14:15,6,-0.0040363269424824,621525.0,-0.0042885973763875,-0.0045408678102926,2.5006378689798464e-06,-0.0050454086781029,3.218642801657228e-06,-0.0055499495459131,2.6651187690747912e-06,-0.0060544904137235,1.0167610081132576e-05,-0.0065590312815337,6.313491649404563e-06,-0.0040363269424824,3.065963591835027e-07,-0.003531786074672,7.048002442603263e-06,-0.0030272452068617,2.525396659761825e-06,-0.0025227043390515,7.111219888399916e-06,-0.0020181634712411,4.50609992232012e-06,1,2,1,1,0
1285,29,14:14:18,6,-0.0040363269424824,274066.0,-0.0042885973763875,-0.0045408678102926,2.4030882332988505e-06,-0.0050454086781029,3.218642801657228e-06,-0.0055499495459131,2.615601187510834e-06,-0.0060544904137235,1.008508077852598e-05,-0.0065590312815337,6.313491649404563e-06,-0.0040363269424824,2.983434289228431e-07,-0.003531786074672,6.594091278266987e-06,-0.0030272452068617,2.525396659761825e-06,-0.0025227043390515,7.111219888399916e-06,-0.0020181634712411,4.514352852580779e-06,1,2,1,1,0
1286,29,14:14:21,6,-0.0040363269424824,17766.0,-0.0042885973763875,-0.0045408678102926,2.493870466166105e-06,-0.0050454086781029,3.325930895045802e-06,-0.0055499495459131,2.615601187510834e-06,-0.0060544904137235,1.008508077852598e-05,-0.0065590312815337,6.313491649404563e-06,-0.0040363269424824,1.2639362694200115e-06,-0.003531786074672,6.627102999309626e-06,-0.0030272452068617,2.525396659761825e-06,-0.0025227043390515,7.111219888399916e-06,-0.0020181634712411,4.514352852580779e-06,1,2,1,1,0
1287,29,14:14:24,6,-0.0045408678102926,55255.0,-0.0042885973763875,-0.0045408678102926,2.353570651734893e-06,-0.0050454086781029,3.325930895045802e-06,-0.0055499495459131,2.574336536207536e-06,-0.0060544904137235,1.0233633523217854e-05,-0.0065590312815337,6.313491649404563e-06,-0.0040363269424824,1.2309245483773731e-06,-0.003531786074672,6.643608859830945e-06,-0.0030272452068617,2.525396659761825e-06,-0.0025227043390515,7.111219888399916e-06,-0.0020181634712411,4.514352852580779e-06,1,2,1,1,0
1288,29,14:14:27,6,-0.0045408678102926,416474.0,-0.0042885973763875,-0.0045408678102926,2.03170637156917e-06,-0.0050454086781029,3.325930895045802e-06,-0.0055499495459131,2.599095326989515e-06,-0.0060544904137235,1.0225380592957194e-05,-0.0065590312815337,6.313491649404563e-06,-0.0040363269424824,7.935192445624166e-07,-0.003531786074672,6.032892020542137e-06,-0.0030272452068617,2.525396659761825e-06,-0.0025227043390515,7.111219888399916e-06,-0.0020181634712411,4.514352852580779e-06,2,2,1,1,1
1289,29,14:14:30,6,-0.0040363269424824,39480.0,-0.0042885973763875,-0.0045408678102926,2.081223953133128e-06,-0.0050454086781029,3.325930895045802e-06,-0.0055499495459131,2.599095326989515e-06,-0.0060544904137235,1.0225380592957194e-05,-0.0065590312815337,6.313491649404563e-06,-0.0040363269424824,1.2144186878560542e-06,-0.003531786074672,6.032892020542137e-06,-0.0030272452068617,2.525396659761825e-06,-0.0025227043390515,7.111219888399916e-06,-0.0020181634712411,4.514352852580779e-06,2,2,1,0,0
1290,29,14:14:33,6,-0.0040363269424824,177622.0,-0.0042885973763875,-0.0045408678102926,3.459463306663274e-06,-0.0050454086781029,3.325930895045802e-06,-0.0055499495459131,2.599095326989515e-06,-0.0060544904137235,1.030790989556379e-05,-0.0065590312815337,6.313491649404563e-06,-0.0040363269424824,8.182780353443952e-07,-0.003531786074672,6.222709416537308e-06,-0.0030272452068617,2.525396659761825e-06,-0.0025227043390515,7.111219888399916e-06,-0.0020181634712411,4.530858713102098e-06,2,2,1,0,0
1291,29,14:14:36,6,-0.0040363269424824,140131.0,-0.0042885973763875,-0.0045408678102926,3.269645910668104e-06,-0.0050454086781029,3.325930895045802e-06,-0.0055499495459131,2.599095326989515e-06,-0.0060544904137235,1.030790989556379e-05,-0.0065590312815337,6.313491649404563e-06,-0.0040363269424824,1.1401423155101182e-06,-0.003531786074672,6.222709416537308e-06,-0.0030272452068617,2.525396659761825e-06,-0.0025227043390515,7.111219888399916e-06,-0.0020181634712411,4.530858713102098e-06,2,2,1,0,0
1292,29,14:14:39,6,-0.0040363269424824,33546.0,-0.0042885973763875,-0.0045408678102926,3.34392228301404e-06,-0.0050454086781029,3.325930895045802e-06,-0.0055499495459131,2.599095326989515e-06,-0.0060544904137235,1.030790989556379e-05,-0.0065590312815337,6.313491649404563e-06,-0.0040363269424824,1.2474304088986923e-06,-0.003531786074672,6.387768021750498e-06,-0.0030272452068617,2.525396659761825e-06,-0.0025227043390515,7.111219888399916e-06,-0.0020181634712411,4.530858713102098e-06,2,2,1,0,1
1293,29,14:14:42,6,-0.0040363269424824,549048.0,-0.0037840565085773,-0.0040363269424824,1.5267920982220186e-08,-0.0045408678102926,3.2201283291041466e-06,-0.0050454086781029,3.334183825306462e-06,-0.0055499495459131,3.25932974784228e-06,-0.0060544904137235,1.030790989556379e-05,-0.003531786074672,6.627102999309626e-06,-0.0030272452068617,2.525396659761825e-06,-0.0025227043390515,7.111219888399916e-06,-0.0020181634712411,4.530858713102098e-06,-0.0015136226034309,9.73845770757828e-07,1,1,1,0,0
1294,29,14:14:45,6,-0.0040363269424824,23684.0,-0.0037840565085773,-0.0040363269424824,3.713818617296802e-07,-0.0045408678102926,3.0538317843518566e-06,-0.0050454086781029,3.334183825306462e-06,-0.0055499495459131,3.25932974784228e-06,-0.0060544904137235,1.0349174546867086e-05,-0.003531786074672,6.816920395304796e-06,-0.0030272452068617,2.2778087519420384e-06,-0.0025227043390515,7.111219888399916e-06,-0.0020181634712411,4.530858713102098e-06,-0.0015136226034309,9.73845770757828e-07,1,1,1,0,0
1295,29,14:14:48,6,-0.0040363269424824,86863.0,-0.0037840565085773,-0.0040363269424824,1.3204688417055296e-07,-0.0045408678102926,3.029072993569878e-06,-0.0050454086781029,3.334183825306462e-06,-0.0055499495459131,3.25932974784228e-06,-0.0060544904137235,1.0406945058691704e-05,-0.003531786074672,7.0892670939065616e-06,-0.0030272452068617,2.401602705851932e-06,-0.0025227043390515,7.111219888399916e-06,-0.0020181634712411,4.530858713102098e-06,-0.0015136226034309,9.73845770757828e-07,1,0,1,0,0
1296,29,14:14:51,6,-0.0040363269424824,223155.0,-0.0037840565085773,-0.0040363269424824,8.665576773692537e-07,-0.0045408678102926,3.029072993569878e-06,-0.0050454086781029,3.334183825306462e-06,-0.0055499495459131,3.25932974784228e-06,-0.0060544904137235,1.0572003663904896e-05,-0.003531786074672,6.321744579665222e-06,-0.0030272452068617,2.451120287415889e-06,-0.0025227043390515,7.111219888399916e-06,-0.0020181634712411,4.530858713102098e-06,-0.0015136226034309,9.73845770757828e-07,1,0,1,0,0
1297,29,14:14:54,6,-0.0040363269424824,343487.0,-0.0037840565085773,-0.0040363269424824,1.4112510745727846e-06,-0.0045408678102926,1.5352926163904977e-06,-0.0050454086781029,3.334183825306462e-06,-0.0055499495459131,3.176800445235684e-06,-0.0060544904137235,1.0572003663904896e-05,-0.003531786074672,6.313491649404563e-06,-0.0030272452068617,2.376843915069953e-06,-0.0025227043390515,7.111219888399916e-06,-0.0020181634712411,4.530858713102098e-06,-0.0015136226034309,9.73845770757828e-07,1,1,1,0,0
1298,29,14:14:57,6,-0.003531786074672,195521.0,-0.0037840565085773,-0.0040363269424824,1.5680567495253165e-06,-0.0045408678102926,1.947939129423476e-06,-0.0050454086781029,3.334183825306462e-06,-0.0055499495459131,3.176800445235684e-06,-0.0060544904137235,1.0572003663904896e-05,-0.003531786074672,5.529463274641904e-06,-0.0030272452068617,2.335579263766655e-06,-0.0025227043390515,7.111219888399916e-06,-0.0020181634712411,4.530858713102098e-06,-0.0015136226034309,9.73845770757828e-07,1,0,1,0,0
1299,29,14:15:00,6,-0.0040363269424824,232932.0,-0.0037840565085773,-0.0040363269424824,7.757754445019985e-07,-0.0045408678102926,2.0304684320300715e-06,-0.0050454086781029,3.3424367555671216e-06,-0.0055499495459131,3.0942711426290883e-06,-0.0060544904137235,1.0572003663904896e-05,-0.003531786074672,5.62024550750916e-06,-0.0030272452068617,2.335579263766655e-06,-0.0025227043390515,7.111219888399916e-06,-0.0020181634712411,6.18144476523401e-06,-0.0015136226034309,9.73845770757828e-07,1,0,1,0,0
1300,29,14:15:03,6,-0.0040363269424824,256675.0,-0.0037840565085773,-0.0040363269424824,8.995693984118919e-07,-0.0045408678102926,2.0304684320300715e-06,-0.0050454086781029,3.358942616088441e-06,-0.0055499495459131,3.0942711426290883e-06,-0.0060544904137235,1.0572003663904896e-05,-0.003531786074672,5.339645878646735e-06,-0.0030272452068617,2.682202334714357e-06,-0.0025227043390515,7.111219888399916e-06,-0.0020181634712411,6.189697695494669e-06,-0.0015136226034309,9.73845770757828e-07,0,0,1,0,0
1301,29,14:15:06,6,-0.003531786074672,146135.0,-0.0037840565085773,-0.0040363269424824,2.261302891420719e-06,-0.0045408678102926,2.1955270372432625e-06,-0.0050454086781029,3.358942616088441e-06,-0.0055499495459131,3.0942711426290883e-06,-0.0060544904137235,1.0572003663904896e-05,-0.003531786074672,4.910493505092438e-06,-0.0030272452068617,2.682202334714357e-06,-0.0025227043390515,7.111219888399916e-06,-0.0020181634712411,6.189697695494669e-06,-0.0015136226034309,9.73845770757828e-07,0,0,0,0,0
1302,29,14:15:09,6,-0.003531786074672,425333.0,-0.0037840565085773,-0.0040363269424824,1.2343907790868502e-06,-0.0045408678102926,2.1872741069826028e-06,-0.0050454086781029,3.358942616088441e-06,-0.0055499495459131,3.0942711426290883e-06,-0.0060544904137235,1.0753568129639405e-05,-0.003531786074672,4.29977666580363e-06,-0.0030272452068617,2.682202334714357e-06,-0.0025227043390515,7.111219888399916e-06,-0.0020181634712411,6.189697695494669e-06,-0.0015136226034309,9.73845770757828e-07,1,0,1,0,0
1303,29,14:15:12,6,-0.003531786074672,57253.0,-0.0037840565085773,-0.0040363269424824,1.2674025001294886e-06,-0.0045408678102926,2.1872741069826028e-06,-0.0050454086781029,3.358942616088441e-06,-0.0055499495459131,3.0942711426290883e-06,-0.0060544904137235,1.0753568129639405e-05,-0.003531786074672,4.250259084239673e-06,-0.0030272452068617,2.682202334714357e-06,-0.0025227043390515,7.111219888399916e-06,-0.0020181634712411,6.189697695494669e-06,-0.0015136226034309,9.73845770757828e-07,0,0,0,0,0
1304,29,14:15:15,6,-0.0040363269424824,167870.0,-0.0037840565085773,-0.0040363269424824,1.5232433382099347e-06,-0.0045408678102926,2.162515316200624e-06,-0.0050454086781029,3.358942616088441e-06,-0.0055499495459131,3.0942711426290883e-06,-0.0060544904137235,1.0753568129639405e-05,-0.003531786074672,4.052188757983844e-06,-0.0030272452068617,2.682202334714357e-06,-0.0025227043390515,7.111219888399916e-06,-0.0020181634712411,6.206203556015988e-06,-0.0015136226034309,9.73845770757828e-07,0,0,0,0,0
1305,29,14:15:18,6,-0.0045408678102926,546807.0,-0.0042885973763875,-0.0045408678102926,1.9361374391507324e-06,-0.0050454086781029,3.358942616088441e-06,-0.0055499495459131,3.0942711426290883e-06,-0.0060544904137235,1.0753568129639405e-05,-0.0065590312815337,6.313491649404563e-06,-0.0040363269424824,1.072880933885743e-07,-0.003531786074672,4.398811828931545e-06,-0.0030272452068617,2.682202334714357e-06,-0.0025227043390515,7.111219888399916e-06,-0.0020181634712411,6.206203556015988e-06,0,1,1,0,0
1306,29,14:15:21,6,-0.0045408678102926,47357.0,-0.0042885973763875,-0.0045408678102926,1.79583762471952e-06,-0.0050454086781029,3.358942616088441e-06,-0.0055499495459131,3.0942711426290883e-06,-0.0060544904137235,1.0753568129639405e-05,-0.0065590312815337,6.313491649404563e-06,-0.0040363269424824,2.8885255912308454e-07,-0.003531786074672,4.283270805282311e-06,-0.0030272452068617,2.682202334714357e-06,-0.0025227043390515,7.111219888399916e-06,-0.0020181634712411,6.206203556015988e-06,0,1,1,0,0
1307,29,14:15:24,6,-0.0040363269424824,238351.0,-0.0037840565085773,-0.0040363269424824,3.3011721042638234e-08,-0.0045408678102926,1.2364540116520151e-06,-0.0050454086781029,3.358942616088441e-06,-0.0055499495459131,3.0942711426290883e-06,-0.0060544904137235,1.0794832780942705e-05,-0.003531786074672,4.431823549974183e-06,-0.0030272452068617,2.682202334714357e-06,-0.0025227043390515,7.1689904002245326e-06,-0.0020181634712411,6.206203556015988e-06,-0.0015136226034309,9.73845770757828e-07,0,0,0,0,0
1308,29,14:15:27,6,-0.0045408678102926,211131.0,-0.0042885973763875,-0.0045408678102926,5.019432184533143e-07,-0.0050454086781029,3.358942616088441e-06,-0.0055499495459131,3.0942711426290883e-06,-0.0060544904137235,1.0803085711203364e-05,-0.0065590312815337,6.313491649404563e-06,-0.0040363269424824,3.466230709477015e-07,-0.003531786074672,4.580376294666055e-06,-0.0030272452068617,2.5584083808044635e-06,-0.0025227043390515,7.1689904002245326e-06,-0.0020181634712411,6.206203556015988e-06,1,1,1,1,0
1309,29,14:15:30,6,-0.0040363269424824,276215.0,-0.0042885973763875,-0.0045408678102926,1.6505860521319117e-08,-0.0050454086781029,3.052098668997118e-06,-0.0055499495459131,3.0942711426290883e-06,-0.0060544904137235,1.0803085711203364e-05,-0.0065590312815337,6.313491649404563e-06,-0.0040363269424824,1.3947452140514654e-06,-0.003531786074672,4.951758156395736e-06,-0.0030272452068617,2.5584083808044635e-06,-0.0025227043390515,7.1689904002245326e-06,-0.0020181634712411,6.206203556015988e-06,1,1,0,0,0
1310,29,14:15:33,6,-0.0050454086781029,72974.0,-0.0047931382441976,-0.0050454086781029,2.903545924305246e-06,-0.0055499495459131,3.0942711426290883e-06,-0.0060544904137235,1.0811338641464022e-05,-0.0065590312815337,6.313491649404563e-06,-0.0070635721493441,2.888525591230846e-06,-0.0045408678102926,2.228291170378081e-07,-0.0040363269424824,3.796347919903397e-06,-0.003531786074672,4.819711272225183e-06,-0.0030272452068617,2.6409376834110587e-06,-0.0025227043390515,7.1689904002245326e-06,2,2,1,1,0
1311,29,14:15:36,6,-0.0045408678102926,203171.0,-0.0047931382441976,-0.0050454086781029,5.082319513119369e-06,-0.0055499495459131,3.0942711426290883e-06,-0.0060544904137235,1.0811338641464022e-05,-0.0065590312815337,6.313491649404563e-06,-0.0070635721493441,2.888525591230846e-06,-0.0045408678102926,3.218642801657228e-07,-0.0040363269424824,3.7880949896427376e-06,-0.003531786074672,5.2818753668221175e-06,-0.0030272452068617,2.6409376834110587e-06,-0.0025227043390515,7.1689904002245326e-06,2,1,1,1,0
1312,29,14:15:39,6,-0.0050454086781029,284014.0,-0.0045408678102928,-0.0050454086781029,4.438590952787924e-06,-0.0055499495459131,3.1355357939323864e-06,-0.0060544904137235,1.085260329276732e-05,-0.0065590312815337,6.313491649404563e-06,-0.0070635721493441,2.888525591230846e-06,-0.0040363269424824,4.076947548765822e-06,-0.003531786074672,5.24886364577948e-06,-0.0030272452068617,2.6409376834110587e-06,-0.0025227043390515,7.1689904002245326e-06,-0.0020181634712411,6.206203556015988e-06,1,1,1,1,0
1313,29,14:15:42,6,-0.0050454086781029,39466.0,-0.0045408678102928,-0.0050454086781029,4.496361464612541e-06,-0.0055499495459131,2.7228892808994083e-06,-0.0060544904137235,1.085260329276732e-05,-0.0065590312815337,6.313491649404563e-06,-0.0070635721493441,2.888525591230846e-06,-0.0040363269424824,4.010924106680546e-06,-0.003531786074672,4.902240574831778e-06,-0.0030272452068617,2.6409376834110587e-06,-0.0025227043390515,7.1689904002245326e-06,-0.0020181634712411,6.206203556015988e-06,1,1,1,1,0
1314,29,14:15:45,6,-0.0040363269424824,619784.0,-0.0042885973763875,-0.0045408678102926,1.7331153547385076e-07,-0.0050454086781029,4.290038208096052e-06,-0.0055499495459131,2.805418583506004e-06,-0.0060544904137235,1.0877362083549298e-05,-0.0065590312815337,6.313491649404563e-06,-0.0040363269424824,2.038473774382911e-06,-0.003531786074672,4.902240574831778e-06,-0.0030272452068617,2.6409376834110587e-06,-0.0025227043390515,7.1689904002245326e-06,-0.0020181634712411,6.206203556015988e-06,1,0,0,0,0
1315,29,14:15:48,6,-0.0045408678102926,55244.0,-0.0042885973763875,-0.0045408678102926,3.7963479199033973e-07,-0.0050454086781029,4.306544068617371e-06,-0.0055499495459131,2.8466832348093016e-06,-0.0060544904137235,1.0398692128431044e-05,-0.0065590312815337,6.313491649404563e-06,-0.0040363269424824,3.1691252200932705e-06,-0.003531786074672,4.976516947177714e-06,-0.0030272452068617,2.682202334714357e-06,-0.0025227043390515,7.1689904002245326e-06,-0.0020181634712411,6.206203556015988e-06,1,0,0,0,0
1316,29,14:15:51,6,-0.0045408678102926,289988.0,-0.0042885973763875,-0.0045408678102926,8.25293026065956e-08,-0.0050454086781029,3.687574299067904e-06,-0.0055499495459131,2.8466832348093016e-06,-0.0060544904137235,1.0398692128431044e-05,-0.0065590312815337,6.313491649404563e-06,-0.0040363269424824,3.334183825306462e-06,-0.003531786074672,5.092057970826948e-06,-0.0030272452068617,2.682202334714357e-06,-0.0025227043390515,7.1689904002245326e-06,-0.0020181634712411,6.206203556015988e-06,0,0,0,0,0
1317,29,14:15:54,6,-0.0040363269424824,294071.0,-0.0042885973763875,-0.0045408678102926,2.830755079406229e-06,-0.0050454086781029,1.4757889892111423e-06,-0.0055499495459131,2.87969495585194e-06,-0.0060544904137235,1.0563750733644237e-05,-0.0065590312815337,6.313491649404563e-06,-0.0040363269424824,2.863766800448867e-06,-0.003531786074672,4.976516947177714e-06,-0.0030272452068617,2.682202334714357e-06,-0.0025227043390515,7.1689904002245326e-06,-0.0020181634712411,6.206203556015988e-06,1,0,0,0,0
1318,29,14:15:57,6,-0.0045408678102926,33541.0,-0.0042885973763875,-0.0045408678102926,2.731719916278314e-06,-0.0050454086781029,1.5830770825997167e-06,-0.0055499495459131,2.87969495585194e-06,-0.0060544904137235,1.085260329276732e-05,-0.0065590312815337,6.321744579665222e-06,-0.0040363269424824,2.99581368461942e-06,-0.003531786074672,4.976516947177714e-06,-0.0030272452068617,2.682202334714357e-06,-0.0025227043390515,7.1689904002245326e-06,-0.0020181634712411,6.206203556015988e-06,0,0,0,0,0
1319,29,14:16:00,6,-0.0045408678102926,451817.0,-0.0042885973763875,-0.0045408678102926,8.500518168479345e-07,-0.0050454086781029,1.5088007102537805e-06,-0.0055499495459131,2.87969495585194e-06,-0.0060544904137235,1.086910915328864e-05,-0.0065590312815337,6.321744579665222e-06,-0.0040363269424824,3.070090056965356e-06,-0.003531786074672,4.976516947177714e-06,-0.0030272452068617,2.682202334714357e-06,-0.0025227043390515,7.1689904002245326e-06,-0.0020181634712411,6.206203556015988e-06,0,0,0,0,0
1320,29,14:16:03,6,-0.0040363269424824,250590.0,-0.0042885973763875,-0.0045408678102926,1.6505860521319117e-07,-0.0050454086781029,1.6738593154669717e-06,-0.0055499495459131,2.9209596071552376e-06,-0.0060544904137235,1.086910915328864e-05,-0.0065590312815337,6.321744579665222e-06,-0.0040363269424824,3.0040666148800795e-06,-0.003531786074672,5.149828482651565e-06,-0.0030272452068617,2.682202334714357e-06,-0.0025227043390515,7.1689904002245326e-06,-0.0020181634712411,6.206203556015988e-06,0,0,0,0,0
1321,29,14:16:06,6,-0.0050454086781029,307032.0,-0.0047931382441976,-0.0050454086781029,1.6357307776627243e-06,-0.0055499495459131,2.9209596071552376e-06,-0.0060544904137235,1.1512837713620083e-05,-0.0065590312815337,6.321744579665222e-06,-0.0070635721493441,2.979307824098101e-06,-0.0045408678102926,8.252930260659559e-09,-0.0040363269424824,3.086595917486675e-06,-0.003531786074672,5.149828482651565e-06,-0.0030272452068617,2.682202334714357e-06,-0.0025227043390515,7.1689904002245326e-06,1,0,1,0,0
1322,29,14:16:09,6,-0.0040363269424824,78946.0,-0.0042885973763875,-0.0045408678102926,6.602344208527648e-08,-0.0050454086781029,1.833801103918554e-06,-0.0055499495459131,2.9209596071552376e-06,-0.0060544904137235,1.1512837713620083e-05,-0.0065590312815337,6.321744579665222e-06,-0.0040363269424824,2.905031451752165e-06,-0.003531786074672,5.149828482651565e-06,-0.0030272452068617,2.682202334714357e-06,-0.0025227043390515,7.1689904002245326e-06,-0.0020181634712411,6.206203556015988e-06,0,0,0,0,0
1323,29,14:16:12,6,-0.0045408678102926,293911.0,-0.0047931382441976,-0.0050454086781029,1.4129016606249165e-06,-0.0055499495459131,2.9457183979372163e-06,-0.0060544904137235,1.1512837713620083e-05,-0.0065590312815337,6.321744579665222e-06,-0.0070635721493441,2.979307824098101e-06,-0.0045408678102926,1.237939539098934e-07,-0.0040363269424824,3.012319545140739e-06,-0.003531786074672,5.075552110305628e-06,-0.0030272452068617,2.7234669860176544e-06,-0.0025227043390515,7.1689904002245326e-06,1,0,0,0,0
1324,29,14:16:15,6,-0.0045408678102926,1018504.0,-0.0047931382441976,-0.0050454086781029,1.5284426842741504e-06,-0.0055499495459131,2.9457183979372163e-06,-0.0060544904137235,1.1512837713620083e-05,-0.0065590312815337,6.321744579665222e-06,-0.0070635721493441,2.979307824098101e-06,-0.0045408678102926,1.0976397246677211e-06,-0.003531786074672,5.075552110305628e-06,-0.0030272452068617,2.7234669860176544e-06,-0.0025227043390515,7.1689904002245326e-06,-0.0020181634712411,6.247468207319286e-06,0,0,1,0,0
1325,29,14:16:18,6,-0.0045408678102926,114420.0,-0.0047931382441976,-0.0050454086781029,1.4376604514068952e-06,-0.0055499495459131,2.9457183979372163e-06,-0.0060544904137235,1.1512837713620083e-05,-0.0065590312815337,6.420779742793137e-06,-0.0070635721493441,2.979307824098101e-06,-0.0045408678102926,1.1801690272743168e-06,-0.0040363269424824,1.7826329363024648e-06,-0.003531786074672,5.257116576040139e-06,-0.0030272452068617,2.7234669860176544e-06,-0.0025227043390515,7.1689904002245326e-06,0,0,1,0,0
1326,29,14:16:21,6,-0.0050454086781029,108488.0,-0.0047931382441976,-0.0050454086781029,1.2230842646297466e-06,-0.0055499495459131,2.9457183979372163e-06,-0.0060544904137235,1.158711408596602e-05,-0.0065590312815337,6.420779742793137e-06,-0.0070635721493441,2.979307824098101e-06,-0.0045408678102926,9.490869799758492e-07,-0.0040363269424824,1.7826329363024648e-06,-0.003531786074672,5.356151739168054e-06,-0.0030272452068617,2.7234669860176544e-06,-0.0025227043390515,7.1689904002245326e-06,0,0,1,0,0
1327,29,14:16:24,6,-0.0050454086781029,69020.0,-0.0047931382441976,-0.0050454086781029,9.7549635680996e-07,-0.0055499495459131,2.9457183979372163e-06,-0.0060544904137235,1.1669643388572616e-05,-0.0065590312815337,6.420779742793137e-06,-0.0070635721493441,2.979307824098101e-06,-0.0045408678102926,1.3617334930088272e-06,-0.0040363269424824,1.906426890212358e-06,-0.003531786074672,5.356151739168054e-06,-0.0030272452068617,2.731719916278314e-06,-0.0025227043390515,7.1689904002245326e-06,0,0,1,0,0
1328,29,14:16:27,6,-0.0045408678102926,260436.0,-0.0047931382441976,-0.0050454086781029,1.231337194890406e-06,-0.0055499495459131,2.9457183979372163e-06,-0.0060544904137235,1.1826449063525148e-05,-0.0065590312815337,6.420779742793137e-06,-0.0070635721493441,2.979307824098101e-06,-0.0045408678102926,4.5391116433627574e-07,-0.0040363269424824,1.906426890212358e-06,-0.003531786074672,5.933856857414223e-06,-0.0030272452068617,2.731719916278314e-06,-0.0025227043390515,7.1689904002245326e-06,0,0,1,0,0
1329,29,14:16:30,6,-0.0055499495459131,347463.0,-0.005297679112008,-0.0055499495459131,2.9127066768945783e-06,-0.0060544904137235,1.1851207854307127e-05,-0.0065590312815337,6.420779742793137e-06,-0.0070635721493441,2.979307824098101e-06,-0.0075681130171543,5.191093133954863e-06,-0.0050454086781029,7.774260305541305e-07,-0.0045408678102926,7.922813050233176e-07,-0.0040363269424824,1.906426890212358e-06,-0.003531786074672,5.933856857414223e-06,-0.0030272452068617,2.731719916278314e-06,1,1,1,0,0
1330,29,14:16:33,6,-0.0050454086781029,88718.0,-0.005297679112008,-0.0055499495459131,2.962224258458536e-06,-0.0060544904137235,1.1851207854307127e-05,-0.0065590312815337,6.420779742793137e-06,-0.0070635721493441,2.979307824098101e-06,-0.0075681130171543,5.191093133954863e-06,-0.0050454086781029,1.6109719868807458e-06,-0.0045408678102926,8.170400958052963e-07,-0.0040363269424824,1.906426890212358e-06,-0.003531786074672,5.933856857414223e-06,-0.0030272452068617,2.731719916278314e-06,1,1,1,0,0
1331,29,14:16:36,6,-0.0050454086781029,63103.0,-0.005297679112008,-0.0055499495459131,5.726955895779488e-06,-0.0060544904137235,1.1851207854307127e-05,-0.0065590312815337,6.420779742793137e-06,-0.0070635721493441,2.979307824098101e-06,-0.0075681130171543,5.191093133954863e-06,-0.0050454086781029,1.3716370093216186e-06,-0.0045408678102926,8.583047471085941e-07,-0.0040363269424824,1.906426890212358e-06,-0.003531786074672,6.098915462627414e-06,-0.0030272452068617,2.731719916278314e-06,1,1,1,0,0
1332,29,14:16:39,6,-0.0055499495459131,43372.0,-0.005297679112008,-0.0055499495459131,5.644426593172892e-06,-0.0060544904137235,1.1809943203003827e-05,-0.0065590312815337,6.420779742793137e-06,-0.0070635721493441,2.979307824098101e-06,-0.0075681130171543,5.191093133954863e-06,-0.0050454086781029,4.0290805532539966e-06,-0.0045408678102926,8.583047471085941e-07,-0.0040363269424824,1.906426890212358e-06,-0.003531786074672,6.098915462627414e-06,-0.0030272452068617,2.731719916278314e-06,1,0,1,0,0
1333,29,14:16:42,6,-0.0055499495459131,526513.0,-0.005297679112008,-0.0055499495459131,5.636173662912232e-06,-0.0060544904137235,1.1809943203003827e-05,-0.0065590312815337,6.462044394096435e-06,-0.0070635721493441,2.979307824098101e-06,-0.0075681130171543,5.191093133954863e-06,-0.0050454086781029,2.1639183143449363e-06,-0.0045408678102926,8.583047471085941e-07,-0.0040363269424824,1.906426890212358e-06,-0.003531786074672,5.99162736923884e-06,-0.0030272452068617,2.731719916278314e-06,1,0,1,0,0
1334,29,14:16:45,6,-0.0050454086781029,179432.0,-0.005297679112008,-0.0055499495459131,5.528885569523658e-06,-0.0060544904137235,1.1809943203003827e-05,-0.0065590312815337,6.462044394096435e-06,-0.0070635721493441,2.979307824098101e-06,-0.0075681130171543,5.191093133954863e-06,-0.0050454086781029,1.949342127567788e-06,-0.0045408678102926,8.583047471085941e-07,-0.0040363269424824,1.906426890212358e-06,-0.003531786074672,5.99162736923884e-06,-0.0030272452068617,2.731719916278314e-06,1,1,0,0,1
1335,29,14:16:48,6,-0.0055499495459131,25623.0,-0.005297679112008,-0.0055499495459131,5.446356266917063e-06,-0.0060544904137235,1.1809943203003827e-05,-0.0065590312815337,6.462044394096435e-06,-0.0070635721493441,3.0618371267046965e-06,-0.0075681130171543,5.191093133954863e-06,-0.0050454086781029,1.949342127567788e-06,-0.0045408678102926,8.583047471085941e-07,-0.0040363269424824,1.906426890212358e-06,-0.003531786074672,5.99162736923884e-06,-0.0030272452068617,2.731719916278314e-06,1,1,0,0,1
1336,29,14:16:51,6,-0.0055499495459131,76881.0,-0.005297679112008,-0.0055499495459131,5.223527149879255e-06,-0.0060544904137235,1.1851207854307127e-05,-0.0065590312815337,6.462044394096435e-06,-0.0070635721493441,2.979307824098101e-06,-0.0075681130171543,5.191093133954863e-06,-0.0050454086781029,1.9741009183497666e-06,-0.0045408678102926,8.583047471085941e-07,-0.0040363269424824,1.906426890212358e-06,-0.003531786074672,6.197950625755329e-06,-0.0030272452068617,2.731719916278314e-06,1,1,0,0,1
1337,29,14:16:54,6,-0.0055499495459131,51255.0,-0.005297679112008,-0.0055499495459131,5.446356266917063e-06,-0.0060544904137235,1.1851207854307127e-05,-0.0065590312815337,6.462044394096435e-06,-0.0070635721493441,2.979307824098101e-06,-0.0075681130171543,5.191093133954863e-06,-0.0050454086781029,1.8998245460038304e-06,-0.0045408678102926,9.243281891938706e-07,-0.0040363269424824,1.906426890212358e-06,-0.003531786074672,6.197950625755329e-06,-0.0030272452068617,2.731719916278314e-06,0,1,0,0,1
1338,29,14:16:57,6,-0.0055499495459131,3942.0,-0.005297679112008,-0.0055499495459131,5.842496919428721e-06,-0.0060544904137235,1.2272107297600764e-05,-0.0065590312815337,6.437285603314456e-06,-0.0070635721493441,2.979307824098101e-06,-0.0075681130171543,5.191093133954863e-06,-0.0050454086781029,2.2134358959088936e-06,-0.0045408678102926,9.243281891938706e-07,-0.0040363269424824,1.906426890212358e-06,-0.003531786074672,6.197950625755329e-06,-0.0030272452068617,2.731719916278314e-06,0,2,0,0,1
1339,29,14:17:00,6,-0.0055499495459131,335138.0,-0.005297679112008,-0.0055499495459131,5.033709753884085e-06,-0.0060544904137235,1.2239095576558126e-05,-0.0065590312815337,6.437285603314456e-06,-0.0070635721493441,2.979307824098101e-06,-0.0075681130171543,5.191093133954863e-06,-0.0050454086781029,1.7100071500086603e-06,-0.0045408678102926,1.0398692128431043e-06,-0.0040363269424824,1.906426890212358e-06,-0.003531786074672,6.197950625755329e-06,-0.0030272452068617,2.731719916278314e-06,1,1,0,0,1
1340,29,14:17:03,6,-0.0055499495459131,90670.0,-0.005297679112008,-0.0055499495459131,5.033709753884085e-06,-0.0060544904137235,1.2239095576558126e-05,-0.0065590312815337,6.437285603314456e-06,-0.0070635721493441,2.979307824098101e-06,-0.0075681130171543,5.191093133954863e-06,-0.0050454086781029,2.749876362851765e-06,-0.0045408678102926,1.0398692128431043e-06,-0.0040363269424824,1.906426890212358e-06,-0.003531786074672,6.197950625755329e-06,-0.0030272452068617,2.731719916278314e-06,1,1,0,0,1
1341,29,14:17:06,6,-0.0055499495459131,573751.0,-0.005297679112008,-0.0055499495459131,4.447751705377256e-06,-0.0060544904137235,1.2074036971344934e-05,-0.0065590312815337,6.437285603314456e-06,-0.0070635721493441,2.979307824098101e-06,-0.0075681130171543,5.191093133954863e-06,-0.0050454086781029,3.269810969273317e-06,-0.0045408678102926,1.0398692128431043e-06,-0.0040363269424824,1.906426890212358e-06,-0.003531786074672,6.197950625755329e-06,-0.0030272452068617,2.731719916278314e-06,1,1,0,0,1
1342,29,14:17:09,6,-0.0055499495459131,1143038.0,-0.0058022199798184,-0.0060544904137235,1.2123554552908892e-05,-0.0065590312815337,6.437285603314456e-06,-0.0070635721493441,2.979307824098101e-06,-0.0075681130171543,5.191093133954863e-06,-0.0080726538849646,3.350689685827781e-06,-0.0055499495459131,7.185826377956278e-07,-0.0050454086781029,4.763591346452698e-06,-0.0045408678102926,1.0398692128431043e-06,-0.0040363269424824,1.906426890212358e-06,-0.003531786074672,6.247468207319286e-06,2,2,1,0,1
1343,29,14:17:12,6,-0.0060544904137235,183271.0,-0.0058022199798184,-0.0060544904137235,1.1950243017435042e-05,-0.0065590312815337,6.437285603314456e-06,-0.0070635721493441,2.979307824098101e-06,-0.0075681130171543,5.273622436561459e-06,-0.0080726538849646,3.350689685827781e-06,-0.0055499495459131,2.481656129380329e-07,-0.0050454086781029,4.763591346452698e-06,-0.0045408678102926,8.748106076299132e-07,-0.0040363269424824,1.906426890212358e-06,-0.003531786074672,6.247468207319286e-06,2,2,1,0,1
1344,29,14:17:15,6,-0.0055499495459131,124312.0,-0.005297679112008,-0.0055499495459131,9.845745800966855e-08,-0.0060544904137235,1.2016266459520318e-05,-0.0065590312815337,6.437285603314456e-06,-0.0070635721493441,2.979307824098101e-06,-0.0075681130171543,5.273622436561459e-06,-0.0050454086781029,5.002926324011825e-06,-0.0045408678102926,8.748106076299132e-07,-0.0040363269424824,1.906426890212358e-06,-0.003531786074672,6.247468207319286e-06,-0.0030272452068617,2.748225776799633e-06,1,0,0,0,1
1345,29,14:17:18,6,-0.0055499495459131,7884.0,-0.005297679112008,-0.0055499495459131,1.892396908769237e-07,-0.0060544904137235,1.2008013529259658e-05,-0.0065590312815337,6.437285603314456e-06,-0.0070635721493441,2.99581368461942e-06,-0.0075681130171543,5.273622436561459e-06,-0.0050454086781029,5.382561116002164e-06,-0.0045408678102926,6.849932116347434e-07,-0.0040363269424824,1.7826329363024648e-06,-0.003531786074672,6.247468207319286e-06,-0.0030272452068617,2.748225776799633e-06,1,0,0,0,1
1346,29,14:17:21,6,-0.0055499495459131,201120.0,-0.005297679112008,-0.0055499495459131,5.111039710426465e-07,-0.0060544904137235,1.2008013529259658e-05,-0.0065590312815337,6.437285603314456e-06,-0.0070635721493441,2.9875607543587605e-06,-0.0075681130171543,5.273622436561459e-06,-0.0050454086781029,5.687919535646568e-06,-0.0045408678102926,6.849932116347434e-07,-0.0040363269424824,1.7826329363024648e-06,-0.003531786074672,6.247468207319286e-06,-0.0030272452068617,2.748225776799633e-06,1,0,0,0,1
1347,29,14:17:24,6,-0.0055499495459131,155777.0,-0.005297679112008,-0.0055499495459131,4.285746684360509e-07,-0.0060544904137235,1.2008013529259658e-05,-0.0065590312815337,6.437285603314456e-06,-0.0070635721493441,2.9875607543587605e-06,-0.0075681130171543,5.273622436561459e-06,-0.0050454086781029,5.126720277921718e-06,-0.0045408678102926,6.849932116347434e-07,-0.0040363269424824,1.7826329363024648e-06,-0.003531786074672,6.206203556015988e-06,-0.0030272452068617,2.748225776799633e-06,2,0,0,0,1
1348,29,14:17:27,6,-0.0040363269424824,1554037.0,-0.0047931382441976,-0.0055499495459131,2.2225141191956195e-07,-0.0060544904137235,1.2049278180562957e-05,-0.0065590312815337,6.437285603314456e-06,-0.0070635721493441,2.9875607543587605e-06,-0.0075681130171543,5.273622436561459e-06,-0.0040363269424824,1.7430188710512989e-06,-0.003531786074672,6.230962346797968e-06,-0.0030272452068617,2.748225776799633e-06,-0.0025227043390515,7.1689904002245326e-06,-0.0020181634712411,6.329997509925882e-06,1,0,0,0,1
1349,29,14:17:30,6,-0.0055499495459131,86712.0,-0.005297679112008,-0.0055499495459131,9.820987010184877e-07,-0.0060544904137235,1.1908400661013498e-05,-0.0065590312815337,6.437285603314456e-06,-0.0070635721493441,2.9875607543587605e-06,-0.0075681130171543,5.273622436561459e-06,-0.0050454086781029,8.252930260659559e-09,-0.0045408678102926,8.252930260659559e-09,-0.0040363269424824,1.8833186854825116e-06,-0.003531786074672,6.561079557224349e-06,-0.0030272452068617,2.748225776799633e-06,0,0,0,0,1
1350,29,14:17:33,6,-0.0055499495459131,57159.0,-0.005297679112008,-0.0055499495459131,8.252930260659559e-07,-0.0060544904137235,1.1908400661013498e-05,-0.0065590312815337,6.437285603314456e-06,-0.0070635721493441,2.9875607543587605e-06,-0.0075681130171543,5.273622436561459e-06,-0.0050454086781029,1.1554102364923382e-06,-0.0045408678102926,1.1554102364923383e-07,-0.0040363269424824,1.8833186854825116e-06,-0.003531786074672,6.561079557224349e-06,-0.0030272452068617,3.127860568789973e-06,0,0,0,0,1
1351,29,14:17:36,6,-0.0055499495459131,185302.0,-0.005297679112008,-0.0055499495459131,4.86922885378914e-07,-0.0060544904137235,1.1908400661013498e-05,-0.0065590312815337,6.437285603314456e-06,-0.0070635721493441,2.905031451752165e-06,-0.0075681130171543,5.273622436561459e-06,-0.0050454086781029,9.408340497151896e-07,-0.0045408678102926,1.5680567495253166e-07,-0.0040363269424824,1.8833186854825116e-06,-0.003531786074672,6.676620580873584e-06,-0.0030272452068617,3.127860568789973e-06,0,0,0,0,1
1352,29,14:17:39,6,-0.0050454086781029,246493.0,-0.0047931382441976,-0.0050454086781029,2.475879078197868e-07,-0.0055499495459131,8.748106076299132e-07,-0.0060544904137235,1.204044754518405e-05,-0.0065590312815337,6.437285603314456e-06,-0.0070635721493441,2.905031451752165e-06,-0.0045408678102926,1.5680567495253166e-07,-0.0040363269424824,1.8833186854825116e-06,-0.003531786074672,6.676620580873584e-06,-0.0030272452068617,3.127860568789973e-06,-0.0025227043390515,7.1689904002245326e-06,0,0,0,0,1
1353,29,14:17:42,6,-0.0050454086781029,132124.0,-0.0047931382441976,-0.0050454086781029,7.427637234593603e-08,-0.0055499495459131,7.922813050233176e-07,-0.0060544904137235,1.1990929963620094e-05,-0.0065590312815337,6.437285603314456e-06,-0.0070635721493441,2.905031451752165e-06,-0.0045408678102926,1.5680567495253166e-07,-0.0040363269424824,1.8833186854825116e-06,-0.003531786074672,6.759149883480179e-06,-0.0030272452068617,3.0783429872260155e-06,-0.0025227043390515,7.1689904002245326e-06,0,0,0,0,1
1354,29,14:17:45,6,-0.0060544904137235,3362797.0,-0.0063067608476287,-0.0065590312815337,6.437285603314456e-06,-0.0070635721493441,2.905031451752165e-06,-0.0075681130171543,5.273622436561459e-06,-0.0080726538849646,3.92839480407395e-06,-0.008577194752775,7.782513235801964e-06,-0.0060544904137235,2.8555056172579463e-05,-0.0055499495459131,5.034287459002331e-07,-0.0050454086781029,1.0728809338857429e-06,-0.0045408678102926,1.5680567495253166e-07,-0.0040363269424824,2.007112639392405e-06,1,1,0,1,1
1355,29,14:17:48,6,-0.0065590312815337,108344.0,-0.0063067608476287,-0.0065590312815337,6.445538533575115e-06,-0.0070635721493441,3.507495360780313e-06,-0.0075681130171543,5.2818753668221175e-06,-0.0080726538849646,3.92839480407395e-06,-0.008577194752775,7.782513235801964e-06,-0.0060544904137235,2.8629332544925404e-05,-0.0055499495459131,6.437285603314456e-07,-0.0050454086781029,1.0728809338857429e-06,-0.0045408678102926,1.5680567495253166e-07,-0.0040363269424824,2.007112639392405e-06,1,1,0,1,1
1356,29,14:17:51,6,-0.0060544904137235,234417.0,-0.0063067608476287,-0.0065590312815337,6.420779742793137e-06,-0.0070635721493441,3.507495360780313e-06,-0.0075681130171543,5.2818753668221175e-06,-0.0080726538849646,3.92839480407395e-06,-0.008577194752775,7.782513235801964e-06,-0.0060544904137235,2.770500435573153e-05,-0.0055499495459131,6.684873511134243e-07,-0.0050454086781029,1.0728809338857429e-06,-0.0045408678102926,1.5680567495253166e-07,-0.0040363269424824,2.007112639392405e-06,1,1,0,1,1
1357,29,14:17:54,6,-0.0065590312815337,297342.0,-0.0063067608476287,-0.0065590312815337,5.364404669428714e-06,-0.0070635721493441,3.507495360780313e-06,-0.0075681130171543,5.2818753668221175e-06,-0.0080726538849646,3.92839480407395e-06,-0.008577194752775,7.782513235801964e-06,-0.0060544904137235,2.7548198680779e-05,-0.0055499495459131,6.684873511134243e-07,-0.0050454086781029,1.2296866088382744e-06,-0.0045408678102926,1.5680567495253166e-07,-0.0040363269424824,2.007112639392405e-06,1,1,0,1,1
1358,29,14:17:57,6,-0.0060544904137235,25610.0,-0.0063067608476287,-0.0065590312815337,5.752292391679713e-06,-0.0070635721493441,3.507495360780313e-06,-0.0075681130171543,5.2818753668221175e-06,-0.0080726538849646,3.92839480407395e-06,-0.008577194752775,7.782513235801964e-06,-0.0060544904137235,2.752343988999702e-05,-0.0055499495459131,5.364404669428713e-07,-0.0050454086781029,1.2296866088382744e-06,-0.0045408678102926,1.5680567495253166e-07,-0.0040363269424824,2.007112639392405e-06,1,1,0,2,1
1359,29,14:18:00,6,-0.0065590312815337,61047.0,-0.0063067608476287,-0.0065590312815337,5.653257228551798e-06,-0.0070635721493441,3.507495360780313e-06,-0.0075681130171543,5.2818753668221175e-06,-0.0080726538849646,3.969659455377248e-06,-0.008577194752775,7.782513235801964e-06,-0.0060544904137235,2.7465669378172407e-05,-0.0055499495459131,2.187026519074783e-06,-0.0050454086781029,1.2296866088382744e-06,-0.0045408678102926,1.5680567495253166e-07,-0.0040363269424824,2.007112639392405e-06,1,1,0,1,1
1360,29,14:18:03,6,-0.0060544904137235,342636.0,-0.0063067608476287,-0.0065590312815337,4.86922885378914e-06,-0.0070635721493441,3.55701294234427e-06,-0.0075681130171543,5.2818753668221175e-06,-0.0080726538849646,3.969659455377248e-06,-0.008577194752775,7.782513235801964e-06,-0.0060544904137235,2.721808147035262e-05,-0.0055499495459131,8.079618725185708e-06,-0.0050454086781029,1.2296866088382744e-06,-0.0045408678102926,1.5680567495253166e-07,-0.0040363269424824,2.048377290695702e-06,1,0,0,1,1
1361,29,14:18:06,6,-0.0065590312815337,66946.0,-0.0063067608476287,-0.0065590312815337,4.4895940617988e-06,-0.0070635721493441,3.573518802865589e-06,-0.0075681130171543,5.2818753668221175e-06,-0.0080726538849646,3.969659455377248e-06,-0.008577194752775,7.823777887105261e-06,-0.0060544904137235,2.723458733087394e-05,-0.0055499495459131,8.079618725185708e-06,-0.0050454086781029,1.2296866088382744e-06,-0.0045408678102926,1.5680567495253166e-07,-0.0040363269424824,2.048377290695702e-06,1,0,0,2,1
1362,29,14:18:09,6,-0.0060544904137235,588018.0,-0.0063067608476287,-0.0065590312815337,3.8825910411272895e-06,-0.0070635721493441,3.689059826514823e-06,-0.0075681130171543,5.2818753668221175e-06,-0.0080726538849646,3.969659455377248e-06,-0.008577194752775,7.823777887105261e-06,-0.0060544904137235,2.588935969838643e-05,-0.0055499495459131,7.86504253840856e-06,-0.0050454086781029,1.2296866088382744e-06,-0.0045408678102926,1.5680567495253166e-07,-0.0040363269424824,2.048377290695702e-06,1,0,0,2,1
1363,29,14:18:12,6,-0.0065590312815337,135872.0,-0.0063067608476287,-0.0065590312815337,3.552473830700907e-06,-0.0070635721493441,3.689059826514823e-06,-0.0075681130171543,5.2818753668221175e-06,-0.0080726538849646,3.969659455377248e-06,-0.008577194752775,7.823777887105261e-06,-0.0060544904137235,2.5806830395779835e-05,-0.0055499495459131,7.86504253840856e-06,-0.0050454086781029,1.237939539098934e-06,-0.0045408678102926,1.5680567495253166e-07,-0.0040363269424824,2.048377290695702e-06,1,0,0,2,1
1364,29,14:18:15,6,-0.0060544904137235,194964.0,-0.0063067608476287,-0.0065590312815337,3.3213917834024398e-06,-0.0070635721493441,3.689059826514823e-06,-0.0075681130171543,5.2818753668221175e-06,-0.0080726538849646,3.969659455377248e-06,-0.008577194752775,7.823777887105261e-06,-0.0060544904137235,2.5534483697178068e-05,-0.0055499495459131,7.86504253840856e-06,-0.0050454086781029,1.254445399620253e-06,-0.0045408678102926,1.5680567495253166e-07,-0.0040363269424824,2.048377290695702e-06,1,0,1,2,1
1365,29,14:18:18,6,-0.0065590312815337,397753.0,-0.0063067608476287,-0.0065590312815337,1.984417081175591e-06,-0.0070635721493441,3.689059826514823e-06,-0.0075681130171543,5.2818753668221175e-06,-0.0080726538849646,3.969659455377248e-06,-0.008577194752775,7.823777887105261e-06,-0.0060544904137235,2.5666530581348623e-05,-0.0055499495459131,7.86504253840856e-06,-0.0050454086781029,1.254445399620253e-06,-0.0045408678102926,1.5680567495253166e-07,-0.0040363269424824,2.048377290695702e-06,0,0,0,2,1
1366,29,14:18:21,6,-0.0065590312815337,352465.0,-0.0063067608476287,-0.0065590312815337,8.537656354652314e-07,-0.0070635721493441,3.689059826514823e-06,-0.0075681130171543,5.331392948386075e-06,-0.0080726538849646,3.969659455377248e-06,-0.008577194752775,7.823777887105261e-06,-0.0060544904137235,2.5253884068315645e-05,-0.0055499495459131,7.988836492318453e-06,-0.0050454086781029,1.5102862377006992e-06,-0.0045408678102926,4.951758156395735e-08,-0.0040363269424824,3.317677964785143e-07,0,0,0,2,1
1367,29,14:18:24,6,-0.0065590312815337,62124.0,-0.0063067608476287,-0.0065590312815337,8.574794540825282e-07,-0.0070635721493441,3.689059826514823e-06,-0.0075681130171543,5.331392948386075e-06,-0.0080726538849646,3.969659455377248e-06,-0.008577194752775,7.823777887105261e-06,-0.0060544904137235,2.528689578935828e-05,-0.0055499495459131,7.790766166062624e-06,-0.0050454086781029,1.5267920982220184e-06,-0.0045408678102926,9.078223286725516e-08,-0.0040363269424824,2.079738425686209e-07,0,0,1,2,1
1368,29,14:18:27,6,-0.0065590312815337,57101.0,-0.0063067608476287,-0.0065590312815337,6.18144476523401e-07,-0.0070635721493441,4.159476851372418e-06,-0.0075681130171543,5.331392948386075e-06,-0.0080726538849646,3.969659455377248e-06,-0.008577194752775,7.823777887105261e-06,-0.0060544904137235,2.5608760069524005e-05,-0.0055499495459131,7.790766166062624e-06,-0.0050454086781029,1.5267920982220184e-06,-0.0045408678102926,1.7331153547385076e-07,-0.0040363269424824,2.079738425686209e-07,0,0,1,2,1
1369,29,14:18:30,6,-0.0065590312815337,45287.0,-0.0063067608476287,-0.0065590312815337,9.482616869497834e-07,-0.0070635721493441,4.159476851372418e-06,-0.0075681130171543,5.331392948386075e-06,-0.0080726538849646,3.969659455377248e-06,-0.008577194752775,7.823777887105261e-06,-0.0060544904137235,2.5782071604997856e-05,-0.0055499495459131,7.83203081736592e-06,-0.0050454086781029,1.5267920982220184e-06,-0.0045408678102926,1.7331153547385076e-07,-0.0040363269424824,2.905031451752165e-07,0,0,1,2,1
1370,29,14:18:33,6,-0.008577194752775,6200945.0,-0.0088294651866801,-0.0090817356205852,1.5754843867599098e-06,-0.0095862764883956,1.590727548951348e-05,-0.0100908173562057,9.28025501950646e-06,-0.0105953582240161,2.421178656430216e-05,-0.0110998990918264,7.084315335750165e-05,-0.008577194752775,2.475879078197868e-07,-0.0080726538849646,8.252930260659559e-09,-0.0065590312815337,1.9311856809943366e-06,-0.0060544904137235,2.5914118489168407e-05,-0.0055499495459131,7.83203081736592e-06,2,2,2,2,2
1371,29,14:18:36,6,-0.0065590312815337,121941.0,-0.0075681130171543,-0.008577194752775,1.0728809338857429e-06,-0.0090817356205852,1.5837373170205693e-06,-0.0095862764883956,1.591552841977414e-05,-0.0100908173562057,9.28025501950646e-06,-0.0105953582240161,2.421178656430216e-05,-0.0065590312815337,1.9724503322976347e-06,-0.0060544904137235,2.629375328115875e-05,-0.0055499495459131,7.807272026583943e-06,-0.0050454086781029,1.535045028482678e-06,-0.0045408678102926,1.7331153547385076e-07,1,1,1,2,2
1372,29,14:18:39,6,-0.008577194752775,90565.0,-0.0083249243188697,-0.008577194752775,1.0728809338857429e-06,-0.0090817356205852,1.5837373170205693e-06,-0.0095862764883956,1.591552841977414e-05,-0.0100908173562057,9.28025501950646e-06,-0.0105953582240161,2.422003949456282e-05,-0.0080726538849646,2.80599628862425e-07,-0.0065590312815337,1.667091912653231e-06,-0.0060544904137235,2.669814686393107e-05,-0.0055499495459131,7.807272026583943e-06,-0.0050454086781029,1.5763096797859758e-06,2,2,2,2,2
1373,29,14:18:42,6,-0.008577194752775,96330.0,-0.0083249243188697,-0.008577194752775,1.7529223873640903e-05,-0.0090817356205852,1.7487959222337605e-06,-0.0095862764883956,1.591552841977414e-05,-0.0100908173562057,9.28025501950646e-06,-0.0105953582240161,2.422003949456282e-05,-0.0080726538849646,1.6505860521319117e-08,-0.0065590312815337,1.6423331218712525e-06,-0.0060544904137235,2.683019374810162e-05,-0.0055499495459131,7.807272026583943e-06,-0.0050454086781029,1.5763096797859758e-06,2,2,2,2,2
1374,29,14:18:45,6,-0.008577194752775,21617.0,-0.0075681130171543,-0.008577194752775,1.7834582293285308e-05,-0.0090817356205852,2.186201226048717e-06,-0.0095862764883956,1.590727548951348e-05,-0.0100908173562057,9.28025501950646e-06,-0.0105953582240161,2.3815645911790502e-05,-0.0065590312815337,1.6423331218712525e-06,-0.0060544904137235,2.683019374810162e-05,-0.0055499495459131,7.807272026583943e-06,-0.0050454086781029,1.5763096797859758e-06,-0.0045408678102926,1.7331153547385076e-07,1,2,2,2,2
1375,29,14:18:48,6,-0.0080726538849646,70780.0,-0.0073158425832492,-0.0080726538849646,8.665576773692537e-07,-0.008577194752775,1.9047763041602263e-05,-0.0090817356205852,2.285236389176632e-06,-0.0095862764883956,1.589902255925282e-05,-0.0100908173562057,9.28025501950646e-06,-0.0065590312815337,1.6423331218712525e-06,-0.0060544904137235,2.683019374810162e-05,-0.0055499495459131,7.807272026583943e-06,-0.0050454086781029,1.5763096797859758e-06,-0.0045408678102926,1.7331153547385076e-07,0,1,2,2,2
1376,29,14:18:51,6,-0.0080726538849646,104198.0,-0.0073158425832492,-0.0080726538849646,2.7152140557569947e-06,-0.008577194752775,2.102846630416056e-05,-0.0090817356205852,2.69788290220961e-06,-0.0095862764883956,1.589902255925282e-05,-0.0100908173562057,9.28025501950646e-06,-0.0065590312815337,1.87341516916972e-06,-0.0060544904137235,2.722633440061328e-05,-0.0055499495459131,7.807272026583943e-06,-0.0050454086781029,1.5763096797859758e-06,-0.0045408678102926,1.7331153547385076e-07,0,1,2,2,2
1377,29,14:18:54,6,-0.0080726538849646,13762.0,-0.0073158425832492,-0.0080726538849646,3.7303244778181206e-06,-0.008577194752775,2.092117821077198e-05,-0.0090817356205852,2.541077227257078e-06,-0.0095862764883956,1.594028721055612e-05,-0.0100908173562057,9.28025501950646e-06,-0.0065590312815337,1.889921029691039e-06,-0.0060544904137235,2.733362249400185e-05,-0.0055499495459131,7.807272026583943e-06,-0.0050454086781029,1.5763096797859758e-06,-0.0045408678102926,3.218642801657228e-07,0,2,2,2,2
1378,29,14:18:57,6,-0.0080726538849646,285073.0,-0.0073158425832492,-0.0080726538849646,3.111354708268654e-06,-0.008577194752775,2.104497216468188e-05,-0.0090817356205852,2.9124590889867585e-06,-0.0095862764883956,1.594028721055612e-05,-0.0100908173562057,9.28025501950646e-06,-0.0065590312815337,1.8816680994303797e-06,-0.0060544904137235,2.741615179660845e-05,-0.0055499495459131,7.807272026583943e-06,-0.0050454086781029,1.5763096797859758e-06,-0.0045408678102926,3.218642801657228e-07,1,2,2,2,2
1379,29,14:19:00,6,-0.0080726538849646,3933.0,-0.0073158425832492,-0.0080726538849646,3.276413313481845e-06,-0.008577194752775,2.138334230536892e-05,-0.0090817356205852,2.994988391593354e-06,-0.0095862764883956,1.589076962899216e-05,-0.0100908173562057,9.28025501950646e-06,-0.0065590312815337,2.7234669860176544e-06,-0.0060544904137235,2.741615179660845e-05,-0.0055499495459131,7.807272026583943e-06,-0.0050454086781029,1.5763096797859758e-06,-0.0045408678102926,2.7977433583635904e-06,2,1,2,2,2
1380,29,14:19:03,6,-0.0080726538849646,108142.0,-0.0078203834510596,-0.0080726538849646,3.903636013291972e-06,-0.008577194752775,2.1490630398757493e-05,-0.0090817356205852,2.994988391593354e-06,-0.0095862764883956,1.589076962899216e-05,-0.0100908173562057,9.28025501950646e-06,-0.0075681130171543,1.072880933885743e-07,-0.0065590312815337,2.7399728465389734e-06,-0.0060544904137235,2.7490428168954382e-05,-0.0055499495459131,7.807272026583943e-06,-0.0050454086781029,1.5763096797859758e-06,2,2,2,2,2
1381,29,14:19:06,6,-0.0080726538849646,644889.0,-0.0078203834510596,-0.0080726538849646,1.848656378387741e-06,-0.008577194752775,2.1531895050060788e-05,-0.0090817356205852,2.978482531072035e-06,-0.0095862764883956,1.589076962899216e-05,-0.0100908173562057,9.28025501950646e-06,-0.0075681130171543,8.335459563266155e-07,-0.0070635721493441,7.427637234593603e-08,-0.0065590312815337,2.021967913861592e-06,-0.0060544904137235,2.7473922308433063e-05,-0.0055499495459131,7.83203081736592e-06,2,2,2,2,2
1382,29,14:19:09,6,-0.0080726538849646,204564.0,-0.0078203834510596,-0.0080726538849646,1.964197402036975e-06,-0.008577194752775,2.1573159701364087e-05,-0.0090817356205852,3.127035275763907e-06,-0.0095862764883956,1.594028721055612e-05,-0.0100908173562057,9.527842927326248e-06,-0.0075681130171543,2.475879078197868e-08,-0.0070635721493441,7.427637234593603e-08,-0.0065590312815337,2.0549796349042304e-06,-0.0060544904137235,2.7473922308433063e-05,-0.0055499495459131,7.83203081736592e-06,2,2,2,2,1
1383,29,14:19:12,6,-0.0075681130171543,39346.0,-0.0073158425832492,-0.0075681130171543,4.1264651303297794e-07,-0.0080726538849646,6.5858383480063285e-06,-0.008577194752775,2.224989998273817e-05,-0.0090817356205852,3.176552857327864e-06,-0.0095862764883956,1.594028721055612e-05,-0.0070635721493441,2.475879078197868e-08,-0.0065590312815337,2.0549796349042304e-06,-0.0060544904137235,2.7473922308433063e-05,-0.0055499495459131,7.83203081736592e-06,-0.0050454086781029,1.5763096797859758e-06,2,2,2,2,1
1384,29,14:19:15,6,-0.0075681130171543,45246.0,-0.0068113017154388,-0.0070635721493441,2.475879078197868e-08,-0.0075681130171543,3.5487600120836106e-07,-0.0080726538849646,8.583047471085941e-06,-0.008577194752775,2.227465877352015e-05,-0.0090817356205852,3.201311648109843e-06,-0.0065590312815337,2.030220844122252e-06,-0.0060544904137235,2.753994575051834e-05,-0.0055499495459131,7.83203081736592e-06,-0.0050454086781029,1.5680567495253165e-06,-0.0045408678102926,2.847260939927548e-06,1,2,2,1,1
1385,29,14:19:18,6,-0.0070635721493441,29520.0,-0.0073158425832492,-0.0075681130171543,3.961406525116588e-07,-0.0080726538849646,9.870504591748832e-06,-0.008577194752775,2.243146444847268e-05,-0.0090817356205852,5.69369658682903e-06,-0.0095862764883956,1.594028721055612e-05,-0.0070635721493441,1.402998144312125e-07,-0.0065590312815337,2.1210030769895067e-06,-0.0060544904137235,2.7094287516442727e-05,-0.0055499495459131,7.83203081736592e-06,-0.0050454086781029,1.5680567495253165e-06,1,2,2,2,1
1386,29,14:19:21,6,-0.0075681130171543,104270.0,-0.0073158425832492,-0.0075681130171543,1.254445399620253e-06,-0.0080726538849646,1.011809249956862e-05,-0.008577194752775,2.116876611859177e-05,-0.0090817356205852,5.69369658682903e-06,-0.0095862764883956,1.594028721055612e-05,-0.0070635721493441,6.932461418954029e-07,-0.0065590312815337,2.607925962368421e-06,-0.0060544904137235,2.7094287516442727e-05,-0.0055499495459131,7.749501514759326e-06,-0.0050454086781029,1.5680567495253165e-06,2,2,2,2,1
1387,29,14:19:24,6,-0.0070635721493441,322737.0,-0.0068113017154388,-0.0070635721493441,1.6505860521319117e-08,-0.0075681130171543,3.119607638529313e-06,-0.0080726538849646,1.0712303478336108e-05,-0.008577194752775,2.2175623610392234e-05,-0.0090817356205852,5.429602818487924e-06,-0.0065590312815337,3.424966058173717e-06,-0.0060544904137235,2.874487356857464e-05,-0.0055499495459131,7.749501514759326e-06,-0.0050454086781029,1.5680567495253165e-06,-0.0045408678102926,2.847260939927548e-06,1,2,2,1,1
1388,29,14:19:27,6,-0.0065590312815337,59054.0,-0.0068113017154388,-0.0070635721493441,5.7770511824616916e-08,-0.0075681130171543,3.045331266183377e-06,-0.0080726538849646,1.0819591571724682e-05,-0.008577194752775,2.2216888261695533e-05,-0.0090817356205852,5.272797143535393e-06,-0.0065590312815337,3.317677964785143e-06,-0.0060544904137235,2.874487356857464e-05,-0.0055499495459131,7.749501514759326e-06,-0.0050454086781029,1.5680567495253165e-06,-0.0045408678102926,2.847260939927548e-06,1,2,2,1,1
1389,29,14:19:30,6,-0.0075681130171543,391754.0,-0.0070635721493441,-0.0075681130171543,3.2434015924392065e-06,-0.0080726538849646,1.0819591571724682e-05,-0.008577194752775,2.2381946866908724e-05,-0.0090817356205852,5.371832306663307e-06,-0.0095862764883956,1.594028721055612e-05,-0.0065590312815337,2.079738425686209e-06,-0.0060544904137235,2.874487356857464e-05,-0.0055499495459131,7.749501514759326e-06,-0.0050454086781029,1.5680567495253165e-06,-0.0045408678102926,2.847260939927548e-06,2,2,2,1,1
1390,29,14:19:33,6,-0.0065590312815337,421121.0,-0.0070635721493441,-0.0075681130171543,2.863766800448867e-06,-0.0080726538849646,9.986045615398066e-06,-0.008577194752775,2.2332429285344765e-05,-0.0090817356205852,5.413096957966605e-06,-0.0095862764883956,1.594028721055612e-05,-0.0065590312815337,1.4277569350941035e-06,-0.0060544904137235,2.874487356857464e-05,-0.0055499495459131,7.749501514759326e-06,-0.0050454086781029,1.5680567495253165e-06,-0.0045408678102926,2.847260939927548e-06,2,2,2,1,1
1391,29,14:19:36,6,-0.0070635721493441,90540.0,-0.0068113017154388,-0.0070635721493441,3.2434015924392065e-06,-0.0075681130171543,1.0151104220611257e-05,-0.0080726538849646,1.008508077852598e-05,-0.008577194752775,2.2332429285344765e-05,-0.0090817356205852,5.413096957966605e-06,-0.0065590312815337,1.2792041904022315e-06,-0.0060544904137235,2.8753126498835296e-05,-0.0055499495459131,7.749501514759326e-06,-0.0050454086781029,1.5680567495253165e-06,-0.0045408678102926,2.847260939927548e-06,2,2,2,1,0
1392,29,14:19:39,6,-0.0065590312815337,13783.0,-0.0068113017154388,-0.0070635721493441,3.3424367555671216e-06,-0.0075681130171543,1.0167610081132576e-05,-0.0080726538849646,1.0167610081132576e-05,-0.008577194752775,2.2398452727430043e-05,-0.0090817356205852,5.413096957966605e-06,-0.0065590312815337,1.2957100509235507e-06,-0.0060544904137235,2.886866752248453e-05,-0.0055499495459131,7.749501514759326e-06,-0.0050454086781029,1.4112510745727846e-06,-0.0045408678102926,2.847260939927548e-06,2,2,2,1,0
1393,29,14:19:42,6,-0.0070635721493441,94470.0,-0.0068113017154388,-0.0070635721493441,3.4579777792163552e-06,-0.0075681130171543,1.0720556408596767e-05,-0.0080726538849646,9.961286824616087e-06,-0.008577194752775,2.2398452727430043e-05,-0.0090817356205852,5.413096957966605e-06,-0.0065590312815337,1.2461924693595934e-06,-0.0060544904137235,2.8835655801441893e-05,-0.0055499495459131,7.749501514759326e-06,-0.0050454086781029,1.4112510745727846e-06,-0.0045408678102926,2.847260939927548e-06,2,2,2,1,0
1394,29,14:19:45,6,-0.0060544904137235,7239553.0,-0.0058022199798184,-0.0060544904137235,1.2362972059770626e-05,-0.0065590312815337,1.609321400828614e-06,-0.0070635721493441,5.942109787674882e-06,-0.0075681130171543,1.1141455851890404e-05,-0.0080726538849646,1.0035563196962024e-05,-0.0055499495459131,7.749501514759326e-06,-0.0050454086781029,1.4112510745727846e-06,-0.0045408678102926,2.9297902425341435e-06,-0.0040363269424824,7.196555187295136e-07,-0.003531786074672,7.056255372863923e-06,1,2,1,1,0
1395,29,14:19:48,6,-0.0060544904137235,1909869.0,-0.0055499495459131,-0.0060544904137235,1.2362972059770626e-05,-0.0065590312815337,2.030220844122252e-06,-0.0070635721493441,1.0943385525634576e-05,-0.0075681130171543,6.948967279475348e-06,-0.0080726538849646,1.0035563196962024e-05,-0.0050454086781029,1.4112510745727846e-06,-0.0045408678102926,2.9297902425341435e-06,-0.0040363269424824,7.196555187295136e-07,-0.003531786074672,7.064508303124583e-06,-0.0030272452068617,3.5240012213016315e-06,1,1,1,1,0
1396,29,14:19:51,6,-0.0060544904137235,25610.0,-0.0058022199798184,-0.0060544904137235,1.284164201488888e-05,-0.0065590312815337,2.938043172794803e-06,-0.0070635721493441,1.1298261526842936e-05,-0.0075681130171543,6.8829438373900725e-06,-0.0080726538849646,1.0035563196962024e-05,-0.0055499495459131,8.170400958052963e-07,-0.0050454086781029,4.093453409287141e-06,-0.0045408678102926,2.9297902425341435e-06,-0.0040363269424824,7.196555187295136e-07,-0.003531786074672,7.064508303124583e-06,2,2,1,1,0
1397,29,14:19:54,6,-0.0060544904137235,230564.0,-0.0058022199798184,-0.0060544904137235,1.2750859782021623e-05,-0.0065590312815337,2.9462961030554625e-06,-0.0070635721493441,1.1290008596582276e-05,-0.0075681130171543,6.8829438373900725e-06,-0.0080726538849646,1.0365680407388406e-05,-0.0055499495459131,3.5487600120836106e-07,-0.0050454086781029,4.093453409287141e-06,-0.0045408678102926,2.847260939927548e-06,-0.0040363269424824,7.196555187295136e-07,-0.003531786074672,7.064508303124583e-06,2,2,1,1,0
1398,29,14:19:57,6,-0.0055499495459131,143853.0,-0.005297679112008,-0.0055499495459131,8.252930260659559e-09,-0.0060544904137235,1.7636594496332085e-05,-0.0065590312815337,2.9462961030554625e-06,-0.0070635721493441,7.147037605731178e-06,-0.0075681130171543,6.899449697911391e-06,-0.0050454086781029,5.463439832556628e-06,-0.0045408678102926,2.847260939927548e-06,-0.0040363269424824,7.196555187295136e-07,-0.003531786074672,7.064508303124583e-06,-0.0030272452068617,3.5240012213016315e-06,1,2,1,0,0
1399,29,14:20:00,6,-0.0060544904137235,1332362.0,-0.0055499495459131,-0.0060544904137235,1.5499085558821257e-05,-0.0065590312815337,3.268160383221185e-06,-0.0070635721493441,7.147037605731178e-06,-0.0075681130171543,6.899449697911391e-06,-0.0080726538849646,8.153895097531644e-06,-0.0050454086781029,3.903636013291972e-06,-0.0045408678102926,2.847260939927548e-06,-0.0040363269424824,7.196555187295136e-07,-0.003531786074672,7.064508303124583e-06,-0.0030272452068617,3.5240012213016315e-06,1,1,1,1,0
1400,29,14:20:03,6,-0.0060544904137235,887070.0,-0.0058022199798184,-0.0060544904137235,1.4475722206499471e-05,-0.0065590312815337,3.276413313481845e-06,-0.0070635721493441,7.1800493267738165e-06,-0.0075681130171543,6.643608859830945e-06,-0.0080726538849646,8.62431212238924e-06,-0.0055499495459131,8.252930260659559e-09,-0.0050454086781029,1.774380006041805e-06,-0.0045408678102926,2.921537312273484e-06,-0.0040363269424824,7.196555187295136e-07,-0.003531786074672,7.147037605731178e-06,2,2,1,0,0
1401,29,14:20:06,6,-0.0055499495459131,3942.0,-0.005297679112008,-0.0055499495459131,3.3011721042638234e-08,-0.0060544904137235,1.4574757369627388e-05,-0.0065590312815337,4.109959269808461e-06,-0.0070635721493441,7.1800493267738165e-06,-0.0075681130171543,6.55282662696369e-06,-0.0050454086781029,1.7661270757811456e-06,-0.0045408678102926,3.334183825306462e-06,-0.0040363269424824,7.196555187295136e-07,-0.003531786074672,7.147037605731178e-06,-0.0030272452068617,3.5240012213016315e-06,1,1,1,0,0
1402,29,14:20:09,6,-0.0055499495459131,61118.0,-0.005297679112008,-0.0055499495459131,6.602344208527648e-08,-0.0060544904137235,1.473156304457992e-05,-0.0065590312815337,4.109959269808461e-06,-0.0070635721493441,7.130531745209859e-06,-0.0075681130171543,6.55282662696369e-06,-0.0050454086781029,1.667091912653231e-06,-0.0045408678102926,3.259907452960526e-06,-0.0040363269424824,7.196555187295136e-07,-0.003531786074672,7.147037605731178e-06,-0.0030272452068617,3.5240012213016315e-06,1,1,0,0,0
1403,29,14:20:12,6,-0.0055499495459131,13797.0,-0.005297679112008,-0.0055499495459131,2.393349775591272e-07,-0.0060544904137235,1.4830598207707837e-05,-0.0065590312815337,4.109959269808461e-06,-0.0070635721493441,7.2130610478164545e-06,-0.0075681130171543,6.55282662696369e-06,-0.0050454086781029,1.667091912653231e-06,-0.0045408678102926,3.259907452960526e-06,-0.0040363269424824,7.196555187295136e-07,-0.003531786074672,7.163543466252497e-06,-0.0030272452068617,3.5240012213016315e-06,2,1,0,0,0
1404,29,14:20:15,6,-0.0055499495459131,942534.0,-0.005297679112008,-0.0055499495459131,1.485527446918721e-07,-0.0060544904137235,1.4789333556404536e-05,-0.0065590312815337,4.109959269808461e-06,-0.0070635721493441,7.254325699119752e-06,-0.0075681130171543,6.55282662696369e-06,-0.0050454086781029,1.6505860521319117e-08,-0.0045408678102926,3.3837014068704192e-06,-0.0040363269424824,7.196555187295136e-07,-0.003531786074672,7.163543466252497e-06,-0.0030272452068617,3.5240012213016315e-06,1,0,0,0,0
1405,29,14:20:18,6,-0.0050454086781029,118258.0,-0.005297679112008,-0.0055499495459131,5.884339275850265e-06,-0.0060544904137235,9.969622284179354e-06,-0.0065590312815337,2.9132843820128245e-06,-0.0070635721493441,7.254325699119752e-06,-0.0075681130171543,6.55282662696369e-06,-0.0050454086781029,9.903516312791472e-07,-0.0045408678102926,3.3837014068704192e-06,-0.0040363269424824,7.196555187295136e-07,-0.003531786074672,7.163543466252497e-06,-0.0030272452068617,3.5240012213016315e-06,1,0,0,0,0
1406,29,14:20:21,6,-0.0055499495459131,25627.0,-0.005297679112008,-0.0055499495459131,5.892592206110925e-06,-0.0060544904137235,1.025847484330244e-05,-0.0065590312815337,2.9132843820128245e-06,-0.0070635721493441,7.254325699119752e-06,-0.0075681130171543,6.55282662696369e-06,-0.0050454086781029,1.8981739599516989e-06,-0.0045408678102926,3.3837014068704192e-06,-0.0040363269424824,7.196555187295136e-07,-0.003531786074672,7.246072768859092e-06,-0.0030272452068617,3.5240012213016315e-06,1,0,0,0,0
1407,29,14:20:24,6,-0.0055499495459131,199076.0,-0.005297679112008,-0.0055499495459131,5.661510158812458e-06,-0.0060544904137235,1.0687627216856736e-05,-0.0065590312815337,2.657443543932378e-06,-0.0070635721493441,7.246072768859092e-06,-0.0075681130171543,6.55282662696369e-06,-0.0050454086781029,1.6010684705679544e-06,-0.0045408678102926,3.3837014068704192e-06,-0.0040363269424824,7.196555187295136e-07,-0.003531786074672,7.246072768859092e-06,-0.0030272452068617,3.5240012213016315e-06,1,0,0,0,0
1408,29,14:20:27,6,-0.0045408678102926,546247.0,-0.0047931382441976,-0.0050454086781029,1.3204688417055296e-07,-0.0055499495459131,6.18144476523401e-06,-0.0060544904137235,1.0687627216856736e-05,-0.0065590312815337,2.863766800448867e-06,-0.0070635721493441,7.246072768859092e-06,-0.0045408678102926,3.358942616088441e-06,-0.0040363269424824,7.196555187295136e-07,-0.003531786074672,7.279084489901731e-06,-0.0030272452068617,3.5240012213016315e-06,-0.0025227043390515,7.1689904002245326e-06,0,0,0,0,0
1409,29,14:20:30,6,-0.0055499495459131,398878.0,-0.005297679112008,-0.0055499495459131,4.957122561065164e-06,-0.0060544904137235,1.079491531024531e-05,-0.0065590312815337,3.276413313481845e-06,-0.0070635721493441,7.246072768859092e-06,-0.0075681130171543,6.54457369670303e-06,-0.0050454086781029,9.078223286725516e-07,-0.0045408678102926,3.3754484766097595e-06,-0.0040363269424824,7.196555187295136e-07,-0.003531786074672,7.279084489901731e-06,-0.0030272452068617,3.5240012213016315e-06,0,0,0,0,0
1410,29,14:20:33,6,-0.0055499495459131,141914.0,-0.005297679112008,-0.0055499495459131,4.445440884904272e-06,-0.0060544904137235,1.1463402661358734e-05,-0.0065590312815337,3.276413313481845e-06,-0.0070635721493441,7.246072768859092e-06,-0.0075681130171543,6.54457369670303e-06,-0.0050454086781029,1.2626983298809123e-06,-0.0045408678102926,3.358942616088441e-06,-0.0040363269424824,7.196555187295136e-07,-0.003531786074672,7.279084489901731e-06,-0.0030272452068617,3.5240012213016315e-06,0,0,0,0,0
1411,29,14:20:36,6,-0.0055499495459131,616941.0,-0.005297679112008,-0.0055499495459131,2.085102830355637e-06,-0.0060544904137235,1.1653220057353904e-05,-0.0065590312815337,3.276413313481845e-06,-0.0070635721493441,7.246072768859092e-06,-0.0075681130171543,6.54457369670303e-06,-0.0050454086781029,1.196674887795636e-06,-0.0045408678102926,3.358942616088441e-06,-0.0040363269424824,7.196555187295136e-07,-0.003531786074672,7.279084489901731e-06,-0.0030272452068617,3.5240012213016315e-06,0,0,0,0,0
1412,29,14:20:39,6,-0.0050454086781029,1572800.0,-0.0055499495459131,-0.0060544904137235,1.041239199266374e-05,-0.0065590312815337,3.268160383221185e-06,-0.0070635721493441,7.246072768859092e-06,-0.0075681130171543,6.54457369670303e-06,-0.0080726538849646,8.78937072760243e-06,-0.0050454086781029,5.034287459002331e-07,-0.0045408678102926,3.358942616088441e-06,-0.0040363269424824,7.196555187295136e-07,-0.003531786074672,7.279084489901731e-06,-0.0030272452068617,3.5240012213016315e-06,1,0,1,0,0
1413,29,14:20:42,6,-0.0060544904137235,1469659.0,-0.0055499495459131,-0.0060544904137235,4.6105820194200695e-06,-0.0065590312815337,3.268160383221185e-06,-0.0070635721493441,7.254325699119752e-06,-0.0075681130171543,6.54457369670303e-06,-0.0080726538849646,8.78937072760243e-06,-0.0050454086781029,3.631289314690206e-07,-0.0045408678102926,3.358942616088441e-06,-0.0040363269424824,7.196555187295136e-07,-0.003531786074672,7.369866722768986e-06,-0.0030272452068617,3.5240012213016315e-06,1,0,1,0,0
1414,29,14:20:45,6,-0.0060544904137235,0.0,-0.0058022199798184,-0.0060544904137235,5.16352834688426e-06,-0.0065590312815337,3.218642801657228e-06,-0.0070635721493441,7.221313978077114e-06,-0.0075681130171543,6.54457369670303e-06,-0.0080726538849646,8.838888309166387e-06,-0.0055499495459131,8.25293026065956e-08,-0.0050454086781029,1.9229327507336773e-06,-0.0045408678102926,3.358942616088441e-06,-0.0040363269424824,5.79355704298301e-07,-0.003531786074672,7.328602071465688e-06,1,0,1,0,0
1415,29,14:20:48,6,-0.0060544904137235,236400.0,-0.0058022199798184,-0.0060544904137235,3.7687831328327935e-06,-0.0065590312815337,3.218642801657228e-06,-0.0070635721493441,7.221313978077114e-06,-0.0075681130171543,6.54457369670303e-06,-0.0080726538849646,8.896658820991005e-06,-0.0055499495459131,5.281875366822117e-07,-0.0050454086781029,2.880272660970186e-06,-0.0045408678102926,3.358942616088441e-06,-0.0040363269424824,5.79355704298301e-07,-0.003531786074672,7.328602071465688e-06,1,0,1,0,0
1416,29,14:20:51,6,-0.0060544904137235,169436.0,-0.0058022199798184,-0.0060544904137235,3.232342665889923e-06,-0.0065590312815337,3.160872289832611e-06,-0.0070635721493441,7.229566908337774e-06,-0.0075681130171543,6.54457369670303e-06,-0.0080726538849646,8.880152960469685e-06,-0.0055499495459131,1.3204688417055294e-06,-0.0050454086781029,3.7138186172968016e-06,-0.0045408678102926,9.35882291558794e-06,-0.0040363269424824,8.269436121180878e-07,-0.003531786074672,7.328602071465688e-06,1,0,1,0,0
1417,29,14:20:54,6,-0.0060544904137235,70949.0,-0.0058022199798184,-0.0060544904137235,3.380895410581795e-06,-0.0065590312815337,3.160872289832611e-06,-0.0070635721493441,7.229566908337774e-06,-0.0075681130171543,6.54457369670303e-06,-0.0080726538849646,8.880152960469685e-06,-0.0055499495459131,1.0811338641464022e-06,-0.0050454086781029,3.7138186172968016e-06,-0.0045408678102926,9.35882291558794e-06,-0.0040363269424824,8.269436121180878e-07,-0.003531786074672,7.328602071465688e-06,0,0,1,0,0
1418,29,14:20:57,6,-0.0060544904137235,126111.0,-0.0058022199798184,-0.0060544904137235,3.273607317193221e-06,-0.0065590312815337,3.2434015924392065e-06,-0.0070635721493441,7.229566908337774e-06,-0.0075681130171543,6.54457369670303e-06,-0.0080726538849646,8.880152960469685e-06,-0.0055499495459131,1.8981739599516989e-06,-0.0050454086781029,3.4497248489556955e-06,-0.0045408678102926,9.35882291558794e-06,-0.0040363269424824,8.269436121180878e-07,-0.003531786074672,7.328602071465688e-06,0,0,1,0,0
1419,29,14:21:00,6,-0.0055499495459131,265969.0,-0.0058022199798184,-0.0060544904137235,2.5225906634732008e-06,-0.0065590312815337,3.2434015924392065e-06,-0.0070635721493441,7.229566908337774e-06,-0.0075681130171543,6.54457369670303e-06,-0.0080726538849646,4.803205411703864e-06,-0.0055499495459131,1.9807032625582944e-06,-0.0050454086781029,3.4579777792163552e-06,-0.0045408678102926,9.35882291558794e-06,-0.0040363269424824,7.444143095114922e-07,-0.003531786074672,7.328602071465688e-06,0,0,1,0,0
1420,29,14:21:03,6,-0.0060544904137235,102448.0,-0.0058022199798184,-0.0060544904137235,2.217232243828797e-06,-0.0065590312815337,3.2434015924392065e-06,-0.0070635721493441,7.221313978077114e-06,-0.0075681130171543,6.54457369670303e-06,-0.0080726538849646,4.803205411703864e-06,-0.0055499495459131,2.228291170378081e-06,-0.0050454086781029,3.499242430519653e-06,-0.0045408678102926,9.35882291558794e-06,-0.0040363269424824,7.444143095114922e-07,-0.003531786074672,7.328602071465688e-06,0,0,0,0,0
1421,29,14:21:06,6,-0.0055499495459131,163518.0,-0.0058022199798184,-0.0060544904137235,1.6312741953219685e-06,-0.0065590312815337,3.408460197652398e-06,-0.0070635721493441,7.221313978077114e-06,-0.0075681130171543,6.635355929570286e-06,-0.0080726538849646,4.803205411703864e-06,-0.0055499495459131,2.1622677282928043e-06,-0.0050454086781029,3.499242430519653e-06,-0.0045408678102926,9.35882291558794e-06,-0.0040363269424824,7.444143095114922e-07,-0.003531786074672,7.328602071465688e-06,0,0,0,0,0
1422,29,14:21:09,6,-0.0060544904137235,1571088.0,-0.0063067608476287,-0.0065590312815337,9.160752589332112e-07,-0.0070635721493441,7.221313978077114e-06,-0.0075681130171543,6.635355929570286e-06,-0.0080726538849646,4.844470063007161e-06,-0.008577194752775,6.841679186086774e-06,-0.0060544904137235,2.774635153633744e-07,-0.0055499495459131,2.5006378689798464e-06,-0.0050454086781029,3.499242430519653e-06,-0.0045408678102926,9.35882291558794e-06,-0.0040363269424824,7.609201700328113e-07,1,1,0,0,0
1423,29,14:21:12,6,-0.0060544904137235,61052.0,-0.0063067608476287,-0.0065590312815337,7.840283747626581e-07,-0.0070635721493441,7.279084489901731e-06,-0.0075681130171543,5.149828482651565e-06,-0.0080726538849646,4.844470063007161e-06,-0.008577194752775,6.841679186086774e-06,-0.0060544904137235,4.920397021405229e-07,-0.0055499495459131,1.741368284999167e-06,-0.0050454086781029,3.2434015924392065e-06,-0.0045408678102926,9.35882291558794e-06,-0.0040363269424824,7.609201700328113e-07,1,1,0,0,0
1424,29,14:21:15,6,-0.0060544904137235,21670.0,-0.0063067608476287,-0.0065590312815337,8.087871655446368e-07,-0.0070635721493441,7.279084489901731e-06,-0.0075681130171543,5.149828482651565e-06,-0.0080726538849646,4.844470063007161e-06,-0.008577194752775,7.006737791299965e-06,-0.0060544904137235,4.0125746927326777e-07,-0.0055499495459131,1.8238975876057624e-06,-0.0050454086781029,4.093453409287141e-06,-0.0045408678102926,9.441352218194536e-06,-0.0040363269424824,7.609201700328113e-07,1,1,0,0,0
1425,29,14:21:18,6,-0.0060544904137235,237089.0,-0.0063067608476287,-0.0065590312815337,6.076632550923634e-07,-0.0070635721493441,7.196555187295135e-06,-0.0075681130171543,5.149828482651565e-06,-0.0080726538849646,4.844470063007161e-06,-0.008577194752775,7.0892670939065616e-06,-0.0060544904137235,6.570983073537141e-07,-0.0055499495459131,1.8238975876057624e-06,-0.0050454086781029,4.093453409287141e-06,-0.0045408678102926,9.441352218194536e-06,-0.0040363269424824,7.609201700328113e-07,1,1,0,0,0
1426,29,14:21:21,6,-0.0065590312815337,65003.0,-0.0063067608476287,-0.0065590312815337,5.498927432677464e-07,-0.0070635721493441,7.336855001726348e-06,-0.0075681130171543,5.149828482651565e-06,-0.0080726538849646,4.844470063007161e-06,-0.008577194752775,7.0892670939065616e-06,-0.0060544904137235,1.2348034255998832e-06,-0.0055499495459131,1.8238975876057624e-06,-0.0050454086781029,4.093453409287141e-06,-0.0045408678102926,9.54038738132245e-06,-0.0040363269424824,7.609201700328113e-07,1,1,0,0,0
1427,29,14:21:24,6,-0.0065590312815337,57117.0,-0.0063067608476287,-0.0065590312815337,8.469982326514906e-07,-0.0070635721493441,7.411131374072284e-06,-0.0075681130171543,4.885734714310459e-06,-0.0080726538849646,4.844470063007161e-06,-0.008577194752775,7.10577295442788e-06,-0.0060544904137235,1.1522741229932877e-06,-0.0055499495459131,1.8569093086484008e-06,-0.0050454086781029,4.093453409287141e-06,-0.0045408678102926,9.54038738132245e-06,-0.0040363269424824,7.609201700328113e-07,1,1,0,0,0
1428,29,14:21:27,6,-0.0065590312815337,98451.0,-0.0063067608476287,-0.0065590312815337,7.64468930044895e-07,-0.0070635721493441,7.584442909546135e-06,-0.0075681130171543,4.885734714310459e-06,-0.0080726538849646,4.844470063007161e-06,-0.008577194752775,7.10577295442788e-06,-0.0060544904137235,2.79460724486454e-06,-0.0055499495459131,1.9724503322976347e-06,-0.0050454086781029,4.184235642154396e-06,-0.0045408678102926,9.54038738132245e-06,-0.0040363269424824,7.609201700328113e-07,1,1,0,0,0
1429,29,14:21:30,6,-0.0065590312815337,222600.0,-0.0063067608476287,-0.0065590312815337,8.965158142154479e-07,-0.0070635721493441,7.66697221215273e-06,-0.0075681130171543,4.885734714310459e-06,-0.0080726538849646,5.0095286682203525e-06,-0.008577194752775,7.081014163645902e-06,-0.0060544904137235,1.9445554280166053e-06,-0.0055499495459131,1.8073917270844437e-06,-0.0050454086781029,4.184235642154396e-06,-0.0045408678102926,9.54038738132245e-06,-0.0040363269424824,7.609201700328113e-07,1,1,0,0,0
1430,29,14:21:33,6,-0.0065590312815337,210715.0,-0.0063067608476287,-0.0065590312815337,5.168810222251082e-07,-0.0070635721493441,7.66697221215273e-06,-0.0075681130171543,4.473088201277481e-06,-0.0080726538849646,5.100310901087608e-06,-0.008577194752775,7.081014163645902e-06,-0.0060544904137235,1.705220450457478e-06,-0.0055499495459131,1.832150517866422e-06,-0.0050454086781029,4.184235642154396e-06,-0.0045408678102926,9.54038738132245e-06,-0.0040363269424824,8.434494726394069e-07,1,0,0,0,0
1431,29,14:21:36,6,-0.0060544904137235,74553.0,-0.0063067608476287,-0.0065590312815337,8.895008234938873e-07,-0.0070635721493441,7.66697221215273e-06,-0.0075681130171543,4.473088201277481e-06,-0.0080726538849646,4.852722993267821e-06,-0.008577194752775,7.081014163645902e-06,-0.0060544904137235,1.4906442636803296e-06,-0.0055499495459131,1.832150517866422e-06,-0.0050454086781029,4.184235642154396e-06,-0.0045408678102926,9.54038738132245e-06,-0.0040363269424824,8.434494726394069e-07,1,0,0,0,0
1432,29,14:21:39,6,-0.0065590312815337,141824.0,-0.0063067608476287,-0.0065590312815337,2.606110317711076e-06,-0.0070635721493441,7.997089422579113e-06,-0.0075681130171543,4.473088201277481e-06,-0.0080726538849646,4.852722993267821e-06,-0.008577194752775,7.081014163645902e-06,-0.0060544904137235,1.1192624019506491e-06,-0.0055499495459131,1.832150517866422e-06,-0.0050454086781029,4.5968821551873744e-06,-0.0045408678102926,9.54038738132245e-06,-0.0040363269424824,8.434494726394069e-07,1,0,0,0,0
1433,29,14:21:42,6,-0.0065590312815337,208739.0,-0.0063067608476287,-0.0065590312815337,2.069669850768204e-06,-0.0070635721493441,8.021848213361092e-06,-0.0075681130171543,4.473088201277481e-06,-0.0080726538849646,4.852722993267821e-06,-0.008577194752775,7.411131374072284e-06,-0.0060544904137235,2.200396266097052e-06,-0.0055499495459131,1.832150517866422e-06,-0.0050454086781029,4.266764944760992e-06,-0.0045408678102926,9.54038738132245e-06,-0.0040363269424824,8.434494726394069e-07,1,0,0,0,0
1434,29,14:21:45,6,-0.0065590312815337,88608.0,-0.0063067608476287,-0.0065590312815337,1.978887617900949e-06,-0.0070635721493441,8.03835407388241e-06,-0.0075681130171543,4.473088201277481e-06,-0.0080726538849646,4.852722993267821e-06,-0.008577194752775,7.444143095114923e-06,-0.0060544904137235,2.192143335836392e-06,-0.0055499495459131,1.832150517866422e-06,-0.0050454086781029,4.266764944760992e-06,-0.0045408678102926,9.54038738132245e-06,-0.0040363269424824,8.434494726394069e-07,1,0,0,0,0
1435,29,14:21:48,6,-0.0060544904137235,334070.0,-0.0063067608476287,-0.0065590312815337,2.7907283676420297e-06,-0.0070635721493441,7.955824771275815e-06,-0.0075681130171543,4.473088201277481e-06,-0.0080726538849646,4.852722993267821e-06,-0.008577194752775,7.444143095114923e-06,-0.0060544904137235,1.647449938632861e-06,-0.0055499495459131,1.906426890212358e-06,-0.0050454086781029,4.266764944760992e-06,-0.0045408678102926,9.54038738132245e-06,-0.0040363269424824,8.434494726394069e-07,0,0,0,0,0
1436,29,14:21:51,6,-0.0065590312815337,55148.0,-0.0063067608476287,-0.0065590312815337,2.7989812979026894e-06,-0.0070635721493441,8.153895097531644e-06,-0.0075681130171543,4.473088201277481e-06,-0.0080726538849646,4.852722993267821e-06,-0.008577194752775,7.444143095114923e-06,-0.0060544904137235,1.762990962282095e-06,-0.0055499495459131,1.9889561928189536e-06,-0.0050454086781029,4.184235642154396e-06,-0.0045408678102926,9.614663753668388e-06,-0.0040363269424824,8.434494726394069e-07,0,0,0,0,0
1437,29,14:21:54,6,-0.0060544904137235,31515.0,-0.0063067608476287,-0.0065590312815337,2.765969576860051e-06,-0.0070635721493441,8.153895097531644e-06,-0.0075681130171543,4.473088201277481e-06,-0.0080726538849646,4.852722993267821e-06,-0.008577194752775,7.48540774641822e-06,-0.0060544904137235,1.6722087294148395e-06,-0.0055499495459131,1.9889561928189536e-06,-0.0050454086781029,4.184235642154396e-06,-0.0045408678102926,9.614663753668388e-06,-0.0040363269424824,8.434494726394069e-07,0,0,0,0,0
1438,29,14:21:57,6,-0.0060544904137235,66957.0,-0.0063067608476287,-0.0065590312815337,3.0795809267651145e-06,-0.0070635721493441,8.153895097531644e-06,-0.0075681130171543,4.473088201277481e-06,-0.0080726538849646,4.852722993267821e-06,-0.008577194752775,7.48540774641822e-06,-0.0060544904137235,1.6722087294148395e-06,-0.0055499495459131,2.0714854954255493e-06,-0.0050454086781029,4.184235642154396e-06,-0.0045408678102926,9.614663753668388e-06,-0.0040363269424824,8.434494726394069e-07,0,0,0,0,0
1439,29,14:22:00,6,-0.0060544904137235,216684.0,-0.0063067608476287,-0.0065590312815337,2.955786972855221e-06,-0.0070635721493441,8.23642440013824e-06,-0.0075681130171543,4.473088201277481e-06,-0.0080726538849646,4.852722993267821e-06,-0.008577194752775,7.48540774641822e-06,-0.0060544904137235,1.0202272388227349e-06,-0.0055499495459131,1.2461924693595934e-06,-0.0050454086781029,4.184235642154396e-06,-0.0045408678102926,9.829239940445535e-06,-0.0040363269424824,8.434494726394069e-07,0,0,0,0,0
1440,29,14:22:03,6,-0.0070635721493441,799733.0,-0.0068113017154388,-0.0070635721493441,8.285941981702197e-06,-0.0075681130171543,4.473088201277481e-06,-0.0080726538849646,4.852722993267821e-06,-0.008577194752775,7.534925327982178e-06,-0.0090817356205852,5.272797143535393e-06,-0.0065590312815337,1.3522426232090688e-06,-0.0060544904137235,1.8455202648886904e-06,-0.0055499495459131,1.2461924693595934e-06,-0.0050454086781029,3.424966058173717e-06,-0.0045408678102926,9.829239940445535e-06,0,0,0,0,1
1441,29,14:22:06,6,-0.0065590312815337,126016.0,-0.0068113017154388,-0.0070635721493441,8.351965423787473e-06,-0.0075681130171543,4.473088201277481e-06,-0.0080726538849646,4.852722993267821e-06,-0.008577194752775,7.534925327982178e-06,-0.0090817356205852,5.272797143535393e-06,-0.0065590312815337,9.313431799154312e-07,-0.0060544904137235,2.0188318003625413e-06,-0.0055499495459131,1.2461924693595934e-06,-0.0050454086781029,3.424966058173717e-06,-0.0045408678102926,9.829239940445535e-06,0,0,0,0,1
1442,29,14:22:09,6,-0.0075681130171543,2467894.0,-0.0073158425832492,-0.0075681130171543,4.464835271016822e-06,-0.0080726538849646,4.852722993267821e-06,-0.008577194752775,7.534925327982178e-06,-0.0090817356205852,5.272797143535393e-06,-0.0095862764883956,1.576697567508227e-05,-0.0070635721493441,6.462044394096435e-06,-0.0065590312815337,1.32748383242709e-06,-0.0060544904137235,6.15354986095298e-06,-0.0055499495459131,1.2461924693595934e-06,-0.0050454086781029,3.424966058173717e-06,1,0,0,0,1
1443,29,14:22:12,6,-0.0070635721493441,183012.0,-0.0073158425832492,-0.0075681130171543,4.448329410495502e-06,-0.0080726538849646,4.877481784049799e-06,-0.008577194752775,7.576189979285475e-06,-0.0090817356205852,5.272797143535393e-06,-0.0095862764883956,1.576697567508227e-05,-0.0070635721493441,6.6188500690489664e-06,-0.0065590312815337,7.167669931382827e-07,-0.0060544904137235,6.029755907043087e-06,-0.0055499495459131,1.1306514457103595e-06,-0.0050454086781029,3.4414719186950363e-06,1,0,0,1,1
1444,29,14:22:15,6,-0.0075681130171543,210560.0,-0.0073158425832492,-0.0075681130171543,5.141575552390905e-06,-0.0080726538849646,4.877481784049799e-06,-0.008577194752775,7.66697221215273e-06,-0.0090817356205852,5.272797143535393e-06,-0.0095862764883956,1.576697567508227e-05,-0.0070635721493441,6.18144476523401e-06,-0.0065590312815337,7.167669931382827e-07,-0.0060544904137235,6.029755907043087e-06,-0.0055499495459131,1.1306514457103595e-06,-0.0050454086781029,3.474483639737674e-06,1,0,0,1,1
1445,29,14:22:18,6,-0.0070635721493441,218447.0,-0.0073158425832492,-0.0075681130171543,5.215851924736842e-06,-0.0080726538849646,4.852722993267821e-06,-0.008577194752775,7.67522514241339e-06,-0.0090817356205852,5.644179005265072e-06,-0.0095862764883956,1.576697567508227e-05,-0.0070635721493441,5.818315833764989e-06,-0.0065590312815337,7.580316444415805e-07,-0.0060544904137235,6.112285209649683e-06,-0.0055499495459131,1.1306514457103595e-06,-0.0050454086781029,3.474483639737674e-06,1,0,0,1,1
1446,29,14:22:21,6,-0.0075681130171543,160650.0,-0.0073158425832492,-0.0075681130171543,4.748240896167871e-06,-0.0080726538849646,4.852722993267821e-06,-0.008577194752775,7.68347807267405e-06,-0.0090817356205852,5.644179005265072e-06,-0.0095862764883956,1.576697567508227e-05,-0.0070635721493441,6.247468207319286e-06,-0.0065590312815337,1.0056195522613672e-06,-0.0060544904137235,5.187957020455812e-06,-0.0055499495459131,1.1306514457103595e-06,-0.0050454086781029,3.474483639737674e-06,0,0,0,1,1
1447,29,14:22:24,6,-0.0075681130171543,82636.0,-0.0073158425832492,-0.0075681130171543,4.847276059295785e-06,-0.0080726538849646,4.844470063007161e-06,-0.008577194752775,7.600948770067453e-06,-0.0090817356205852,5.644179005265072e-06,-0.0095862764883956,1.576697567508227e-05,-0.0070635721493441,6.065903741584776e-06,-0.0065590312815337,1.121160575910601e-06,-0.0060544904137235,5.196209950716472e-06,-0.0055499495459131,1.1306514457103595e-06,-0.0050454086781029,3.474483639737674e-06,0,0,0,1,1
1448,29,14:22:27,6,-0.0075681130171543,487828.0,-0.0073158425832492,-0.0075681130171543,2.973860890126065e-06,-0.0080726538849646,4.844470063007161e-06,-0.008577194752775,7.600948770067453e-06,-0.0090817356205852,5.644179005265072e-06,-0.0095862764883956,1.576697567508227e-05,-0.0070635721493441,5.975121508717521e-06,-0.0065590312815337,2.07850048614711e-06,-0.0060544904137235,5.196209950716472e-06,-0.0055499495459131,1.0316162825824448e-06,-0.0050454086781029,3.474483639737674e-06,0,0,0,1,1
1449,29,14:22:30,6,-0.0075681130171543,188832.0,-0.0073158425832492,-0.0075681130171543,2.6189848889177044e-06,-0.0080726538849646,4.844470063007161e-06,-0.008577194752775,7.600948770067453e-06,-0.0090817356205852,5.644179005265072e-06,-0.0095862764883956,1.577522860534293e-05,-0.0070635721493441,6.074156671845436e-06,-0.0065590312815337,2.07850048614711e-06,-0.0060544904137235,5.196209950716472e-06,-0.0055499495459131,1.0316162825824448e-06,-0.0050454086781029,3.474483639737674e-06,0,0,0,1,1
1450,29,14:22:33,6,-0.0075681130171543,424899.0,-0.0073158425832492,-0.0075681130171543,1.2407455353875582e-06,-0.0080726538849646,4.844470063007161e-06,-0.008577194752775,7.600948770067453e-06,-0.0090817356205852,5.644179005265072e-06,-0.0095862764883956,1.5824746186906883e-05,-0.0070635721493441,6.107168392888074e-06,-0.0065590312815337,2.07850048614711e-06,-0.0060544904137235,5.196209950716472e-06,-0.0055499495459131,1.0316162825824448e-06,-0.0050454086781029,3.474483639737674e-06,0,0,0,1,1
1451,29,14:22:36,6,-0.0075681130171543,317356.0,-0.0078203834510596,-0.0080726538849646,4.844470063007161e-06,-0.008577194752775,7.724742723977346e-06,-0.0090817356205852,5.644179005265072e-06,-0.0095862764883956,1.58825166987315e-05,-0.0100908173562057,1.063373558225463e-05,-0.0075681130171543,1.5390064350077946e-06,-0.0070635721493441,6.296985788883243e-06,-0.0065590312815337,2.07850048614711e-06,-0.0060544904137235,5.196209950716472e-06,-0.0055499495459131,1.0316162825824448e-06,1,0,1,1,2
1452,29,14:22:39,6,-0.0080726538849646,369767.0,-0.0078203834510596,-0.0080726538849646,4.646399736751332e-06,-0.008577194752775,8.285941981702197e-06,-0.0090817356205852,5.644179005265072e-06,-0.0095862764883956,1.58825166987315e-05,-0.0100908173562057,1.063373558225463e-05,-0.0075681130171543,4.7437843138271147e-07,-0.0070635721493441,6.36300923096852e-06,-0.0065590312815337,1.121160575910601e-06,-0.0060544904137235,5.212715811237791e-06,-0.0055499495459131,9.573399102365088e-07,1,0,1,1,2
1453,29,14:22:42,6,-0.0075681130171543,35401.0,-0.0078203834510596,-0.0080726538849646,5.149828482651565e-06,-0.008577194752775,8.285941981702197e-06,-0.0090817356205852,5.627673144743753e-06,-0.0095862764883956,1.58825166987315e-05,-0.0100908173562057,1.0551206279648032e-05,-0.0075681130171543,9.035308049370084e-07,-0.0070635721493441,5.777051182461692e-06,-0.0065590312815337,2.2518120216209608e-06,-0.0060544904137235,5.212715811237791e-06,-0.0055499495459131,9.573399102365088e-07,1,0,1,1,2
1454,29,14:22:45,6,-0.0080726538849646,45218.0,-0.0078203834510596,-0.0080726538849646,5.042540389262991e-06,-0.008577194752775,8.285941981702197e-06,-0.0090817356205852,5.627673144743753e-06,-0.0095862764883956,1.5832999117167543e-05,-0.0100908173562057,1.0551206279648032e-05,-0.0075681130171543,1.0025659680649231e-06,-0.0070635721493441,5.843074624546968e-06,-0.0065590312815337,2.2518120216209608e-06,-0.0060544904137235,5.237474602019769e-06,-0.0055499495459131,9.573399102365088e-07,1,0,1,1,2
1455,29,14:22:48,6,-0.0080726538849646,29503.0,-0.0078203834510596,-0.0080726538849646,5.0095286682203525e-06,-0.008577194752775,8.285941981702197e-06,-0.0090817356205852,5.627673144743753e-06,-0.0095862764883956,1.5832999117167543e-05,-0.0100908173562057,1.0551206279648032e-05,-0.0075681130171543,9.778071772829449e-07,-0.0070635721493441,6.041144950802797e-06,-0.0065590312815337,2.961564024037683e-06,-0.0060544904137235,5.220968741498451e-06,-0.0055499495459131,9.573399102365088e-07,1,0,1,1,2
1456,29,14:22:51,6,-0.0080726538849646,66483.0,-0.0078203834510596,-0.0080726538849646,4.928567422363282e-06,-0.008577194752775,8.285941981702197e-06,-0.0090817356205852,5.627673144743753e-06,-0.0095862764883956,1.5832999117167543e-05,-0.0100908173562057,1.0551206279648032e-05,-0.0075681130171543,1.3574419692732842e-06,-0.0070635721493441,6.866437976868753e-06,-0.0065590312815337,2.961564024037683e-06,-0.0060544904137235,5.113680648109876e-06,-0.0055499495459131,9.573399102365088e-07,0,0,1,1,2
1457,29,14:22:54,6,-0.0080726538849646,25559.0,-0.0078203834510596,-0.0080726538849646,4.903808631581304e-06,-0.008577194752775,8.285941981702197e-06,-0.0090817356205852,5.627673144743753e-06,-0.0095862764883956,1.6328174932807118e-05,-0.0100908173562057,1.0575965070430011e-05,-0.0075681130171543,1.43997127187988e-06,-0.0070635721493441,6.783908674262158e-06,-0.0065590312815337,2.961564024037683e-06,-0.0060544904137235,5.113680648109876e-06,-0.0055499495459131,9.573399102365088e-07,0,0,1,1,2
1458,29,14:22:57,6,-0.0080726538849646,53082.0,-0.0078203834510596,-0.0080726538849646,4.755255886889432e-06,-0.008577194752775,8.327206633005496e-06,-0.0090817356205852,5.668937796047051e-06,-0.0095862764883956,1.6410704235413712e-05,-0.0100908173562057,1.0575965070430011e-05,-0.0075681130171543,2.5458639268082607e-06,-0.0070635721493441,6.6188500690489664e-06,-0.0065590312815337,2.961564024037683e-06,-0.0060544904137235,5.113680648109876e-06,-0.0055499495459131,9.573399102365088e-07,0,0,1,1,2
1459,29,14:23:00,6,-0.0080726538849646,21626.0,-0.0078203834510596,-0.0080726538849646,5.4072373774815366e-06,-0.008577194752775,8.368471284308793e-06,-0.0090817356205852,5.668937796047051e-06,-0.0095862764883956,1.6410704235413712e-05,-0.0100908173562057,1.0575965070430011e-05,-0.0075681130171543,3.4124216041775145e-06,-0.0070635721493441,6.693126441394902e-06,-0.0065590312815337,2.961564024037683e-06,-0.0060544904137235,5.113680648109876e-06,-0.0055499495459131,6.437285603314456e-07,0,0,1,1,2
1460,29,14:23:03,6,-0.0080726538849646,200551.0,-0.0078203834510596,-0.0080726538849646,5.242178772268345e-06,-0.008577194752775,8.368471284308793e-06,-0.0090817356205852,5.668937796047051e-06,-0.0095862764883956,1.6410704235413712e-05,-0.0100908173562057,1.0575965070430011e-05,-0.0075681130171543,3.808562256689173e-06,-0.0070635721493441,6.693126441394902e-06,-0.0065590312815337,2.961564024037683e-06,-0.0060544904137235,9.872155177800965e-07,-0.0055499495459131,6.437285603314456e-07,0,0,1,1,2
1461,29,14:23:06,6,-0.0080726538849646,1744324.0,-0.0083249243188697,-0.008577194752775,8.310700772484176e-06,-0.0090817356205852,5.668937796047051e-06,-0.0095862764883956,1.644371595645635e-05,-0.0100908173562057,1.0575965070430011e-05,-0.0105953582240161,2.458316842603184e-05,-0.0080726538849646,2.625257115915806e-07,-0.0075681130171543,2.93375164905926e-06,-0.0070635721493441,6.693126441394902e-06,-0.0065590312815337,2.961564024037683e-06,-0.0060544904137235,9.872155177800965e-07,1,1,1,2,2
1462,29,14:23:09,6,-0.008577194752775,226084.0,-0.0083249243188697,-0.008577194752775,8.393230075090772e-06,-0.0090817356205852,5.668937796047051e-06,-0.0095862764883956,1.644371595645635e-05,-0.0100908173562057,1.060897679147265e-05,-0.0105953582240161,2.458316842603184e-05,-0.0080726538849646,2.6063579056188954e-06,-0.0075681130171543,2.93375164905926e-06,-0.0070635721493441,6.759149883480179e-06,-0.0065590312815337,3.044093326644278e-06,-0.0060544904137235,9.872155177800965e-07,1,1,1,2,2
1463,29,14:23:12,6,-0.008577194752775,163153.0,-0.0083249243188697,-0.008577194752775,8.23642440013824e-06,-0.0090817356205852,5.677190726307711e-06,-0.0095862764883956,1.644371595645635e-05,-0.0100908173562057,1.062548265199397e-05,-0.0105953582240161,2.458316842603184e-05,-0.0080726538849646,2.292746555713832e-06,-0.0075681130171543,2.93375164905926e-06,-0.0070635721493441,6.775655744001498e-06,-0.0065590312815337,3.044093326644278e-06,-0.0060544904137235,9.872155177800965e-07,1,1,1,2,2
1464,29,14:23:15,6,-0.0080726538849646,102230.0,-0.0083249243188697,-0.008577194752775,8.219918539616921e-06,-0.0090817356205852,5.677190726307711e-06,-0.0095862764883956,1.644371595645635e-05,-0.0100908173562057,1.062548265199397e-05,-0.0105953582240161,2.458316842603184e-05,-0.0080726538849646,1.880100042680854e-06,-0.0075681130171543,3.181339556879047e-06,-0.0070635721493441,6.701379371655562e-06,-0.0065590312815337,3.044093326644278e-06,-0.0060544904137235,9.872155177800965e-07,1,1,1,2,2
1465,29,14:23:18,6,-0.0080726538849646,159216.0,-0.0083249243188697,-0.008577194752775,7.972330631797134e-06,-0.0090817356205852,5.677190726307711e-06,-0.0095862764883956,1.6526245259062947e-05,-0.0100908173562057,1.062548265199397e-05,-0.0105953582240161,2.458316842603184e-05,-0.0080726538849646,1.6985355769463438e-06,-0.0075681130171543,3.181339556879047e-06,-0.0070635721493441,6.280479928361925e-06,-0.0065590312815337,3.044093326644278e-06,-0.0060544904137235,9.872155177800965e-07,1,1,1,2,2
1466,29,14:23:21,6,-0.0080726538849646,186761.0,-0.0083249243188697,-0.008577194752775,7.84853667788724e-06,-0.0090817356205852,5.677190726307711e-06,-0.0095862764883956,1.6526245259062947e-05,-0.0100908173562057,1.062548265199397e-05,-0.0105953582240161,2.458316842603184e-05,-0.0080726538849646,2.3175053464958107e-06,-0.0075681130171543,3.181339556879047e-06,-0.0070635721493441,5.4551869022959686e-06,-0.0065590312815337,3.044093326644278e-06,-0.0060544904137235,9.95468448040756e-07,1,1,1,2,2
1467,29,14:23:24,6,-0.0080726538849646,194567.0,-0.0083249243188697,-0.008577194752775,7.369866722768986e-06,-0.0090817356205852,5.677190726307711e-06,-0.0095862764883956,1.7285514843043626e-05,-0.0100908173562057,1.061722972173331e-05,-0.0105953582240161,2.458316842603184e-05,-0.0080726538849646,2.15244674128262e-06,-0.0075681130171543,4.848431469532278e-06,-0.0070635721493441,5.4551869022959686e-06,-0.0065590312815337,2.961564024037683e-06,-0.0060544904137235,9.95468448040756e-07,1,1,1,2,2
1468,29,14:23:27,6,-0.0080726538849646,456054.0,-0.0083249243188697,-0.008577194752775,6.899449697911391e-06,-0.0090817356205852,5.677190726307711e-06,-0.0095862764883956,1.7285514843043626e-05,-0.0100908173562057,1.061722972173331e-05,-0.0105953582240161,2.458316842603184e-05,-0.0080726538849646,6.006565173010634e-06,-0.0075681130171543,4.930960772138873e-06,-0.0070635721493441,5.4551869022959686e-06,-0.0065590312815337,2.920299372734385e-06,-0.0060544904137235,1.069744820386692e-06,1,1,1,2,2
1469,29,14:23:30,6,-0.008577194752775,53077.0,-0.0083249243188697,-0.008577194752775,7.460648955636241e-06,-0.0090817356205852,6.07333137881937e-06,-0.0095862764883956,1.7285514843043626e-05,-0.0100908173562057,1.061722972173331e-05,-0.0105953582240161,2.458316842603184e-05,-0.0080726538849646,5.866265358579421e-06,-0.0075681130171543,4.930960772138873e-06,-0.0070635721493441,5.4551869022959686e-06,-0.0065590312815337,2.920299372734385e-06,-0.0060544904137235,1.127515332211309e-06,1,1,1,2,2
1470,29,14:23:33,6,-0.008577194752775,1091019.0,-0.0083249243188697,-0.008577194752775,6.866437976868753e-06,-0.0090817356205852,6.122848960383327e-06,-0.0095862764883956,1.7285514843043626e-05,-0.0100908173562057,1.2201792331779945e-05,-0.0105953582240161,2.458316842603184e-05,-0.0080726538849646,2.218470183367896e-06,-0.0075681130171543,4.930960772138873e-06,-0.0070635721493441,5.4551869022959686e-06,-0.0065590312815337,2.920299372734385e-06,-0.0060544904137235,1.127515332211309e-06,1,1,1,2,2
1471,29,14:23:36,6,-0.008577194752775,102208.0,-0.0083249243188697,-0.008577194752775,6.668367650612924e-06,-0.0090817356205852,6.131101890643987e-06,-0.0095862764883956,1.7285514843043626e-05,-0.0100908173562057,1.2160527680476648e-05,-0.0105953582240161,2.45914213562925e-05,-0.0080726538849646,1.9873881360694283e-06,-0.0075681130171543,4.930960772138873e-06,-0.0070635721493441,5.4551869022959686e-06,-0.0065590312815337,2.920299372734385e-06,-0.0060544904137235,1.127515332211309e-06,1,1,2,2,2
1472,29,14:23:39,6,-0.0080726538849646,37341.0,-0.0083249243188697,-0.008577194752775,6.858185046608093e-06,-0.0090817356205852,6.131101890643987e-06,-0.0095862764883956,1.7285514843043626e-05,-0.0100908173562057,1.2160527680476648e-05,-0.0105953582240161,2.45914213562925e-05,-0.0080726538849646,2.878704604220661e-06,-0.0075681130171543,4.930960772138873e-06,-0.0070635721493441,5.4551869022959686e-06,-0.0065590312815337,2.920299372734385e-06,-0.0060544904137235,1.2843210071638403e-06,1,1,2,2,2
1473,29,14:23:42,6,-0.008577194752775,133637.0,-0.0083249243188697,-0.008577194752775,6.495056115139073e-06,-0.0090817356205852,6.147607751165305e-06,-0.0095862764883956,1.7368044145650223e-05,-0.0100908173562057,1.1995469075263456e-05,-0.0105953582240161,2.45914213562925e-05,-0.0080726538849646,3.5719507461160635e-06,-0.0075681130171543,5.0630076563094265e-06,-0.0070635721493441,5.4551869022959686e-06,-0.0065590312815337,2.920299372734385e-06,-0.0060544904137235,1.2843210071638403e-06,1,2,2,2,2
1474,29,14:23:45,6,-0.008577194752775,212232.0,-0.0083249243188697,-0.008577194752775,5.843074624546968e-06,-0.0090817356205852,6.147607751165305e-06,-0.0095862764883956,1.6592268701148225e-05,-0.0100908173562057,1.193769856343884e-05,-0.0105953582240161,2.4673950658899097e-05,-0.0080726538849646,3.472915582988149e-06,-0.0075681130171543,5.104272307612724e-06,-0.0070635721493441,5.4551869022959686e-06,-0.0065590312815337,2.920299372734385e-06,-0.0060544904137235,1.2843210071638403e-06,1,2,2,2,2
1475,29,14:23:48,6,-0.008577194752775,80584.0,-0.0083249243188697,-0.008577194752775,5.653257228551798e-06,-0.0090817356205852,6.147607751165305e-06,-0.0095862764883956,1.6592268701148225e-05,-0.0100908173562057,1.193769856343884e-05,-0.0105953582240161,2.4673950658899097e-05,-0.0080726538849646,3.7617681421112336e-06,-0.0075681130171543,5.5086658903850426e-06,-0.0070635721493441,5.4551869022959686e-06,-0.0065590312815337,2.920299372734385e-06,-0.0060544904137235,1.2843210071638403e-06,1,2,2,2,2
1476,29,14:23:51,6,-0.008577194752775,446065.0,-0.0083249243188697,-0.008577194752775,5.182840203694203e-06,-0.0090817356205852,6.345678077421135e-06,-0.0095862764883956,1.6592268701148225e-05,-0.0100908173562057,1.193769856343884e-05,-0.0105953582240161,2.4673950658899097e-05,-0.0080726538849646,3.926826747324425e-06,-0.0075681130171543,5.582942262730978e-06,-0.0070635721493441,5.4551869022959686e-06,-0.0065590312815337,2.920299372734385e-06,-0.0060544904137235,1.3668503097704362e-06,1,2,2,2,2
1477,29,14:23:54,6,-0.0080726538849646,304649.0,-0.0083249243188697,-0.008577194752775,5.257116576040139e-06,-0.0090817356205852,6.345678077421135e-06,-0.0095862764883956,1.667479800375482e-05,-0.0100908173562057,1.1855169260832244e-05,-0.0105953582240161,2.478949168254833e-05,-0.0080726538849646,3.3903862803815536e-06,-0.0075681130171543,5.56643640220966e-06,-0.0070635721493441,5.446933972035309e-06,-0.0065590312815337,2.920299372734385e-06,-0.0060544904137235,1.3668503097704362e-06,1,2,2,2,2
1478,29,14:23:57,6,-0.008577194752775,187004.0,-0.0083249243188697,-0.008577194752775,4.867990914250041e-06,-0.0090817356205852,6.345678077421135e-06,-0.0095862764883956,1.667479800375482e-05,-0.0100908173562057,1.1871675121353562e-05,-0.0105953582240161,2.479774461280899e-05,-0.0080726538849646,2.721898929268129e-06,-0.0075681130171543,5.6902303561195525e-06,-0.0070635721493441,4.926999365613756e-06,-0.0065590312815337,2.920299372734385e-06,-0.0060544904137235,1.3668503097704362e-06,2,2,2,2,2
1479,29,14:24:00,6,-0.0080726538849646,165067.0,-0.0083249243188697,-0.008577194752775,4.447091470956404e-06,-0.0090817356205852,6.345678077421135e-06,-0.0095862764883956,1.667479800375482e-05,-0.0100908173562057,1.1830410470050263e-05,-0.0105953582240161,2.478949168254833e-05,-0.0080726538849646,2.9777397673485755e-06,-0.0075681130171543,5.6902303561195525e-06,-0.0070635721493441,4.926999365613756e-06,-0.0065590312815337,2.920299372734385e-06,-0.0060544904137235,1.4493796123770315e-06,2,2,2,2,2
1480,29,14:24:03,6,-0.008577194752775,365508.0,-0.0083249243188697,-0.008577194752775,3.836374631667596e-06,-0.0090817356205852,6.362183937942454e-06,-0.0095862764883956,1.667479800375482e-05,-0.0100908173562057,1.22925745646472e-05,-0.0105953582240161,2.4872020985154927e-05,-0.0080726538849646,2.837439952917363e-06,-0.0075681130171543,5.6902303561195525e-06,-0.0070635721493441,4.926999365613756e-06,-0.0065590312815337,2.920299372734385e-06,-0.0060544904137235,1.498897193940989e-06,2,2,2,2,2
1481,29,14:24:06,6,-0.008577194752775,756878.0,-0.0083249243188697,-0.008577194752775,3.630051375151107e-06,-0.0090817356205852,6.419954449767071e-06,-0.0095862764883956,1.667479800375482e-05,-0.0100908173562057,1.22925745646472e-05,-0.0105953582240161,2.4872020985154927e-05,-0.0080726538849646,5.420607124503805e-06,-0.0075681130171543,5.558183471949e-06,-0.0070635721493441,4.926999365613756e-06,-0.0065590312815337,2.920299372734385e-06,-0.0060544904137235,1.498897193940989e-06,2,2,2,2,2
1482,29,14:24:09,6,-0.0080726538849646,465786.0,-0.0083249243188697,-0.008577194752775,2.416870626834152e-06,-0.0090817356205852,6.419954449767071e-06,-0.0095862764883956,1.667479800375482e-05,-0.0100908173562057,1.22925745646472e-05,-0.0105953582240161,2.4863768054894267e-05,-0.0080726538849646,4.7686256339117e-06,-0.0075681130171543,5.558183471949e-06,-0.0070635721493441,4.926999365613756e-06,-0.0065590312815337,2.920299372734385e-06,-0.0060544904137235,1.4328737518557123e-06,2,2,2,2,2
1483,29,14:24:12,6,-0.0075681130171543,1208744.0,-0.0078203834510596,-0.0080726538849646,1.2125122609658417e-05,-0.008577194752775,2.342594254488216e-06,-0.0090817356205852,6.585013054980263e-06,-0.0095862764883956,1.667479800375482e-05,-0.0100908173562057,1.2375103867253797e-05,-0.0075681130171543,5.327101424650532e-06,-0.0070635721493441,4.926999365613756e-06,-0.0065590312815337,2.606688022829322e-06,-0.0060544904137235,1.4328737518557123e-06,-0.0055499495459131,6.437285603314456e-07,1,2,2,2,2
1484,29,14:24:15,6,-0.0080726538849646,255580.0,-0.0078203834510596,-0.0080726538849646,1.1266817862549824e-05,-0.008577194752775,2.4086176965734925e-06,-0.0090817356205852,1.1198401070688956e-05,-0.0095862764883956,1.6757327306361416e-05,-0.0100908173562057,1.2375103867253797e-05,-0.0075681130171543,5.327101424650532e-06,-0.0070635721493441,4.926999365613756e-06,-0.0065590312815337,2.5901821623080024e-06,-0.0060544904137235,1.4328737518557123e-06,-0.0055499495459131,6.437285603314456e-07,1,2,2,2,2
1485,29,14:24:18,6,-0.0075681130171543,477957.0,-0.0078203834510596,-0.0080726538849646,1.318149768302284e-05,-0.008577194752775,2.524158720222726e-06,-0.0090817356205852,1.0868283860262573e-05,-0.0095862764883956,1.683985660896801e-05,-0.0100908173562057,1.2375103867253797e-05,-0.0075681130171543,2.6944166715001327e-06,-0.0070635721493441,4.951758156395736e-06,-0.0065590312815337,2.5901821623080024e-06,-0.0060544904137235,1.4328737518557123e-06,-0.0055499495459131,6.437285603314456e-07,1,2,1,2,2
1486,29,14:24:21,6,-0.0080726538849646,121903.0,-0.0078203834510596,-0.0080726538849646,1.4642266339159582e-05,-0.008577194752775,2.581929232047343e-06,-0.0090817356205852,1.0868283860262573e-05,-0.0095862764883956,1.683985660896801e-05,-0.0100908173562057,1.2375103867253797e-05,-0.0075681130171543,3.527962627826748e-06,-0.0070635721493441,5.116816761608927e-06,-0.0065590312815337,2.5901821623080024e-06,-0.0060544904137235,1.4328737518557123e-06,-0.0055499495459131,6.437285603314456e-07,2,2,2,2,2
1487,29,14:24:24,6,-0.0080726538849646,499509.0,-0.0078203834510596,-0.0080726538849646,1.3783961592050987e-05,-0.008577194752775,2.746987837260534e-06,-0.0090817356205852,1.131394209433819e-05,-0.0095862764883956,1.685636246948933e-05,-0.0100908173562057,1.2375103867253797e-05,-0.0075681130171543,4.006632582945003e-06,-0.0070635721493441,5.116816761608927e-06,-0.0065590312815337,2.5901821623080024e-06,-0.0060544904137235,1.4328737518557123e-06,-0.0055499495459131,6.437285603314456e-07,2,2,2,2,2
1488,29,14:24:27,6,-0.0080726538849646,259520.0,-0.0078203834510596,-0.0080726538849646,1.2884392193639095e-05,-0.008577194752775,3.258669513421427e-06,-0.0090817356205852,1.2139235120404146e-05,-0.0095862764883956,1.685636246948933e-05,-0.0100908173562057,1.2507150751424348e-05,-0.0075681130171543,3.957115001381046e-06,-0.0070635721493441,5.116816761608927e-06,-0.0065590312815337,3.539269142283852e-06,-0.0060544904137235,1.4328737518557123e-06,-0.0055499495459131,6.437285603314456e-07,2,2,2,2,2
1489,29,14:24:30,6,-0.0075681130171543,241902.0,-0.0078203834510596,-0.0080726538849646,1.4089320011695393e-05,-0.008577194752775,3.407222258113299e-06,-0.0090817356205852,1.2139235120404146e-05,-0.0095862764883956,1.685636246948933e-05,-0.0100908173562057,1.2515403681685008e-05,-0.0075681130171543,3.2638688594856425e-06,-0.0070635721493441,5.116816761608927e-06,-0.0065590312815337,3.539269142283852e-06,-0.0060544904137235,1.4328737518557123e-06,-0.0055499495459131,6.437285603314456e-07,2,2,2,2,2
1490,29,14:24:33,6,-0.0075681130171543,546754.0,-0.0078203834510596,-0.0080726538849646,1.4081067081434731e-05,-0.008577194752775,3.57228086332649e-06,-0.0090817356205852,1.2188752701968102e-05,-0.0095862764883956,1.685636246948933e-05,-0.0100908173562057,1.2515403681685008e-05,-0.0075681130171543,1.869123645434177e-06,-0.0070635721493441,5.116816761608927e-06,-0.0065590312815337,3.539269142283852e-06,-0.0060544904137235,1.4328737518557123e-06,-0.0055499495459131,6.437285603314456e-07,2,2,2,2,2
1491,29,14:24:36,6,-0.0075681130171543,606767.0,-0.0073158425832492,-0.0075681130171543,3.148657953046835e-06,-0.0080726538849646,1.2983427356767012e-05,-0.008577194752775,3.7290865382790216e-06,-0.0090817356205852,1.2188752701968102e-05,-0.0095862764883956,1.685636246948933e-05,-0.0070635721493441,5.364404669428714e-06,-0.0065590312815337,3.539269142283852e-06,-0.0060544904137235,1.5979323570689035e-06,-0.0055499495459131,6.437285603314456e-07,-0.0050454086781029,2.772984567581612e-06,1,1,1,2,2
1492,29,14:24:39,6,-0.0075681130171543,35406.0,-0.0073158425832492,-0.0075681130171543,3.470522233212557e-06,-0.0080726538849646,1.2876139263378436e-05,-0.008577194752775,4.240768214439914e-06,-0.0090817356205852,1.2271282004574698e-05,-0.0095862764883956,1.685636246948933e-05,-0.0070635721493441,5.364404669428714e-06,-0.0065590312815337,3.539269142283852e-06,-0.0060544904137235,1.5979323570689035e-06,-0.0055499495459131,7.014990721560625e-07,-0.0050454086781029,2.979307824098101e-06,1,1,1,2,1
1493,29,14:24:42,6,-0.0075681130171543,135748.0,-0.0073158425832492,-0.0075681130171543,3.288957767478048e-06,-0.0080726538849646,1.2884392193639095e-05,-0.008577194752775,4.240768214439914e-06,-0.0090817356205852,1.2271282004574698e-05,-0.0095862764883956,1.685636246948933e-05,-0.0070635721493441,5.166334343172884e-06,-0.0065590312815337,3.539269142283852e-06,-0.0060544904137235,1.5979323570689035e-06,-0.0055499495459131,7.014990721560625e-07,-0.0050454086781029,2.979307824098101e-06,1,2,1,2,1
1494,29,14:24:45,6,-0.0075681130171543,434921.0,-0.0073158425832492,-0.0075681130171543,3.4210046516486e-06,-0.0080726538849646,1.2892645123899755e-05,-0.008577194752775,4.240768214439914e-06,-0.0090817356205852,1.2271282004574698e-05,-0.0095862764883956,1.685636246948933e-05,-0.0070635721493441,3.4167131279130576e-06,-0.0065590312815337,3.613545514629788e-06,-0.0060544904137235,1.5979323570689035e-06,-0.0055499495459131,7.014990721560625e-07,-0.0050454086781029,2.979307824098101e-06,1,2,1,2,1
1495,29,14:24:48,6,-0.0075681130171543,68868.0,-0.0073158425832492,-0.0075681130171543,3.503533954255196e-06,-0.0080726538849646,1.282662168181448e-05,-0.008577194752775,4.257274074961234e-06,-0.0090817356205852,1.2345558376920637e-05,-0.0095862764883956,1.6691303864276138e-05,-0.0070635721493441,3.2268957319178875e-06,-0.0065590312815337,3.753845329061e-06,-0.0060544904137235,1.5979323570689035e-06,-0.0055499495459131,7.014990721560625e-07,-0.0050454086781029,2.979307824098101e-06,1,1,1,2,1
1496,29,14:24:51,6,-0.0075681130171543,1571791.0,-0.0073158425832492,-0.0075681130171543,2.0632325651648896e-06,-0.0080726538849646,1.215417292417594e-05,-0.008577194752775,4.4140797499137655e-06,-0.0090817356205852,1.2345558376920637e-05,-0.0095862764883956,1.6691303864276138e-05,-0.0070635721493441,1.2626983298809123e-06,-0.0065590312815337,3.753845329061e-06,-0.0060544904137235,1.5979323570689035e-06,-0.0055499495459131,7.014990721560625e-07,-0.0050454086781029,2.979307824098101e-06,1,2,1,2,1
1497,29,14:24:54,6,-0.0075681130171543,277358.0,-0.0073158425832492,-0.0075681130171543,4.365800107888907e-06,-0.0080726538849646,1.231923152938913e-05,-0.008577194752775,4.265527005221893e-06,-0.0090817356205852,1.2345558376920637e-05,-0.0095862764883956,1.6691303864276138e-05,-0.0070635721493441,1.4195040048334445e-06,-0.0065590312815337,3.753845329061e-06,-0.0060544904137235,1.48239133341967e-06,-0.0055499495459131,7.014990721560625e-07,-0.0050454086781029,2.979307824098101e-06,1,2,1,2,1
1498,29,14:24:57,6,-0.0070635721493441,371858.0,-0.0073158425832492,-0.0075681130171543,4.035682897462524e-06,-0.0080726538849646,1.231923152938913e-05,-0.008577194752775,4.735944030079488e-06,-0.0090817356205852,1.2345558376920637e-05,-0.0095862764883956,1.6691303864276138e-05,-0.0070635721493441,2.154014798032145e-06,-0.0065590312815337,3.753845329061e-06,-0.0060544904137235,1.48239133341967e-06,-0.0055499495459131,1.1223985154497e-06,-0.0050454086781029,2.979307824098101e-06,2,2,1,2,1
1499,29,14:25:00,6,-0.0075681130171543,293190.0,-0.0073158425832492,-0.0075681130171543,3.93664773433461e-06,-0.0080726538849646,1.231923152938913e-05,-0.008577194752775,4.8349791932074025e-06,-0.0090817356205852,1.2345558376920637e-05,-0.0095862764883956,1.6691303864276138e-05,-0.0070635721493441,1.2874571206628912e-06,-0.0065590312815337,3.753845329061e-06,-0.0060544904137235,1.48239133341967e-06,-0.0055499495459131,1.1223985154497e-06,-0.0050454086781029,2.979307824098101e-06,2,2,1,2,1
1500,29,14:25:03,6,-0.0075681130171543,145569.0,-0.0073158425832492,-0.0075681130171543,5.042540389262991e-06,-0.0080726538849646,1.1097797850811516e-05,-0.008577194752775,2.54673048448563e-05,-0.0090817356205852,1.2345558376920637e-05,-0.0095862764883956,1.6881121260271308e-05,-0.0070635721493441,1.196674887795636e-06,-0.0065590312815337,3.753845329061e-06,-0.0060544904137235,1.48239133341967e-06,-0.0055499495459131,1.1223985154497e-06,-0.0050454086781029,2.979307824098101e-06,1,2,1,2,1
1501,29,14:25:06,6,-0.0070635721493441,346254.0,-0.0073158425832492,-0.0075681130171543,4.142970990851099e-06,-0.0080726538849646,1.1139062502114811e-05,-0.008577194752775,2.548381070537762e-05,-0.0090817356205852,1.2345558376920637e-05,-0.0095862764883956,1.6881121260271308e-05,-0.0070635721493441,7.262578629380412e-07,-0.0065590312815337,3.753845329061e-06,-0.0060544904137235,1.4906442636803296e-06,-0.0055499495459131,1.0811338641464022e-06,-0.0050454086781029,2.979307824098101e-06,2,2,1,2,1
1502,29,14:25:09,6,-0.0070635721493441,108237.0,-0.0073158425832492,-0.0075681130171543,1.0266645244260493e-05,-0.0080726538849646,1.1287615246806686e-05,-0.008577194752775,2.559935172902685e-05,-0.0090817356205852,1.2345558376920637e-05,-0.0095862764883956,1.683160367870735e-05,-0.0070635721493441,6.272226998101265e-07,-0.0065590312815337,3.869386352710234e-06,-0.0060544904137235,1.4906442636803296e-06,-0.0055499495459131,1.0811338641464022e-06,-0.0050454086781029,2.979307824098101e-06,2,2,2,2,1
1503,29,14:25:12,6,-0.0070635721493441,279461.0,-0.0068113017154388,-0.0070635721493441,1.7331153547385076e-07,-0.0075681130171543,1.027489817452115e-05,-0.0080726538849646,1.1444420921759215e-05,-0.008577194752775,2.601199824205983e-05,-0.0090817356205852,1.2345558376920637e-05,-0.0065590312815337,2.8542759306491085e-06,-0.0060544904137235,1.4906442636803296e-06,-0.0055499495459131,1.0811338641464022e-06,-0.0050454086781029,3.012319545140739e-06,-0.0045408678102926,1.3782393535301464e-06,1,1,1,1,1
1504,29,14:25:15,6,-0.0075681130171543,230216.0,-0.0068113017154388,-0.0070635721493441,4.951758156395735e-08,-0.0075681130171543,1.0027310266701365e-05,-0.0080726538849646,1.1444420921759215e-05,-0.008577194752775,2.6102780474927086e-05,-0.0090817356205852,1.2345558376920637e-05,-0.0065590312815337,2.8707817911704275e-06,-0.0060544904137235,1.4906442636803296e-06,-0.0055499495459131,1.0811338641464022e-06,-0.0050454086781029,3.012319545140739e-06,-0.0045408678102926,1.3782393535301464e-06,1,1,1,1,1
1505,29,14:25:18,6,-0.0070635721493441,72821.0,-0.0073158425832492,-0.0075681130171543,1.0019057336440703e-05,-0.0080726538849646,1.1625985387493728e-05,-0.008577194752775,2.6127539265709065e-05,-0.0090817356205852,1.2345558376920637e-05,-0.0095862764883956,1.683160367870735e-05,-0.0070635721493441,1.6505860521319117e-08,-0.0065590312815337,2.82951713986713e-06,-0.0060544904137235,1.4906442636803296e-06,-0.0055499495459131,1.0811338641464022e-06,-0.0050454086781029,3.012319545140739e-06,2,2,2,2,1
1506,29,14:25:21,6,-0.0070635721493441,106253.0,-0.0068113017154388,-0.0070635721493441,1.237939539098934e-07,-0.0075681130171543,9.771469428620918e-06,-0.0080726538849646,1.1716767620360982e-05,-0.008577194752775,2.6127539265709065e-05,-0.0090817356205852,1.242808767952723e-05,-0.0065590312815337,2.846023000388449e-06,-0.0060544904137235,1.5896794268082445e-06,-0.0055499495459131,1.0811338641464022e-06,-0.0050454086781029,3.012319545140739e-06,-0.0045408678102926,1.3782393535301464e-06,1,1,1,1,1
1507,29,14:25:24,6,-0.0070635721493441,59050.0,-0.0068113017154388,-0.0070635721493441,3.713818617296802e-07,-0.0075681130171543,9.870504591748832e-06,-0.0080726538849646,1.1658997108536366e-05,-0.008577194752775,2.6127539265709065e-05,-0.0090817356205852,1.2477605261091188e-05,-0.0065590312815337,3.968421515838149e-06,-0.0060544904137235,1.5896794268082445e-06,-0.0055499495459131,1.0811338641464022e-06,-0.0050454086781029,3.012319545140739e-06,-0.0045408678102926,1.3782393535301464e-06,1,1,1,1,1
1508,29,14:25:27,6,-0.0065590312815337,114152.0,-0.0068113017154388,-0.0070635721493441,1.757874145520486e-06,-0.0075681130171543,9.870504591748832e-06,-0.0080726538849646,1.193959673739879e-05,-0.008577194752775,2.6144045126230385e-05,-0.0090817356205852,1.2477605261091188e-05,-0.0065590312815337,2.953311093777023e-06,-0.0060544904137235,1.6722087294148395e-06,-0.0055499495459131,1.0811338641464022e-06,-0.0050454086781029,3.012319545140739e-06,-0.0045408678102926,1.3782393535301464e-06,1,1,1,1,1
1509,29,14:25:30,6,-0.0070635721493441,27552.0,-0.0068113017154388,-0.0070635721493441,2.814249218884909e-06,-0.0075681130171543,9.878757522009492e-06,-0.0080726538849646,1.1972608458441427e-05,-0.008577194752775,2.5978986521017198e-05,-0.0090817356205852,1.2477605261091188e-05,-0.0065590312815337,2.953311093777023e-06,-0.0060544904137235,1.7547380320214354e-06,-0.0055499495459131,1.0811338641464022e-06,-0.0050454086781029,3.012319545140739e-06,-0.0045408678102926,1.3947452140514654e-06,1,1,1,1,1
1510,29,14:25:33,6,-0.0065590312815337,194834.0,-0.0068113017154388,-0.0070635721493441,8.384977144830112e-06,-0.0075681130171543,6.156685974452031e-06,-0.0080726538849646,1.1436167991498555e-05,-0.008577194752775,2.5978986521017198e-05,-0.0090817356205852,1.2477605261091188e-05,-0.0065590312815337,2.9450581635163635e-06,-0.0060544904137235,2.4067195226135408e-06,-0.0055499495459131,1.0811338641464022e-06,-0.0050454086781029,3.012319545140739e-06,-0.0045408678102926,1.3947452140514654e-06,1,1,1,1,1
1511,29,14:25:36,6,-0.0070635721493441,200794.0,-0.0068113017154388,-0.0070635721493441,8.145642167270984e-06,-0.0075681130171543,6.164938904712691e-06,-0.0080726538849646,1.1452673852019877e-05,-0.008577194752775,2.600374531179917e-05,-0.0090817356205852,1.2477605261091188e-05,-0.0065590312815337,2.466388208398109e-06,-0.0060544904137235,3.2320125486794965e-06,-0.0055499495459131,1.1058926549283808e-06,-0.0050454086781029,2.979307824098101e-06,-0.0045408678102926,1.3947452140514654e-06,1,1,1,1,1
1512,29,14:25:39,6,-0.0065590312815337,145638.0,-0.0068113017154388,-0.0070635721493441,9.441352218194536e-06,-0.0075681130171543,7.048002442603263e-06,-0.0080726538849646,1.1502191433583836e-05,-0.008577194752775,2.6086274614405767e-05,-0.0090817356205852,1.2477605261091188e-05,-0.0065590312815337,2.4251235570948115e-06,-0.0060544904137235,3.421829944674666e-06,-0.0055499495459131,1.1058926549283808e-06,-0.0050454086781029,2.979307824098101e-06,-0.0045408678102926,1.3947452140514654e-06,1,2,1,1,1
1513,29,14:25:42,6,-0.0070635721493441,57085.0,-0.0068113017154388,-0.0070635721493441,9.400087566891238e-06,-0.0075681130171543,5.826568764025649e-06,-0.0080726538849646,1.1510444363844493e-05,-0.008577194752775,2.6416391824832148e-05,-0.0090817356205852,1.2477605261091188e-05,-0.0065590312815337,3.266922443682086e-06,-0.0060544904137235,3.421829944674666e-06,-0.0055499495459131,1.1058926549283808e-06,-0.0050454086781029,2.979307824098101e-06,-0.0045408678102926,1.477274516658061e-06,1,2,1,1,1
1514,29,14:25:45,6,-0.0070635721493441,305080.0,-0.0068113017154388,-0.0070635721493441,9.91176924305213e-06,-0.0075681130171543,5.826568764025649e-06,-0.0080726538849646,1.1460926782280536e-05,-0.008577194752775,2.6465909406396103e-05,-0.0090817356205852,1.2477605261091188e-05,-0.0065590312815337,3.844627561928256e-06,-0.0060544904137235,3.421829944674666e-06,-0.0055499495459131,1.1058926549283808e-06,-0.0050454086781029,2.979307824098101e-06,-0.0045408678102926,1.6423331218712525e-06,1,2,1,1,1
1515,29,14:25:48,6,-0.0065590312815337,13783.0,-0.0068113017154388,-0.0070635721493441,9.944780964094768e-06,-0.0075681130171543,5.826568764025649e-06,-0.0080726538849646,1.1295868177067346e-05,-0.008577194752775,2.6556691639263363e-05,-0.0090817356205852,1.2477605261091188e-05,-0.0065590312815337,3.8033629106249576e-06,-0.0060544904137235,3.4383358051959856e-06,-0.0055499495459131,1.1058926549283808e-06,-0.0050454086781029,2.979307824098101e-06,-0.0045408678102926,1.6423331218712525e-06,1,2,1,1,1
1516,29,14:25:51,6,-0.0070635721493441,80711.0,-0.0068113017154388,-0.0070635721493441,9.820987010184876e-06,-0.0075681130171543,5.826568764025649e-06,-0.0080726538849646,1.137839747967394e-05,-0.008577194752775,2.6564944569524023e-05,-0.0090817356205852,1.2477605261091188e-05,-0.0065590312815337,3.712580677757703e-06,-0.0060544904137235,3.4383358051959856e-06,-0.0055499495459131,1.2957100509235507e-06,-0.0050454086781029,3.0618371267046965e-06,-0.0045408678102926,1.6423331218712525e-06,1,2,1,1,1
1517,29,14:25:54,6,-0.0065590312815337,222492.0,-0.0068113017154388,-0.0070635721493441,9.705445986535642e-06,-0.0075681130171543,5.826568764025649e-06,-0.0080726538849646,1.137839747967394e-05,-0.008577194752775,2.6564944569524023e-05,-0.0090817356205852,1.2535375772915804e-05,-0.0065590312815337,3.143128489772193e-06,-0.0060544904137235,3.842729387968304e-06,-0.0055499495459131,1.2957100509235507e-06,-0.0050454086781029,3.0618371267046965e-06,-0.0045408678102926,1.6423331218712525e-06,2,2,1,1,1
1518,29,14:25:57,6,-0.0070635721493441,183065.0,-0.0068113017154388,-0.0070635721493441,9.853998731227513e-06,-0.0075681130171543,6.387768021750498e-06,-0.0080726538849646,1.137839747967394e-05,-0.008577194752775,2.671349731421589e-05,-0.0090817356205852,1.26179050755224e-05,-0.0065590312815337,3.7290865382790216e-06,-0.0060544904137235,3.842729387968304e-06,-0.0055499495459131,1.237939539098934e-06,-0.0050454086781029,3.103101778007994e-06,-0.0045408678102926,1.6423331218712525e-06,2,2,1,1,1
1519,29,14:26:00,6,-0.0065590312815337,118116.0,-0.0068113017154388,-0.0070635721493441,9.688940126014322e-06,-0.0075681130171543,6.470297324357094e-06,-0.0080726538849646,1.137839747967394e-05,-0.008577194752775,2.671349731421589e-05,-0.0090817356205852,1.26179050755224e-05,-0.0065590312815337,3.4319810488952776e-06,-0.0060544904137235,3.842729387968304e-06,-0.0055499495459131,1.237939539098934e-06,-0.0050454086781029,3.103101778007994e-06,-0.0045408678102926,1.6423331218712525e-06,2,2,1,1,1
1520,29,14:26:03,6,-0.0065590312815337,164741.0,-0.0068113017154388,-0.0070635721493441,9.138469677628327e-06,-0.0075681130171543,6.55282662696369e-06,-0.0080726538849646,1.137839747967394e-05,-0.008577194752775,2.6548438709002703e-05,-0.0090817356205852,1.26179050755224e-05,-0.0065590312815337,3.275175373942746e-06,-0.0060544904137235,3.842729387968304e-06,-0.0055499495459131,1.237939539098934e-06,-0.0050454086781029,3.103101778007994e-06,-0.0045408678102926,1.2296866088382744e-06,2,2,1,1,1
1521,29,14:26:06,6,-0.0070635721493441,1220097.0,-0.0065590312815339,-0.0070635721493441,8.514135503409434e-06,-0.0075681130171543,6.55282662696369e-06,-0.0080726538849646,1.13866504099346e-05,-0.008577194752775,2.6548438709002703e-05,-0.0090817356205852,1.2848987122820868e-05,-0.0060544904137235,4.68329033501648e-06,-0.0055499495459131,1.237939539098934e-06,-0.0050454086781029,3.103101778007994e-06,-0.0045408678102926,1.2296866088382744e-06,-0.0040363269424824,1.1488078922838106e-06,1,1,1,1,1
1522,29,14:26:09,6,-0.0065590312815337,137848.0,-0.0063067608476287,-0.0065590312815337,8.252930260659559e-07,-0.0070635721493441,8.472870852106137e-06,-0.0075681130171543,6.247468207319286e-06,-0.0080726538849646,1.1510444363844493e-05,-0.008577194752775,2.6589703360306e-05,-0.0060544904137235,4.48522000876065e-06,-0.0055499495459131,1.237939539098934e-06,-0.0050454086781029,3.103101778007994e-06,-0.0045408678102926,1.2296866088382744e-06,-0.0040363269424824,1.1488078922838106e-06,1,1,1,1,1
1523,29,14:26:12,6,-0.0065590312815337,23628.0,-0.0063067608476287,-0.0065590312815337,9.573399102365088e-07,-0.0070635721493441,4.621640945969353e-06,-0.0075681130171543,6.255721137579946e-06,-0.0080726538849646,1.175803227166428e-05,-0.008577194752775,2.6672232662912595e-05,-0.0060544904137235,4.49347293902131e-06,-0.0055499495459131,1.3534805627481675e-06,-0.0050454086781029,3.103101778007994e-06,-0.0045408678102926,1.2296866088382744e-06,-0.0040363269424824,7.361613792508326e-07,1,1,1,1,1
1524,29,14:26:15,6,-0.0065590312815337,11814.0,-0.0063067608476287,-0.0065590312815337,1.0563750733644237e-06,-0.0070635721493441,4.902240574831778e-06,-0.0075681130171543,6.255721137579946e-06,-0.0080726538849646,1.175803227166428e-05,-0.008577194752775,2.6672232662912595e-05,-0.0060544904137235,4.50172586928197e-06,-0.0055499495459131,1.3534805627481675e-06,-0.0050454086781029,3.103101778007994e-06,-0.0045408678102926,1.2296866088382744e-06,-0.0040363269424824,7.361613792508326e-07,1,1,1,1,1
1525,29,14:26:18,6,-0.0065590312815337,21666.0,-0.0063067608476287,-0.0065590312815337,1.1223985154497e-06,-0.0070635721493441,4.902240574831778e-06,-0.0075681130171543,6.255721137579946e-06,-0.0080726538849646,1.179929692296758e-05,-0.008577194752775,2.6672232662912595e-05,-0.0060544904137235,4.460461217978672e-06,-0.0055499495459131,1.3534805627481675e-06,-0.0050454086781029,3.103101778007994e-06,-0.0045408678102926,1.2296866088382744e-06,-0.0040363269424824,7.361613792508326e-07,1,1,1,1,1
1526,29,14:26:21,6,-0.0065590312815337,51205.0,-0.0063067608476287,-0.0065590312815337,2.7894904281029307e-06,-0.0070635721493441,5.100310901087608e-06,-0.0075681130171543,6.255721137579946e-06,-0.0080726538849646,1.1172074223157452e-05,-0.008577194752775,2.6672232662912595e-05,-0.0060544904137235,4.526484660063948e-06,-0.0055499495459131,1.3534805627481675e-06,-0.0050454086781029,3.0618371267046965e-06,-0.0045408678102926,1.2296866088382744e-06,-0.0040363269424824,7.361613792508326e-07,1,1,1,1,1
1527,29,14:26:24,6,-0.0065590312815337,470792.0,-0.0063067608476287,-0.0065590312815337,4.7124231788366085e-06,-0.0070635721493441,3.854118431728014e-06,-0.0075681130171543,6.255721137579946e-06,-0.0080726538849646,1.1295868177067346e-05,-0.008577194752775,2.6672232662912595e-05,-0.0060544904137235,3.123486515751823e-06,-0.0055499495459131,1.3534805627481675e-06,-0.0050454086781029,3.0618371267046965e-06,-0.0045408678102926,1.2296866088382744e-06,-0.0040363269424824,8.186906818574282e-07,1,1,1,1,1
1528,29,14:26:27,6,-0.0060544904137235,124053.0,-0.0063067608476287,-0.0065590312815337,4.621640945969353e-06,-0.0070635721493441,4.324535456585609e-06,-0.0075681130171543,6.239215277058626e-06,-0.0080726538849646,1.1295868177067346e-05,-0.008577194752775,2.6672232662912595e-05,-0.0060544904137235,3.618662331391397e-06,-0.0055499495459131,1.3534805627481675e-06,-0.0050454086781029,3.0618371267046965e-06,-0.0045408678102926,1.2296866088382744e-06,-0.0040363269424824,8.186906818574282e-07,1,1,1,1,1
1529,29,14:26:30,6,-0.0065590312815337,183118.0,-0.0063067608476287,-0.0065590312815337,4.9187464353530976e-06,-0.0070635721493441,4.316282526324949e-06,-0.0075681130171543,6.222709416537308e-06,-0.0080726538849646,1.1345385758631302e-05,-0.008577194752775,2.6672232662912595e-05,-0.0060544904137235,3.6681799129553535e-06,-0.0055499495459131,1.3534805627481675e-06,-0.0050454086781029,3.18563108061459e-06,-0.0045408678102926,1.2296866088382744e-06,-0.0040363269424824,8.186906818574282e-07,1,1,1,1,1
1530,29,14:26:33,6,-0.0065590312815337,90582.0,-0.0063067608476287,-0.0065590312815337,4.968264016917055e-06,-0.0070635721493441,4.316282526324949e-06,-0.0075681130171543,6.230962346797968e-06,-0.0080726538849646,1.1345385758631302e-05,-0.008577194752775,2.661570009062708e-05,-0.0060544904137235,3.6021564708700776e-06,-0.0055499495459131,1.4277569350941035e-06,-0.0050454086781029,3.18563108061459e-06,-0.0045408678102926,1.2296866088382744e-06,-0.0040363269424824,8.186906818574282e-07,1,1,1,1,1
1531,29,14:26:36,6,-0.0065590312815337,42637.0,-0.0063067608476287,-0.0065590312815337,4.855611518859052e-06,-0.0070635721493441,4.316282526324949e-06,-0.0075681130171543,6.338250440186541e-06,-0.0080726538849646,1.1312374037588663e-05,-0.008577194752775,2.661570009062708e-05,-0.0060544904137235,3.544385959045461e-06,-0.0055499495459131,1.4277569350941035e-06,-0.0050454086781029,3.18563108061459e-06,-0.0045408678102926,1.2296866088382744e-06,-0.0040363269424824,8.186906818574282e-07,1,1,1,1,1
1532,29,14:26:39,6,-0.0060544904137235,47258.0,-0.0063067608476287,-0.0065590312815337,4.839105658337732e-06,-0.0070635721493441,4.332788386846268e-06,-0.0075681130171543,6.338250440186541e-06,-0.0080726538849646,1.1262856456024709e-05,-0.008577194752775,2.6640458881409056e-05,-0.0060544904137235,3.643421122173376e-06,-0.0055499495459131,1.4277569350941035e-06,-0.0050454086781029,3.18563108061459e-06,-0.0045408678102926,1.2296866088382744e-06,-0.0040363269424824,8.186906818574282e-07,1,1,1,1,1
1533,29,14:26:42,6,-0.0065590312815337,74845.0,-0.0063067608476287,-0.0065590312815337,4.781335146513115e-06,-0.0070635721493441,4.208994432936375e-06,-0.0075681130171543,6.338250440186541e-06,-0.0080726538849646,1.1345385758631302e-05,-0.008577194752775,2.6656964741930376e-05,-0.0060544904137235,3.866250239211183e-06,-0.0055499495459131,1.4277569350941035e-06,-0.0050454086781029,3.18563108061459e-06,-0.0045408678102926,1.2296866088382744e-06,-0.0040363269424824,8.186906818574282e-07,1,1,1,1,1
1534,29,14:26:45,6,-0.0060544904137235,27568.0,-0.0063067608476287,-0.0065590312815337,5.094946496418179e-06,-0.0070635721493441,4.208994432936375e-06,-0.0075681130171543,6.338250440186541e-06,-0.0080726538849646,1.1345385758631302e-05,-0.008577194752775,2.6590941299845095e-05,-0.0060544904137235,4.369678985111416e-06,-0.0055499495459131,1.4277569350941035e-06,-0.0050454086781029,3.18563108061459e-06,-0.0045408678102926,1.2296866088382744e-06,-0.0040363269424824,8.186906818574282e-07,1,1,1,1,1
1535,29,14:26:48,6,-0.0065590312815337,21660.0,-0.0063067608476287,-0.0065590312815337,5.020670124072243e-06,-0.0070635721493441,4.291523735542971e-06,-0.0075681130171543,6.338250440186541e-06,-0.0080726538849646,1.1345385758631302e-05,-0.008577194752775,2.66322059511484e-05,-0.0060544904137235,4.369678985111416e-06,-0.0055499495459131,1.5432979587433376e-06,-0.0050454086781029,3.18563108061459e-06,-0.0045408678102926,1.2296866088382744e-06,-0.0040363269424824,8.186906818574282e-07,1,1,1,1,1
1536,29,14:26:51,6,-0.0065590312815337,263537.0,-0.0063067608476287,-0.0065590312815337,5.1380267923788215e-06,-0.0070635721493441,4.250259084239673e-06,-0.0075681130171543,6.338250440186541e-06,-0.0080726538849646,1.6280638054505718e-05,-0.008577194752775,2.66322059511484e-05,-0.0060544904137235,3.7507092155619496e-06,-0.0055499495459131,1.6505860521319118e-06,-0.0050454086781029,3.103101778007994e-06,-0.0045408678102926,1.2296866088382744e-06,-0.0040363269424824,8.186906818574282e-07,1,1,1,1,1
1537,29,14:26:54,6,-0.0060544904137235,92562.0,-0.0063067608476287,-0.0065590312815337,6.09536670261533e-06,-0.0070635721493441,4.250259084239673e-06,-0.0075681130171543,6.329997509925882e-06,-0.0080726538849646,1.6297143915027038e-05,-0.008577194752775,2.6797264556361587e-05,-0.0060544904137235,3.93227368129646e-06,-0.0055499495459131,1.8981739599516989e-06,-0.0050454086781029,3.1526193595719515e-06,-0.0045408678102926,1.2296866088382744e-06,-0.0040363269424824,8.186906818574282e-07,1,1,1,1,1
1538,29,14:26:57,6,-0.0060544904137235,171375.0,-0.0063067608476287,-0.0065590312815337,5.996331539487416e-06,-0.0070635721493441,4.539111643362757e-06,-0.0075681130171543,6.329997509925882e-06,-0.0080726538849646,1.6297143915027038e-05,-0.008577194752775,2.6797264556361587e-05,-0.0060544904137235,4.67503740475582e-06,-0.0055499495459131,1.8981739599516989e-06,-0.0050454086781029,3.1526193595719515e-06,-0.0045408678102926,1.2296866088382744e-06,-0.0040363269424824,8.186906818574282e-07,1,1,1,1,1
1539,29,14:27:00,6,-0.0060544904137235,218648.0,-0.0063067608476287,-0.0065590312815337,5.831272934274224e-06,-0.0070635721493441,4.547364573623417e-06,-0.0075681130171543,6.321744579665222e-06,-0.0080726538849646,1.625587926372374e-05,-0.008577194752775,2.6797264556361587e-05,-0.0060544904137235,4.7493137771017565e-06,-0.0055499495459131,1.8981739599516989e-06,-0.0050454086781029,3.1526193595719515e-06,-0.0045408678102926,1.2296866088382744e-06,-0.0040363269424824,8.186906818574282e-07,1,1,1,1,1
1540,29,14:27:03,6,-0.0065590312815337,128007.0,-0.0063067608476287,-0.0065590312815337,5.558926235672459e-06,-0.0070635721493441,4.547364573623417e-06,-0.0075681130171543,6.321744579665222e-06,-0.0080726538849646,1.625587926372374e-05,-0.008577194752775,2.6805517486622247e-05,-0.0060544904137235,4.567749311367246e-06,-0.0055499495459131,1.8981739599516989e-06,-0.0050454086781029,3.1526193595719515e-06,-0.0045408678102926,1.2296866088382744e-06,-0.0040363269424824,8.186906818574282e-07,1,1,1,1,1
1541,29,14:27:06,6,-0.0060544904137235,202855.0,-0.0063067608476287,-0.0065590312815337,5.105015071336184e-06,-0.0070635721493441,4.547364573623417e-06,-0.0075681130171543,6.338250440186541e-06,-0.0080726538849646,1.625587926372374e-05,-0.008577194752775,2.6805517486622247e-05,-0.0060544904137235,4.254137961462183e-06,-0.0055499495459131,1.8981739599516989e-06,-0.0050454086781029,3.1526193595719515e-06,-0.0045408678102926,1.2296866088382744e-06,-0.0040363269424824,8.186906818574282e-07,1,1,1,1,1
1542,29,14:27:09,6,-0.0065590312815337,421452.0,-0.0063067608476287,-0.0065590312815337,4.444780650483419e-06,-0.0070635721493441,4.258512014500333e-06,-0.0075681130171543,6.338250440186541e-06,-0.0080726538849646,1.6338408566330336e-05,-0.008577194752775,2.6888046789228844e-05,-0.0060544904137235,4.287149682504821e-06,-0.0055499495459131,1.8981739599516989e-06,-0.0050454086781029,3.5652658726049296e-06,-0.0045408678102926,1.2296866088382744e-06,-0.0040363269424824,1.4871780329708525e-06,1,0,1,1,1
1543,29,14:27:12,6,-0.0065590312815337,153602.0,-0.0063067608476287,-0.0065590312815337,4.180686882142313e-06,-0.0070635721493441,4.341041317106928e-06,-0.0075681130171543,6.17319183497335e-06,-0.0080726538849646,1.6338408566330336e-05,-0.008577194752775,2.6888046789228844e-05,-0.0060544904137235,4.2458850312015234e-06,-0.0055499495459131,1.9311856809943366e-06,-0.0050454086781029,3.5652658726049296e-06,-0.0045408678102926,1.2296866088382744e-06,-0.0040363269424824,1.4871780329708525e-06,1,0,1,1,1
1544,29,14:27:15,6,-0.0065590312815337,133942.0,-0.0063067608476287,-0.0065590312815337,4.395263068919461e-06,-0.0070635721493441,4.291523735542971e-06,-0.0075681130171543,6.17319183497335e-06,-0.0080726538849646,1.6297143915027038e-05,-0.008577194752775,2.7069611254963357e-05,-0.0060544904137235,4.039561774685034e-06,-0.0055499495459131,1.9311856809943366e-06,-0.0050454086781029,5.405669320732011e-06,-0.0045408678102926,1.2296866088382744e-06,-0.0040363269424824,1.4871780329708525e-06,1,0,1,1,1
1545,29,14:27:18,6,-0.0065590312815337,19690.0,-0.0063067608476287,-0.0065590312815337,4.395263068919461e-06,-0.0070635721493441,4.291523735542971e-06,-0.0075681130171543,6.17319183497335e-06,-0.0080726538849646,1.6297143915027038e-05,-0.008577194752775,2.7069611254963357e-05,-0.0060544904137235,4.12209107729163e-06,-0.0055499495459131,2.0467267046435707e-06,-0.0050454086781029,3.647795175211525e-06,-0.0045408678102926,1.2296866088382744e-06,-0.0040363269424824,1.4871780329708525e-06,1,0,1,1,1
1546,29,14:27:21,6,-0.0065590312815337,546708.0,-0.0063067608476287,-0.0065590312815337,2.268895587260526e-06,-0.0070635721493441,4.291523735542971e-06,-0.0075681130171543,6.140180113930712e-06,-0.0080726538849646,1.6297143915027038e-05,-0.008577194752775,2.7102622976005996e-05,-0.0060544904137235,4.0065500536423964e-06,-0.0055499495459131,2.0467267046435707e-06,-0.0050454086781029,4.010924106680546e-06,-0.0045408678102926,1.2296866088382744e-06,-0.0040363269424824,1.4871780329708525e-06,1,0,1,1,1
1547,29,14:27:24,6,-0.0060544904137235,183136.0,-0.0063067608476287,-0.0065590312815337,4.406404524771352e-06,-0.0070635721493441,4.423570619713523e-06,-0.0075681130171543,6.140180113930712e-06,-0.0080726538849646,1.6297143915027038e-05,-0.008577194752775,2.7102622976005996e-05,-0.0060544904137235,4.534737590324608e-06,-0.0055499495459131,2.1210030769895067e-06,-0.0050454086781029,4.010924106680546e-06,-0.0045408678102926,1.2296866088382744e-06,-0.0040363269424824,1.4871780329708525e-06,0,0,1,1,1
1548,29,14:27:27,6,-0.0060544904137235,198880.0,-0.0063067608476287,-0.0065590312815337,3.68839959209397e-06,-0.0070635721493441,4.423570619713523e-06,-0.0075681130171543,6.140180113930712e-06,-0.0080726538849646,1.6297143915027038e-05,-0.008577194752775,2.7102622976005996e-05,-0.0060544904137235,4.782325498144394e-06,-0.0055499495459131,2.1210030769895067e-06,-0.0050454086781029,4.010924106680546e-06,-0.0045408678102926,1.2296866088382744e-06,-0.0040363269424824,1.4871780329708525e-06,0,0,1,1,1
1549,29,14:27:30,6,-0.0065590312815337,311107.0,-0.0063067608476287,-0.0065590312815337,2.6485303792508657e-06,-0.0070635721493441,4.423570619713523e-06,-0.0075681130171543,6.140180113930712e-06,-0.0080726538849646,1.6338408566330336e-05,-0.008577194752775,2.7102622976005996e-05,-0.0060544904137235,5.05467219674616e-06,-0.0055499495459131,2.1210030769895067e-06,-0.0050454086781029,4.010924106680546e-06,-0.0045408678102926,1.2296866088382744e-06,-0.0040363269424824,1.4871780329708525e-06,0,0,1,1,1
1550,29,14:27:33,6,-0.0065590312815337,498208.0,-0.0063067608476287,-0.0065590312815337,1.014450187640273e-06,-0.0070635721493441,4.431823549974183e-06,-0.0075681130171543,6.140180113930712e-06,-0.0080726538849646,1.6338408566330336e-05,-0.008577194752775,2.7119128836527312e-05,-0.0060544904137235,4.831843079708352e-06,-0.0055499495459131,2.1210030769895067e-06,-0.0050454086781029,4.010924106680546e-06,-0.0045408678102926,1.270951260141572e-06,-0.0040363269424824,1.4871780329708525e-06,0,0,1,1,1
1551,29,14:27:36,6,-0.0065590312815337,165097.0,-0.0063067608476287,-0.0065590312815337,6.939889056188623e-07,-0.0070635721493441,4.431823549974183e-06,-0.0075681130171543,6.313491649404563e-06,-0.0080726538849646,1.6338408566330336e-05,-0.008577194752775,2.714388762730929e-05,-0.0060544904137235,4.708049125798459e-06,-0.0055499495459131,2.1210030769895067e-06,-0.0050454086781029,4.010924106680546e-06,-0.0045408678102926,1.270951260141572e-06,-0.0040363269424824,1.4871780329708525e-06,0,0,1,1,1
1552,29,14:27:39,6,-0.0070635721493441,352631.0,-0.0068113017154388,-0.0070635721493441,4.827964202485842e-06,-0.0075681130171543,6.313491649404563e-06,-0.0080726538849646,1.6379673217633635e-05,-0.008577194752775,2.714388762730929e-05,-0.0090817356205852,1.2758204889953611e-05,-0.0065590312815337,4.023303502071535e-07,-0.0060544904137235,5.335271825608585e-06,-0.0055499495459131,2.1210030769895067e-06,-0.0050454086781029,4.010924106680546e-06,-0.0045408678102926,1.270951260141572e-06,1,1,1,1,1
1553,29,14:27:42,6,-0.0065590312815337,214621.0,-0.0068113017154388,-0.0070635721493441,4.951758156395736e-06,-0.0075681130171543,6.313491649404563e-06,-0.0080726538849646,1.6379673217633635e-05,-0.008577194752775,2.714388762730929e-05,-0.0090817356205852,1.2758204889953611e-05,-0.0065590312815337,4.817648039660018e-06,-0.0060544904137235,4.741060846841097e-06,-0.0055499495459131,2.1210030769895067e-06,-0.0050454086781029,4.010924106680546e-06,-0.0045408678102926,1.270951260141572e-06,1,1,1,1,1
1554,29,14:27:45,6,-0.0065590312815337,120105.0,-0.0068113017154388,-0.0070635721493441,5.0095286682203525e-06,-0.0075681130171543,6.313491649404563e-06,-0.0080726538849646,1.6379673217633635e-05,-0.008577194752775,2.7168646418091267e-05,-0.0090817356205852,1.2758204889953611e-05,-0.0065590312815337,4.380242735845061e-06,-0.0060544904137235,4.939131173096926e-06,-0.0055499495459131,2.2860616822026977e-06,-0.0050454086781029,4.010924106680546e-06,-0.0045408678102926,1.270951260141572e-06,1,1,1,1,1
1555,29,14:27:48,6,-0.0070635721493441,76754.0,-0.0068113017154388,-0.0070635721493441,4.7124231788366085e-06,-0.0075681130171543,6.313491649404563e-06,-0.0080726538849646,1.6387926147894294e-05,-0.008577194752775,2.7209911069394565e-05,-0.0090817356205852,1.3170851402986593e-05,-0.0065590312815337,7.310032978379204e-06,-0.0060544904137235,4.939131173096926e-06,-0.0055499495459131,2.2860616822026977e-06,-0.0050454086781029,4.010924106680546e-06,-0.0045408678102926,1.270951260141572e-06,1,1,1,1,1
1556,29,14:27:51,6,-0.0065590312815337,263434.0,-0.0068113017154388,-0.0070635721493441,4.573773950457527e-06,-0.0075681130171543,6.321744579665222e-06,-0.0080726538849646,1.6387926147894294e-05,-0.008577194752775,2.7209911069394565e-05,-0.0090817356205852,1.2758204889953611e-05,-0.0065590312815337,6.360945998403355e-06,-0.0060544904137235,5.06292512700682e-06,-0.0055499495459131,2.2860616822026977e-06,-0.0050454086781029,4.010924106680546e-06,-0.0045408678102926,1.270951260141572e-06,1,1,1,1,1
1557,29,14:27:54,6,-0.0065590312815337,61028.0,-0.0068113017154388,-0.0070635721493441,9.22017368720886e-06,-0.0075681130171543,6.321744579665222e-06,-0.0080726538849646,1.6387926147894294e-05,-0.008577194752775,2.7209911069394565e-05,-0.0090817356205852,1.2758204889953611e-05,-0.0065590312815337,6.220646183972143e-06,-0.0060544904137235,5.095936848049458e-06,-0.0055499495459131,2.0549796349042304e-06,-0.0050454086781029,4.027429967201865e-06,-0.0045408678102926,1.270951260141572e-06,1,1,1,1,1
1558,29,14:27:57,6,-0.0065590312815337,53141.0,-0.0068113017154388,-0.0070635721493441,9.129391454341603e-06,-0.0075681130171543,6.313491649404563e-06,-0.0080726538849646,1.6387926147894294e-05,-0.008577194752775,2.7209911069394565e-05,-0.0090817356205852,1.2758204889953611e-05,-0.0065590312815337,6.435222370749291e-06,-0.0060544904137235,5.723159547859585e-06,-0.0055499495459131,1.9724503322976347e-06,-0.0050454086781029,4.027429967201865e-06,-0.0045408678102926,1.270951260141572e-06,1,1,1,1,2
1559,29,14:28:00,6,-0.0070635721493441,88561.0,-0.0068113017154388,-0.0070635721493441,9.079873872777648e-06,-0.0075681130171543,6.329997509925882e-06,-0.0080726538849646,1.6387926147894294e-05,-0.008577194752775,2.7209911069394565e-05,-0.0090817356205852,1.2758204889953611e-05,-0.0065590312815337,6.946904046910184e-06,-0.0060544904137235,5.822194710987499e-06,-0.0055499495459131,1.9724503322976347e-06,-0.0050454086781029,4.027429967201865e-06,-0.0045408678102926,1.270951260141572e-06,1,1,1,1,2
1560,29,14:28:03,6,-0.0070635721493441,181106.0,-0.0068113017154388,-0.0070635721493441,8.815780104436541e-06,-0.0075681130171543,6.338250440186541e-06,-0.0080726538849646,1.6552984753107485e-05,-0.008577194752775,2.7251175720697864e-05,-0.0090817356205852,1.2758204889953611e-05,-0.0065590312815337,5.741976228853888e-06,-0.0060544904137235,6.003759176722009e-06,-0.0055499495459131,1.9724503322976347e-06,-0.0050454086781029,4.076947548765822e-06,-0.0045408678102926,1.270951260141572e-06,1,1,1,1,2
1561,29,14:28:06,6,-0.0065590312815337,188605.0,-0.0068113017154388,-0.0070635721493441,9.139377499957002e-06,-0.0075681130171543,6.338250440186541e-06,-0.0080726538849646,1.6552984753107485e-05,-0.008577194752775,2.7251175720697864e-05,-0.0090817356205852,1.2758204889953611e-05,-0.0065590312815337,4.999212505394528e-06,-0.0060544904137235,5.822194710987499e-06,-0.0055499495459131,1.9724503322976347e-06,-0.0050454086781029,4.076947548765822e-06,-0.0045408678102926,1.270951260141572e-06,1,2,1,1,2
1562,29,14:28:09,6,-0.0065590312815337,102375.0,-0.0068113017154388,-0.0070635721493441,9.131124569696344e-06,-0.0075681130171543,6.338250440186541e-06,-0.0080726538849646,1.663551405571408e-05,-0.008577194752775,2.7251175720697864e-05,-0.0090817356205852,1.2758204889953611e-05,-0.0065590312815337,4.471024968712316e-06,-0.0060544904137235,5.904724013594095e-06,-0.0055499495459131,1.9724503322976347e-06,-0.0050454086781029,4.076947548765822e-06,-0.0045408678102926,1.270951260141572e-06,1,1,1,1,2
1563,29,14:28:12,6,-0.0070635721493441,141708.0,-0.0068113017154388,-0.0070635721493441,8.660707544838748e-06,-0.0075681130171543,6.35475630070786e-06,-0.0080726538849646,1.6718043358320675e-05,-0.008577194752775,2.7251175720697864e-05,-0.0090817356205852,1.2758204889953611e-05,-0.0065590312815337,4.357547177628248e-06,-0.0060544904137235,6.020265037243329e-06,-0.0055499495459131,1.9724503322976347e-06,-0.0050454086781029,4.076947548765822e-06,-0.0045408678102926,1.270951260141572e-06,1,1,1,1,2
1564,29,14:28:15,6,-0.0070635721493441,96449.0,-0.0068113017154388,-0.0070635721493441,1.329885435132942e-05,-0.0075681130171543,9.763216498360258e-06,-0.0080726538849646,1.6718043358320675e-05,-0.008577194752775,2.7284187441740503e-05,-0.0090817356205852,1.2758204889953611e-05,-0.0065590312815337,5.075552110305628e-06,-0.0060544904137235,6.102794339849924e-06,-0.0055499495459131,1.8238975876057624e-06,-0.0050454086781029,4.390558898670885e-06,-0.0045408678102926,1.270951260141572e-06,1,2,1,1,2
1565,29,14:28:18,6,-0.0070635721493441,200818.0,-0.0068113017154388,-0.0070635721493441,1.363722449201646e-05,-0.0075681130171543,9.754963568099598e-06,-0.0080726538849646,1.6718043358320675e-05,-0.008577194752775,2.7284187441740503e-05,-0.0090817356205852,1.2758204889953611e-05,-0.0065590312815337,4.49784699205946e-06,-0.0060544904137235,6.102794339849924e-06,-0.0055499495459131,1.8238975876057624e-06,-0.0050454086781029,4.341041317106928e-06,-0.0045408678102926,1.270951260141572e-06,1,2,1,1,2
1566,29,14:28:21,6,-0.0065590312815337,716692.0,-0.0068113017154388,-0.0070635721493441,1.3381383653936016e-05,-0.0075681130171543,9.73845770757828e-06,-0.0080726538849646,1.681707852144859e-05,-0.008577194752775,2.730894623252248e-05,-0.0090817356205852,1.2758204889953611e-05,-0.0065590312815337,1.7083565639565288e-06,-0.0060544904137235,6.127553130631903e-06,-0.0055499495459131,1.8238975876057624e-06,-0.0050454086781029,4.341041317106928e-06,-0.0045408678102926,1.270951260141572e-06,2,2,1,1,2
1567,29,14:28:24,6,-0.0070635721493441,242085.0,-0.0068113017154388,-0.0070635721493441,1.368674207358042e-05,-0.0075681130171543,9.73845770757828e-06,-0.0080726538849646,1.681707852144859e-05,-0.008577194752775,2.7407981395650395e-05,-0.0090817356205852,1.2758204889953611e-05,-0.0065590312815337,1.535045028482678e-06,-0.0060544904137235,6.127553130631903e-06,-0.0055499495459131,1.8238975876057624e-06,-0.0050454086781029,4.341041317106928e-06,-0.0045408678102926,1.270951260141572e-06,1,2,1,1,2
1568,29,14:28:27,6,-0.0065590312815337,285383.0,-0.0068113017154388,-0.0070635721493441,1.2663378721258634e-05,-0.0075681130171543,9.820987010184876e-06,-0.0080726538849646,1.1881826225574174e-05,-0.008577194752775,2.7407981395650395e-05,-0.0090817356205852,1.2758204889953611e-05,-0.0065590312815337,1.625827261349933e-06,-0.0060544904137235,7.745127461721177e-06,-0.0055499495459131,1.8238975876057624e-06,-0.0050454086781029,4.341041317106928e-06,-0.0045408678102926,1.270951260141572e-06,1,2,1,1,2
1569,29,14:28:30,6,-0.0065590312815337,232309.0,-0.0068113017154388,-0.0070635721493441,1.2679884581779952e-05,-0.0075681130171543,9.820987010184876e-06,-0.0080726538849646,1.1881826225574174e-05,-0.008577194752775,2.7407981395650395e-05,-0.0090817356205852,1.2758204889953611e-05,-0.0065590312815337,9.243281891938706e-07,-0.0060544904137235,9.016078721862748e-06,-0.0055499495459131,1.8238975876057624e-06,-0.0050454086781029,4.341041317106928e-06,-0.0045408678102926,1.270951260141572e-06,2,2,1,1,2
1570,29,14:28:33,6,-0.0065590312815337,194884.0,-0.0068113017154388,-0.0070635721493441,1.2712896302822592e-05,-0.0075681130171543,9.3670758458486e-06,-0.0080726538849646,1.1881826225574174e-05,-0.008577194752775,2.7407981395650395e-05,-0.0090817356205852,1.2700434378128997e-05,-0.0065590312815337,6.684873511134243e-07,-0.0060544904137235,9.016078721862748e-06,-0.0055499495459131,1.8238975876057624e-06,-0.0050454086781029,4.341041317106928e-06,-0.0045408678102926,1.270951260141572e-06,2,2,1,1,2
1571,29,14:28:36,6,-0.0065590312815337,214600.0,-0.0063067608476287,-0.0065590312815337,4.86922885378914e-07,-0.0070635721493441,1.3554695189409866e-05,-0.0075681130171543,9.416593427412556e-06,-0.0080726538849646,1.1890079155834834e-05,-0.008577194752775,2.7449246046953693e-05,-0.0060544904137235,9.016078721862748e-06,-0.0055499495459131,1.8238975876057624e-06,-0.0050454086781029,4.341041317106928e-06,-0.0045408678102926,1.270951260141572e-06,-0.0040363269424824,1.5449485447954695e-06,1,1,1,1,2
1572,29,14:28:39,6,-0.0070635721493441,196873.0,-0.0068113017154388,-0.0070635721493441,1.3265842630286782e-05,-0.0075681130171543,9.457858078715854e-06,-0.0080726538849646,1.2310978599128472e-05,-0.008577194752775,2.7630810512688203e-05,-0.0090817356205852,1.2683928517607676e-05,-0.0065590312815337,1.3204688417055296e-07,-0.0060544904137235,9.090355094208684e-06,-0.0055499495459131,1.8981739599516989e-06,-0.0050454086781029,4.341041317106928e-06,-0.0045408678102926,1.270951260141572e-06,2,2,1,1,2
1573,29,14:28:42,6,-0.0065590312815337,783269.0,-0.0068113017154388,-0.0070635721493441,1.0137982061496809e-05,-0.0075681130171543,9.953033894355427e-06,-0.0080726538849646,1.2352243250431768e-05,-0.008577194752775,2.76720751639915e-05,-0.0090817356205852,1.2683928517607676e-05,-0.0065590312815337,3.136113499050633e-07,-0.0060544904137235,9.090355094208684e-06,-0.0055499495459131,1.8981739599516989e-06,-0.0050454086781029,4.341041317106928e-06,-0.0045408678102926,1.270951260141572e-06,2,2,1,1,2
1574,29,14:28:45,6,-0.0065590312815337,135844.0,-0.0063067608476287,-0.0065590312815337,7.427637234593603e-08,-0.0070635721493441,1.0005935177326255e-05,-0.0075681130171543,9.953033894355427e-06,-0.0080726538849646,1.2352243250431768e-05,-0.008577194752775,2.76720751639915e-05,-0.0060544904137235,9.18113732707594e-06,-0.0055499495459131,1.8981739599516989e-06,-0.0050454086781029,4.341041317106928e-06,-0.0045408678102926,1.270951260141572e-06,-0.0040363269424824,1.5449485447954695e-06,1,1,1,1,2
1575,29,14:28:48,6,-0.0065590312815337,21659.0,-0.0063067608476287,-0.0065590312815337,9.90351631279147e-08,-0.0070635721493441,1.0344305318013298e-05,-0.0075681130171543,9.953033894355427e-06,-0.0080726538849646,1.2393507901735069e-05,-0.008577194752775,2.77133398152948e-05,-0.0060544904137235,9.313184211246492e-06,-0.0055499495459131,1.9394386112549963e-06,-0.0050454086781029,4.341041317106928e-06,-0.0045408678102926,1.270951260141572e-06,-0.0040363269424824,1.5449485447954695e-06,1,1,1,1,2
1576,29,14:28:51,6,-0.0060544904137235,51216.0,-0.0063067608476287,-0.0065590312815337,4.86922885378914e-07,-0.0070635721493441,1.0542375644269127e-05,-0.0075681130171543,9.953033894355427e-06,-0.0080726538849646,1.2558566506948256e-05,-0.008577194752775,2.77133398152948e-05,-0.0060544904137235,9.313184211246492e-06,-0.0055499495459131,1.9394386112549963e-06,-0.0050454086781029,4.341041317106928e-06,-0.0045408678102926,1.270951260141572e-06,-0.0040363269424824,1.5449485447954695e-06,1,1,1,1,2
1577,29,14:28:54,6,-0.0065590312815337,39380.0,-0.0063067608476287,-0.0065590312815337,1.5680567495253165e-06,-0.0070635721493441,8.830635378905729e-06,-0.0075681130171543,9.953033894355427e-06,-0.0080726538849646,1.2558566506948256e-05,-0.008577194752775,2.768858102451282e-05,-0.0060544904137235,9.51950746776298e-06,-0.0055499495459131,1.8238975876057624e-06,-0.0050454086781029,4.341041317106928e-06,-0.0045408678102926,1.270951260141572e-06,-0.0040363269424824,1.5449485447954695e-06,1,1,1,1,2
1578,29,14:28:57,6,-0.0060544904137235,13788.0,-0.0063067608476287,-0.0065590312815337,4.48134113153814e-06,-0.0070635721493441,8.78937072760243e-06,-0.0075681130171543,9.953033894355427e-06,-0.0080726538849646,1.2641095809554853e-05,-0.008577194752775,2.769683395477348e-05,-0.0060544904137235,9.72583072427947e-06,-0.0055499495459131,1.8238975876057624e-06,-0.0050454086781029,4.341041317106928e-06,-0.0045408678102926,1.270951260141572e-06,-0.0040363269424824,1.5449485447954695e-06,1,1,1,1,2
1579,29,14:29:00,6,-0.0065590312815337,722651.0,-0.0063067608476287,-0.0065590312815337,1.889921029691039e-06,-0.0070635721493441,9.34231705506662e-06,-0.0075681130171543,9.953033894355427e-06,-0.0080726538849646,1.2641095809554853e-05,-0.008577194752775,2.769683395477348e-05,-0.0060544904137235,9.75058951506145e-06,-0.0055499495459131,1.5763096797859758e-06,-0.0050454086781029,4.341041317106928e-06,-0.0045408678102926,1.270951260141572e-06,-0.0040363269424824,1.5449485447954695e-06,1,1,1,1,2
1580,29,14:29:03,6,-0.0065590312815337,100419.0,-0.0063067608476287,-0.0065590312815337,2.3850968453306123e-06,-0.0070635721493441,9.34231705506662e-06,-0.0075681130171543,9.953033894355427e-06,-0.0080726538849646,1.2641095809554853e-05,-0.008577194752775,2.769683395477348e-05,-0.0060544904137235,9.833118817668045e-06,-0.0055499495459131,1.5763096797859758e-06,-0.0050454086781029,4.341041317106928e-06,-0.0045408678102926,1.270951260141572e-06,-0.0040363269424824,1.5449485447954695e-06,1,1,1,2,2
1581,29,14:29:06,6,-0.0060544904137235,11816.0,-0.0063067608476287,-0.0065590312815337,5.933856857414223e-06,-0.0070635721493441,9.35882291558794e-06,-0.0075681130171543,9.953033894355427e-06,-0.0080726538849646,1.2476037204341662e-05,-0.008577194752775,2.769683395477348e-05,-0.0060544904137235,9.857877608450024e-06,-0.0055499495459131,1.5763096797859758e-06,-0.0050454086781029,5.711027740376415e-06,-0.0045408678102926,1.270951260141572e-06,-0.0040363269424824,1.5449485447954695e-06,1,1,1,2,2
1582,29,14:29:09,6,-0.0065590312815337,670182.0,-0.0063067608476287,-0.0065590312815337,3.265189328327348e-06,-0.0070635721493441,9.92002217331279e-06,-0.0075681130171543,1.0043816127222684e-05,-0.0080726538849646,1.2476037204341662e-05,-0.008577194752775,2.783713376920469e-05,-0.0060544904137235,1.0130224307051789e-05,-0.0055499495459131,1.5763096797859758e-06,-0.0050454086781029,5.711027740376415e-06,-0.0045408678102926,1.270951260141572e-06,-0.0040363269424824,1.5449485447954695e-06,1,1,1,2,2
1583,29,14:29:12,6,-0.0060544904137235,181209.0,-0.0063067608476287,-0.0065590312815337,3.347718630933944e-06,-0.0070635721493441,9.91176924305213e-06,-0.0075681130171543,1.0052069057483342e-05,-0.0080726538849646,1.2476037204341662e-05,-0.008577194752775,2.783713376920469e-05,-0.0060544904137235,9.676313142715514e-06,-0.0055499495459131,1.6175743310892736e-06,-0.0050454086781029,5.711027740376415e-06,-0.0045408678102926,1.270951260141572e-06,-0.0040363269424824,1.5449485447954695e-06,1,1,1,2,2
1584,29,14:29:15,6,-0.0060544904137235,1001572.0,-0.0065590312815339,-0.0070635721493441,9.92827510357345e-06,-0.0075681130171543,1.0043816127222684e-05,-0.0080726538849646,1.2476037204341662e-05,-0.008577194752775,2.785363962972601e-05,-0.0090817356205852,1.243634060978789e-05,-0.0060544904137235,9.175855451709118e-06,-0.0055499495459131,1.6175743310892736e-06,-0.0050454086781029,5.711027740376415e-06,-0.0045408678102926,1.270951260141572e-06,-0.0040363269424824,1.5449485447954695e-06,1,1,1,2,2
1585,29,14:29:18,6,-0.0060544904137235,0.0,-0.0063067608476287,-0.0065590312815337,1.237939539098934e-07,-0.0070635721493441,1.0167610081132576e-05,-0.0075681130171543,1.0596762454686874e-05,-0.0080726538849646,1.2476037204341662e-05,-0.008577194752775,2.785363962972601e-05,-0.0060544904137235,9.175855451709118e-06,-0.0055499495459131,1.6175743310892736e-06,-0.0050454086781029,5.711027740376415e-06,-0.0045408678102926,1.270951260141572e-06,-0.0040363269424824,1.5449485447954695e-06,1,1,1,1,2
1586,29,14:29:21,6,-0.0065590312815337,181168.0,-0.0063067608476287,-0.0065590312815337,1.3039629811842104e-06,-0.0070635721493441,1.0332668686345768e-05,-0.0075681130171543,1.0605015384947532e-05,-0.0080726538849646,1.2476037204341662e-05,-0.008577194752775,2.785363962972601e-05,-0.0060544904137235,9.010796846495926e-06,-0.0055499495459131,1.6175743310892736e-06,-0.0050454086781029,5.711027740376415e-06,-0.0045408678102926,1.270951260141572e-06,-0.0040363269424824,1.5449485447954695e-06,1,1,1,1,2
1587,29,14:29:24,6,-0.0065590312815337,194681.0,-0.0063067608476287,-0.0065590312815337,1.1812419082082026e-06,-0.0070635721493441,1.0373933337649064e-05,-0.0075681130171543,4.926999365613756e-06,-0.0080726538849646,1.2723625112161448e-05,-0.008577194752775,2.789490428102931e-05,-0.0060544904137235,8.969532195192629e-06,-0.0055499495459131,1.6175743310892736e-06,-0.0050454086781029,5.711027740376415e-06,-0.0045408678102926,1.270951260141572e-06,-0.0040363269424824,1.5449485447954695e-06,1,1,1,1,2
1588,29,14:29:27,6,-0.0065590312815337,14139.0,-0.0063067608476287,-0.0065590312815337,1.179756380761284e-06,-0.0070635721493441,1.045646264025566e-05,-0.0075681130171543,4.926999365613756e-06,-0.0080726538849646,1.2682360460858153e-05,-0.008577194752775,2.789490428102931e-05,-0.0060544904137235,9.217120103012417e-06,-0.0055499495459131,1.7331153547385077e-06,-0.0050454086781029,5.711027740376415e-06,-0.0045408678102926,1.270951260141572e-06,-0.0040363269424824,1.5449485447954695e-06,1,1,1,1,2
1589,29,14:29:30,6,-0.0065590312815337,952764.0,-0.0063067608476287,-0.0065590312815337,1.237939539098934e-07,-0.0070635721493441,8.3598057075351e-06,-0.0075681130171543,4.885734714310459e-06,-0.0080726538849646,1.2682360460858153e-05,-0.008577194752775,2.789490428102931e-05,-0.0060544904137235,8.95302633467131e-06,-0.0055499495459131,1.8073917270844437e-06,-0.0050454086781029,5.711027740376415e-06,-0.0045408678102926,1.270951260141572e-06,-0.0040363269424824,1.5449485447954695e-06,1,1,1,2,2
1590,29,14:29:33,6,-0.0065590312815337,112241.0,-0.0063067608476287,-0.0065590312815337,4.951758156395735e-08,-0.0070635721493441,8.401070358838398e-06,-0.0075681130171543,3.6395422449508656e-06,-0.0080726538849646,1.2682360460858153e-05,-0.008577194752775,2.789490428102931e-05,-0.0060544904137235,9.060314428059884e-06,-0.0055499495459131,1.8073917270844437e-06,-0.0050454086781029,5.711027740376415e-06,-0.0045408678102926,1.270951260141572e-06,-0.0040363269424824,1.5449485447954695e-06,1,1,1,2,2
1591,29,14:29:36,6,-0.0060544904137235,80729.0,-0.0063067608476287,-0.0065590312815337,4.1264651303297794e-07,-0.0070635721493441,8.318541056231802e-06,-0.0075681130171543,3.6395422449508656e-06,-0.0080726538849646,1.2723625112161448e-05,-0.008577194752775,2.789490428102931e-05,-0.0060544904137235,9.09332614910252e-06,-0.0055499495459131,1.5845626100466352e-06,-0.0050454086781029,5.694521879855096e-06,-0.0045408678102926,1.270951260141572e-06,-0.0040363269424824,1.5449485447954695e-06,1,1,1,2,2
1592,29,14:29:39,6,-0.0070635721493441,1499812.0,-0.0063067608476287,-0.0065590312815337,4.126465130329779e-08,-0.0070635721493441,4.406652112679172e-06,-0.0075681130171543,3.6395422449508656e-06,-0.0080726538849646,1.269061339111881e-05,-0.008577194752775,2.8315803724322948e-05,-0.0060544904137235,9.010796846495926e-06,-0.0055499495459131,2.0714854954255493e-06,-0.0050454086781029,5.694521879855096e-06,-0.0045408678102926,1.270951260141572e-06,-0.0040363269424824,1.5449485447954695e-06,1,0,1,2,2
1593,29,14:29:42,6,-0.0065590312815337,59074.0,-0.0063067608476287,-0.0065590312815337,7.427637234593603e-08,-0.0070635721493441,5.231945138745127e-06,-0.0075681130171543,3.6395422449508656e-06,-0.0080726538849646,1.2773142693725406e-05,-0.008577194752775,2.835706837562625e-05,-0.0060544904137235,8.986038055713947e-06,-0.0055499495459131,2.0714854954255493e-06,-0.0050454086781029,5.694521879855096e-06,-0.0045408678102926,1.270951260141572e-06,-0.0040363269424824,1.5449485447954695e-06,1,0,1,2,2
1594,29,14:29:45,6,-0.0065590312815337,1066710.0,-0.0063067608476287,-0.0065590312815337,1.3204688417055296e-07,-0.0070635721493441,1.2952974044105175e-06,-0.0075681130171543,3.647795175211525e-06,-0.0080726538849646,1.3128018694933766e-05,-0.008577194752775,2.839008009666888e-05,-0.0060544904137235,8.903508753107352e-06,-0.0055499495459131,2.038473774382911e-06,-0.0050454086781029,5.694521879855096e-06,-0.0045408678102926,1.270951260141572e-06,-0.0040363269424824,1.5449485447954695e-06,1,0,1,2,2
1595,29,14:29:48,6,-0.0065590312815337,17721.0,-0.0063067608476287,-0.0065590312815337,1.163663166752998e-06,-0.0070635721493441,1.3200561951924964e-06,-0.0075681130171543,3.647795175211525e-06,-0.0080726538849646,1.3136271625194426e-05,-0.008577194752775,2.839833302692954e-05,-0.0060544904137235,9.12633787014516e-06,-0.0055499495459131,2.038473774382911e-06,-0.0050454086781029,5.694521879855096e-06,-0.0045408678102926,1.270951260141572e-06,-0.0040363269424824,1.5449485447954695e-06,1,0,1,2,2
1596,29,14:29:51,6,-0.0065590312815337,90604.0,-0.0063067608476287,-0.0065590312815337,1.089386794407062e-06,-0.0070635721493441,1.3035503346711774e-06,-0.0075681130171543,3.647795175211525e-06,-0.0080726538849646,1.3301330230407618e-05,-0.008577194752775,2.839833302692954e-05,-0.0060544904137235,1.0529336014457285e-05,-0.0055499495459131,2.038473774382911e-06,-0.0050454086781029,5.744039461419053e-06,-0.0045408678102926,1.270951260141572e-06,-0.0040363269424824,1.5449485447954695e-06,1,0,1,2,2
1597,29,14:29:54,6,-0.0065590312815337,133734.0,-0.0063067608476287,-0.0065590312815337,7.021593065769153e-07,-0.0070635721493441,1.3035503346711774e-06,-0.0075681130171543,3.647795175211525e-06,-0.0080726538849646,1.3301330230407618e-05,-0.008577194752775,2.839833302692954e-05,-0.0060544904137235,1.1082282341921476e-05,-0.0055499495459131,1.6175743310892736e-06,-0.0050454086781029,5.768798252201032e-06,-0.0045408678102926,1.270951260141572e-06,-0.0040363269424824,1.5449485447954695e-06,0,0,1,2,2
1598,29,14:29:57,6,-0.0065590312815337,23628.0,-0.0063067608476287,-0.0065590312815337,7.021593065769153e-07,-0.0070635721493441,1.3035503346711774e-06,-0.0075681130171543,3.664301035732844e-06,-0.0080726538849646,1.3301330230407618e-05,-0.008577194752775,2.9223626052995498e-05,-0.0060544904137235,1.1329870249741262e-05,-0.0055499495459131,1.6175743310892736e-06,-0.0050454086781029,5.768798252201032e-06,-0.0045408678102926,1.270951260141572e-06,-0.0040363269424824,1.5449485447954695e-06,0,1,1,2,2
1599,29,14:30:00,6,-0.0065590312815337,104377.0,-0.0063067608476287,-0.0065590312815337,4.958360500604263e-07,-0.0070635721493441,1.3035503346711774e-06,-0.0075681130171543,3.656048105472185e-06,-0.0080726538849646,1.3317836090928938e-05,-0.008577194752775,2.9223626052995498e-05,-0.0060544904137235,1.1296858528698625e-05,-0.0055499495459131,1.6175743310892736e-06,-0.0050454086781029,5.768798252201032e-06,-0.0045408678102926,1.270951260141572e-06,-0.0040363269424824,1.5449485447954695e-06,0,1,1,2,2
1600,29,14:30:03,6,-0.0065590312815337,214666.0,-0.0063067608476287,-0.0065590312815337,3.307774448472351e-07,-0.0070635721493441,1.4108384280597516e-06,-0.0075681130171543,3.656048105472185e-06,-0.0080726538849646,1.3317836090928938e-05,-0.008577194752775,2.9223626052995498e-05,-0.0060544904137235,1.0933729597229603e-05,-0.0055499495459131,1.4277569350941035e-06,-0.0050454086781029,5.6119925772485e-06,-0.0045408678102926,1.270951260141572e-06,-0.0040363269424824,1.5449485447954695e-06,0,0,2,2,2
1601,29,14:30:06,6,-0.0065590312815337,57112.0,-0.0063067608476287,-0.0065590312815337,2.6475400276195865e-07,-0.0070635721493441,1.4108384280597516e-06,-0.0075681130171543,3.7303244778181206e-06,-0.0080726538849646,1.3317836090928938e-05,-0.008577194752775,3.1699505131193366e-05,-0.0060544904137235,1.0842947364362348e-05,-0.0055499495459131,1.551550889003997e-06,-0.0050454086781029,5.6119925772485e-06,-0.0045408678102926,1.402998144312125e-06,-0.0040363269424824,1.5449485447954695e-06,0,1,2,2,2
1602,29,14:30:09,6,-0.0065590312815337,102109.0,-0.0068113017154388,-0.0070635721493441,1.3796423516744586e-06,-0.0075681130171543,3.779842059382078e-06,-0.0080726538849646,1.3334341951450255e-05,-0.008577194752775,3.1938840108752494e-05,-0.0090817356205852,1.241983474926657e-05,-0.0065590312815337,1.8090423131365758e-07,-0.0060544904137235,1.0842947364362348e-05,-0.0055499495459131,1.4277569350941035e-06,-0.0050454086781029,5.6119925772485e-06,-0.0045408678102926,1.402998144312125e-06,1,2,2,2,2
1603,29,14:30:12,6,-0.0065590312815337,88599.0,-0.0068113017154388,-0.0070635721493441,1.3383777003711607e-06,-0.0075681130171543,3.779842059382078e-06,-0.0080726538849646,1.3408618323796193e-05,-0.008577194752775,3.1938840108752494e-05,-0.0090817356205852,1.241983474926657e-05,-0.0065590312815337,1.6439837079233842e-07,-0.0060544904137235,1.0826441503841027e-05,-0.0055499495459131,1.4277569350941035e-06,-0.0050454086781029,5.6119925772485e-06,-0.0045408678102926,1.402998144312125e-06,2,2,2,2,2
1604,29,14:30:15,6,-0.0070635721493441,23619.0,-0.0068113017154388,-0.0070635721493441,2.114153144873159e-06,-0.0075681130171543,3.779842059382078e-06,-0.0080726538849646,1.3408618323796193e-05,-0.008577194752775,3.222769266787558e-05,-0.0090817356205852,1.241983474926657e-05,-0.0065590312815337,5.175577625064822e-06,-0.0060544904137235,1.0834694434101689e-05,-0.0055499495459131,1.4277569350941035e-06,-0.0050454086781029,5.6119925772485e-06,-0.0045408678102926,1.402998144312125e-06,2,2,2,2,2
1605,29,14:30:18,6,-0.0065590312815337,1084919.0,-0.0068113017154388,-0.0070635721493441,3.987568314042879e-06,-0.0075681130171543,3.878877222509993e-06,-0.0080726538849646,1.3408618323796193e-05,-0.008577194752775,3.222769266787558e-05,-0.0090817356205852,1.241983474926657e-05,-0.0065590312815337,6.447189119627248e-07,-0.0060544904137235,1.0743912201234434e-05,-0.0055499495459131,1.4277569350941035e-06,-0.0050454086781029,5.6119925772485e-06,-0.0045408678102926,1.402998144312125e-06,1,2,2,2,2
1606,29,14:30:21,6,-0.0070635721493441,116142.0,-0.0068113017154388,-0.0070635721493441,3.954556593000241e-06,-0.0075681130171543,4.242006153979013e-06,-0.0080726538849646,1.3408618323796193e-05,-0.008577194752775,3.222769266787558e-05,-0.0090817356205852,1.241983474926657e-05,-0.0065590312815337,6.942364935266821e-07,-0.0060544904137235,9.192361312230436e-06,-0.0055499495459131,1.4277569350941035e-06,-0.0050454086781029,5.6119925772485e-06,-0.0045408678102926,1.402998144312125e-06,1,2,2,2,2
1607,29,14:30:24,6,-0.0070635721493441,94488.0,-0.0068113017154388,-0.0070635721493441,3.822509708829688e-06,-0.0075681130171543,4.242006153979013e-06,-0.0080726538849646,1.3408618323796193e-05,-0.008577194752775,3.222769266787558e-05,-0.0090817356205852,1.241983474926657e-05,-0.0065590312815337,5.209249580528313e-07,-0.0060544904137235,9.555490243699456e-06,-0.0055499495459131,1.4277569350941035e-06,-0.0050454086781029,5.529463274641904e-06,-0.0045408678102926,1.402998144312125e-06,2,2,2,2,2
1608,29,14:30:27,6,-0.0065590312815337,124283.0,-0.0063067608476287,-0.0065590312815337,7.262578629380412e-09,-0.0070635721493441,8.204815677239913e-06,-0.0075681130171543,4.242006153979013e-06,-0.0080726538849646,1.3408618323796193e-05,-0.008577194752775,3.222769266787558e-05,-0.0060544904137235,9.638019546306053e-06,-0.0055499495459131,1.4277569350941035e-06,-0.0050454086781029,5.529463274641904e-06,-0.0045408678102926,1.402998144312125e-06,-0.0040363269424824,1.5449485447954695e-06,1,2,1,2,2
1609,29,14:30:30,6,-0.0060544904137235,94512.0,-0.0063067608476287,-0.0065590312815337,9.078223286725516e-08,-0.0070635721493441,8.723759932030187e-06,-0.0075681130171543,4.250259084239673e-06,-0.0080726538849646,1.344163004483883e-05,-0.008577194752775,3.2268957319178875e-05,-0.0060544904137235,1.045505964211135e-05,-0.0055499495459131,1.4277569350941035e-06,-0.0050454086781029,5.529463274641904e-06,-0.0045408678102926,1.402998144312125e-06,-0.0040363269424824,1.5449485447954695e-06,1,2,2,2,2
1610,29,14:30:33,6,-0.0070635721493441,267698.0,-0.0068113017154388,-0.0070635721493441,8.203825325608634e-06,-0.0075681130171543,4.242006153979013e-06,-0.0080726538849646,1.3491147626402788e-05,-0.008577194752775,3.229371610996086e-05,-0.0090817356205852,1.241983474926657e-05,-0.0065590312815337,8.252930260659559e-09,-0.0060544904137235,1.0331265688201455e-05,-0.0055499495459131,1.4277569350941035e-06,-0.0050454086781029,5.199346064215522e-06,-0.0045408678102926,1.402998144312125e-06,2,2,2,2,2
1611,29,14:30:36,6,-0.0060544904137235,240278.0,-0.0065590312815339,-0.0070635721493441,8.377136861082486e-06,-0.0075681130171543,4.242006153979013e-06,-0.0080726538849646,1.3524159347445428e-05,-0.008577194752775,3.229371610996086e-05,-0.0090817356205852,1.241983474926657e-05,-0.0060544904137235,9.8525957330832e-06,-0.0055499495459131,1.4277569350941035e-06,-0.0050454086781029,5.199346064215522e-06,-0.0045408678102926,1.402998144312125e-06,-0.0040363269424824,1.5449485447954695e-06,1,2,2,2,2
1612,29,14:30:39,6,-0.0060544904137235,244240.0,-0.0063067608476287,-0.0065590312815337,8.252930260659559e-09,-0.0070635721493441,8.385389791343144e-06,-0.0075681130171543,4.365800107888907e-06,-0.0080726538849646,1.3565423998748724e-05,-0.008577194752775,3.231847490074283e-05,-0.0060544904137235,9.027302707017244e-06,-0.0055499495459131,1.4277569350941035e-06,-0.0050454086781029,5.199346064215522e-06,-0.0045408678102926,1.402998144312125e-06,-0.0040363269424824,1.5449485447954695e-06,1,2,2,2,2
1613,29,14:30:42,6,-0.0065590312815337,445211.0,-0.0063067608476287,-0.0065590312815337,3.1361134990506325e-06,-0.0070635721493441,8.302860488736549e-06,-0.0075681130171543,4.390558898670885e-06,-0.0080726538849646,1.3581929859270045e-05,-0.008577194752775,3.235973955204613e-05,-0.0060544904137235,7.2364168404541214e-06,-0.0055499495459131,1.4277569350941035e-06,-0.0050454086781029,5.199346064215522e-06,-0.0045408678102926,1.402998144312125e-06,-0.0040363269424824,1.5449485447954695e-06,2,2,2,2,2
1614,29,14:30:45,6,-0.0065590312815337,277629.0,-0.0063067608476287,-0.0065590312815337,2.0467267046435707e-06,-0.0070635721493441,8.467919093949741e-06,-0.0075681130171543,4.349294247367588e-06,-0.0080726538849646,1.6173349961117146e-05,-0.008577194752775,3.240100420334943e-05,-0.0060544904137235,7.781110237657651e-06,-0.0055499495459131,1.5102862377006992e-06,-0.0050454086781029,5.05904624978431e-06,-0.0045408678102926,1.402998144312125e-06,-0.0040363269424824,1.5449485447954695e-06,2,2,2,2,2
1615,29,14:30:48,6,-0.0065590312815337,3938.0,-0.0063067608476287,-0.0065590312815337,4.819711272225183e-06,-0.0070635721493441,8.484424954471059e-06,-0.0075681130171543,4.365800107888907e-06,-0.0080726538849646,1.6173349961117146e-05,-0.008577194752775,3.240100420334943e-05,-0.0060544904137235,7.781110237657651e-06,-0.0055499495459131,1.5102862377006992e-06,-0.0050454086781029,5.026034528741671e-06,-0.0045408678102926,1.402998144312125e-06,-0.0040363269424824,1.5449485447954695e-06,2,2,2,2,2
1616,29,14:30:51,6,-0.0060544904137235,80764.0,-0.0063067608476287,-0.0065590312815337,5.026034528741671e-06,-0.0070635721493441,8.599965978120293e-06,-0.0075681130171543,4.365800107888907e-06,-0.0080726538849646,1.6173349961117146e-05,-0.008577194752775,3.2409257133610087e-05,-0.0060544904137235,7.492257678534568e-06,-0.0055499495459131,1.5102862377006992e-06,-0.0050454086781029,5.026034528741671e-06,-0.0045408678102926,1.402998144312125e-06,-0.0040363269424824,1.5449485447954695e-06,2,2,2,2,2
1617,29,14:30:54,6,-0.0065590312815337,503043.0,-0.0063067608476287,-0.0065590312815337,4.676027756387099e-06,-0.0070635721493441,8.888818537243377e-06,-0.0075681130171543,4.365800107888907e-06,-0.0080726538849646,1.6173349961117146e-05,-0.008577194752775,3.2409257133610087e-05,-0.0060544904137235,6.3451003723028885e-06,-0.0055499495459131,1.5102862377006992e-06,-0.0050454086781029,5.026034528741671e-06,-0.0045408678102926,1.402998144312125e-06,-0.0040363269424824,1.5449485447954695e-06,2,2,2,2,2
1618,29,14:30:57,6,-0.0060544904137235,1573675.0,-0.0058022199798184,-0.0060544904137235,4.169132779777389e-06,-0.0065590312815337,5.212468223329971e-06,-0.0070635721493441,8.888818537243377e-06,-0.0075681130171543,4.365800107888907e-06,-0.0080726538849646,1.6173349961117146e-05,-0.0055499495459131,1.5102862377006992e-06,-0.0050454086781029,5.026034528741671e-06,-0.0045408678102926,1.402998144312125e-06,-0.0040363269424824,1.5449485447954695e-06,-0.003531786074672,6.92420848869337e-06,2,1,2,2,2
1619,29,14:31:00,6,-0.0060544904137235,423604.0,-0.0058022199798184,-0.0060544904137235,6.174594833117663e-06,-0.0065590312815337,5.303250456197226e-06,-0.0070635721493441,9.342729701579654e-06,-0.0075681130171543,4.448329410495502e-06,-0.0080726538849646,1.6173349961117146e-05,-0.0055499495459131,1.0646280036250832e-06,-0.0050454086781029,4.902240574831778e-06,-0.0045408678102926,1.402998144312125e-06,-0.0040363269424824,1.5449485447954695e-06,-0.003531786074672,6.957220209736008e-06,2,2,2,2,2
1620,29,14:31:03,6,-0.0055499495459131,539957.0,-0.005297679112008,-0.0055499495459131,5.281875366822117e-07,-0.0060544904137235,6.661517718496576e-06,-0.0065590312815337,5.691138178448225e-06,-0.0070635721493441,9.441764864707569e-06,-0.0075681130171543,4.4895940617988e-06,-0.0050454086781029,4.902240574831778e-06,-0.0045408678102926,1.402998144312125e-06,-0.0040363269424824,1.5449485447954695e-06,-0.003531786074672,6.957220209736008e-06,-0.0030272452068617,3.5900246633869083e-06,0,1,2,2,2
1621,29,14:31:06,6,-0.0055499495459131,262212.0,-0.005297679112008,-0.0055499495459131,1.3782393535301464e-06,-0.0060544904137235,9.054867494087849e-06,-0.0065590312815337,5.715896969230204e-06,-0.0070635721493441,9.912181889565165e-06,-0.0075681130171543,3.977912385637907e-06,-0.0050454086781029,4.332788386846268e-06,-0.0045408678102926,1.402998144312125e-06,-0.0040363269424824,1.5449485447954695e-06,-0.003531786074672,6.998484861039306e-06,-0.0030272452068617,3.5900246633869083e-06,0,1,2,2,2
1622,29,14:31:09,6,-0.0050454086781029,9856.0,-0.005297679112008,-0.0055499495459131,1.551550889003997e-06,-0.0060544904137235,1.1786587410366165e-05,-0.0065590312815337,5.757161620533502e-06,-0.0070635721493441,9.95344654086846e-06,-0.0075681130171543,3.977912385637907e-06,-0.0050454086781029,4.4153176894528645e-06,-0.0045408678102926,1.402998144312125e-06,-0.0040363269424824,1.5449485447954695e-06,-0.003531786074672,6.998484861039306e-06,-0.0030272452068617,3.5900246633869083e-06,0,2,2,2,2
1623,29,14:31:12,6,-0.0055499495459131,19711.0,-0.005297679112008,-0.0055499495459131,2.5171437295011654e-06,-0.0060544904137235,1.1959898945840011e-05,-0.0065590312815337,5.7076440389695445e-06,-0.0070635721493441,9.95344654086846e-06,-0.0075681130171543,3.977912385637907e-06,-0.0050454086781029,4.464835271016822e-06,-0.0045408678102926,1.402998144312125e-06,-0.0040363269424824,1.5449485447954695e-06,-0.003531786074672,6.998484861039306e-06,-0.0030272452068617,3.5900246633869083e-06,0,2,2,2,2
1624,29,14:31:15,6,-0.0050454086781029,577525.0,-0.005297679112008,-0.0055499495459131,2.1457618677714854e-07,-0.0060544904137235,1.2067187039228587e-05,-0.0065590312815337,5.872702644182736e-06,-0.0070635721493441,9.96169947112912e-06,-0.0075681130171543,3.977912385637907e-06,-0.0050454086781029,4.621640945969353e-06,-0.0045408678102926,1.402998144312125e-06,-0.0040363269424824,1.627477847402065e-06,-0.003531786074672,6.998484861039306e-06,-0.0030272452068617,3.5900246633869083e-06,1,2,2,2,2
1625,29,14:31:18,6,-0.0055499495459131,358845.0,-0.0058022199798184,-0.0060544904137235,1.2124957551053204e-05,-0.0065590312815337,5.872702644182736e-06,-0.0070635721493441,1.0465128217029354e-05,-0.0075681130171543,3.986165315898567e-06,-0.0080726538849646,1.588449740199406e-05,-0.0055499495459131,1.310977971905771e-06,-0.0050454086781029,3.73857740807878e-06,-0.0045408678102926,1.4855274469187206e-06,-0.0040363269424824,1.627477847402065e-06,-0.003531786074672,6.998484861039306e-06,2,2,2,2,2
1626,29,14:31:21,6,-0.0055499495459131,350821.0,-0.0058022199798184,-0.0060544904137235,1.219098099313848e-05,-0.0065590312815337,3.2565237515536554e-06,-0.0070635721493441,9.012612491153273e-06,-0.0075681130171543,3.986165315898567e-06,-0.0080726538849646,1.5744197587562848e-05,-0.0055499495459131,6.478550254617754e-08,-0.0050454086781029,3.722071547557461e-06,-0.0045408678102926,1.518539167961359e-06,-0.0040363269424824,1.627477847402065e-06,-0.003531786074672,6.973726070257328e-06,2,2,2,2,2
1627,29,14:31:24,6,-0.0060544904137235,106419.0,-0.0058022199798184,-0.0060544904137235,1.2075439969489247e-05,-0.0065590312815337,3.2565237515536554e-06,-0.0070635721493441,9.012612491153273e-06,-0.0075681130171543,3.400207267391738e-06,-0.0080726538849646,1.5744197587562848e-05,-0.0055499495459131,7.427637234593603e-08,-0.0050454086781029,3.6548101659330856e-06,-0.0045408678102926,1.518539167961359e-06,-0.0040363269424824,1.627477847402065e-06,-0.003531786074672,6.973726070257328e-06,2,2,2,2,2
1628,29,14:31:27,6,-0.0060544904137235,189201.0,-0.0058022199798184,-0.0060544904137235,1.2364292528612331e-05,-0.0065590312815337,3.4215823567668464e-06,-0.0070635721493441,1.201667910603335e-05,-0.0075681130171543,3.400207267391738e-06,-0.0080726538849646,1.5744197587562848e-05,-0.0055499495459131,4.456582340756162e-07,-0.0050454086781029,3.6548101659330856e-06,-0.0045408678102926,1.518539167961359e-06,-0.0040363269424824,1.627477847402065e-06,-0.003531786074672,6.93246141895403e-06,2,2,2,2,2
1629,29,14:31:30,6,-0.0055499495459131,189206.0,-0.005297679112008,-0.0055499495459131,5.364404669428713e-07,-0.0060544904137235,1.2488086482522224e-05,-0.0065590312815337,3.4215823567668464e-06,-0.0070635721493441,1.201667910603335e-05,-0.0075681130171543,3.400207267391738e-06,-0.0050454086781029,3.6548101659330856e-06,-0.0045408678102926,1.518539167961359e-06,-0.0040363269424824,1.627477847402065e-06,-0.003531786074672,6.93246141895403e-06,-0.0030272452068617,3.5900246633869083e-06,2,2,2,2,2
1630,29,14:31:33,6,-0.0055499495459131,902914.0,-0.005297679112008,-0.0055499495459131,8.170400958052963e-07,-0.0060544904137235,1.2067187039228587e-05,-0.0065590312815337,3.4215823567668464e-06,-0.0070635721493441,1.1958908594208734e-05,-0.0075681130171543,3.3837014068704192e-06,-0.0050454086781029,1.6163363915501749e-06,-0.0045408678102926,1.518539167961359e-06,-0.0040363269424824,1.627477847402065e-06,-0.003531786074672,6.93246141895403e-06,-0.0030272452068617,3.5900246633869083e-06,2,2,2,2,2
1631,29,14:31:36,6,-0.0050454086781029,264219.0,-0.005297679112008,-0.0055499495459131,1.460768656136742e-06,-0.0060544904137235,1.1984657736621992e-05,-0.0065590312815337,3.396823565984868e-06,-0.0070635721493441,1.1958908594208734e-05,-0.0075681130171543,3.3837014068704192e-06,-0.0050454086781029,7.497787141809209e-07,-0.0045408678102926,1.518539167961359e-06,-0.0040363269424824,1.627477847402065e-06,-0.003531786074672,6.93246141895403e-06,-0.0030272452068617,3.5900246633869083e-06,2,2,2,2,2
1632,29,14:31:39,6,-0.0050454086781029,190986.0,-0.0047931382441976,-0.0050454086781029,2.0314587836613507e-06,-0.0055499495459131,1.7083565639565288e-06,-0.0060544904137235,1.1926887224797374e-05,-0.0065590312815337,3.396823565984868e-06,-0.0070635721493441,1.1958908594208734e-05,-0.0045408678102926,1.518539167961359e-06,-0.0040363269424824,1.627477847402065e-06,-0.003531786074672,6.93246141895403e-06,-0.0030272452068617,3.5900246633869083e-06,-0.0025227043390515,7.02869058579332e-06,2,2,2,2,2
1633,29,14:31:42,6,-0.0050454086781029,35496.0,-0.0047931382441976,-0.0050454086781029,3.467468649016114e-06,-0.0055499495459131,2.583167171586442e-06,-0.0060544904137235,1.2124957551053204e-05,-0.0065590312815337,4.222116592050824e-06,-0.0070635721493441,1.1958908594208734e-05,-0.0045408678102926,1.518539167961359e-06,-0.0040363269424824,1.627477847402065e-06,-0.003531786074672,6.93246141895403e-06,-0.0030272452068617,3.5900246633869083e-06,-0.0025227043390515,7.02869058579332e-06,2,2,2,2,2
1634,29,14:31:45,6,-0.0050454086781029,250538.0,-0.0047931382441976,-0.0050454086781029,3.195121950414348e-06,-0.0055499495459131,2.731719916278314e-06,-0.0060544904137235,1.2157969272095842e-05,-0.0065590312815337,4.271634173614781e-06,-0.0070635721493441,1.1958908594208734e-05,-0.0045408678102926,7.427637234593603e-07,-0.0040363269424824,1.627477847402065e-06,-0.003531786074672,6.93246141895403e-06,-0.0030272452068617,3.5900246633869083e-06,-0.0025227043390515,7.02869058579332e-06,2,2,2,2,2
1635,29,14:31:48,6,-0.0045408678102926,43393.0,-0.0047931382441976,-0.0050454086781029,3.277651253020944e-06,-0.0055499495459131,2.3438321940273147e-06,-0.0060544904137235,1.2455074761479586e-05,-0.0065590312815337,4.29639296439676e-06,-0.0070635721493441,1.1587526732479054e-05,-0.0045408678102926,1.6010684705679544e-06,-0.0040363269424824,1.627477847402065e-06,-0.003531786074672,6.981979000517987e-06,-0.0030272452068617,3.5900246633869083e-06,-0.0025227043390515,7.02869058579332e-06,2,2,2,2,2
1636,29,14:31:51,6,-0.0050454086781029,325495.0,-0.0047931382441976,-0.0050454086781029,2.8897635307699444e-06,-0.0055499495459131,2.4428673571552294e-06,-0.0060544904137235,1.2677903878517397e-05,-0.0065590312815337,4.29639296439676e-06,-0.0070635721493441,1.1587526732479054e-05,-0.0045408678102926,7.262578629380412e-07,-0.0040363269424824,1.9741009183497666e-06,-0.003531786074672,7.023243651821285e-06,-0.0030272452068617,3.5900246633869083e-06,-0.0025227043390515,7.02869058579332e-06,2,2,2,2,2
1637,29,14:31:54,6,-0.0045408678102926,449980.0,-0.0042885973763875,-0.0045408678102926,1.667091912653231e-06,-0.0050454086781029,3.195121950414348e-06,-0.0055499495459131,3.268160383221185e-06,-0.0060544904137235,1.2727421460081351e-05,-0.0065590312815337,4.180851940747526e-06,-0.0040363269424824,9.672434265493002e-07,-0.003531786074672,7.023243651821285e-06,-0.0030272452068617,3.5900246633869083e-06,-0.0025227043390515,7.02869058579332e-06,-0.0020181634712411,6.107168392888074e-06,2,2,2,2,1
1638,29,14:31:57,6,-0.0040363269424824,84856.0,-0.0042885973763875,-0.0045408678102926,3.317677964785143e-06,-0.0050454086781029,2.8897635307699444e-06,-0.0055499495459131,3.350689685827781e-06,-0.0060544904137235,1.276868611138465e-05,-0.0065590312815337,4.180851940747526e-06,-0.0040363269424824,8.269436121180878e-07,-0.003531786074672,6.849932116347434e-06,-0.0030272452068617,3.5900246633869083e-06,-0.0025227043390515,7.02869058579332e-06,-0.0020181634712411,6.107168392888074e-06,2,2,2,2,1
1639,29,14:32:00,6,-0.0040363269424824,159828.0,-0.0042885973763875,-0.0045408678102926,3.466230709477015e-06,-0.0050454086781029,2.0727234349646483e-06,-0.0055499495459131,2.5749142413257824e-06,-0.0060544904137235,1.1200629361859334e-05,-0.0065590312815337,3.850734730321144e-06,-0.0040363269424824,9.589904962886408e-07,-0.003531786074672,7.65046635163141e-06,-0.0030272452068617,3.5900246633869083e-06,-0.0025227043390515,7.02869058579332e-06,-0.0020181634712411,6.107168392888074e-06,2,2,2,2,1
1640,29,14:32:03,6,-0.0040363269424824,213155.0,-0.0042885973763875,-0.0045408678102926,3.507495360780313e-06,-0.0050454086781029,1.6600769219316702e-06,-0.0055499495459131,2.863766800448867e-06,-0.0060544904137235,1.010983956930796e-05,-0.0065590312815337,3.850734730321144e-06,-0.0040363269424824,5.463439832556628e-07,-0.003531786074672,7.65046635163141e-06,-0.0030272452068617,3.5900246633869083e-06,-0.0025227043390515,7.02869058579332e-06,-0.0020181634712411,6.107168392888074e-06,2,2,2,2,1
1641,29,14:32:06,6,-0.0040363269424824,438286.0,-0.0042885973763875,-0.0045408678102926,3.1361134990506325e-06,-0.0050454086781029,1.6518239916710107e-06,-0.0055499495459131,2.863766800448867e-06,-0.0060544904137235,1.010983956930796e-05,-0.0065590312815337,3.850734730321144e-06,-0.0040363269424824,3.4662307094770154e-08,-0.003531786074672,6.825173325565456e-06,-0.0030272452068617,3.623036384429546e-06,-0.0025227043390515,7.02869058579332e-06,-0.0020181634712411,6.107168392888074e-06,2,2,2,2,1
1642,29,14:32:09,6,-0.0040363269424824,176106.0,-0.0037840565085773,-0.0040363269424824,3.8029502641119247e-06,-0.0045408678102926,2.5749142413257824e-06,-0.0050454086781029,1.6930886429743086e-06,-0.0055499495459131,2.61617889262908e-06,-0.0060544904137235,1.010983956930796e-05,-0.003531786074672,6.767402813740839e-06,-0.0030272452068617,3.623036384429546e-06,-0.0025227043390515,7.02869058579332e-06,-0.0020181634712411,6.107168392888074e-06,-0.0015136226034309,1.5267920982220184e-06,1,2,2,1,1
1643,29,14:32:12,6,-0.0040363269424824,71064.0,-0.0037840565085773,-0.0040363269424824,5.420524595201199e-06,-0.0045408678102926,4.291523735542971e-06,-0.0050454086781029,1.6518239916710107e-06,-0.0055499495459131,2.7812374978422715e-06,-0.0060544904137235,7.766007375280645e-06,-0.003531786074672,6.767402813740839e-06,-0.0030272452068617,3.623036384429546e-06,-0.0025227043390515,7.02869058579332e-06,-0.0020181634712411,6.107168392888074e-06,-0.0015136226034309,1.5267920982220184e-06,1,2,2,1,1
1644,29,14:32:15,6,-0.0040363269424824,75018.0,-0.0037840565085773,-0.0040363269424824,5.874435759537474e-06,-0.0045408678102926,4.283270805282311e-06,-0.0050454086781029,1.7261003640169467e-06,-0.0055499495459131,2.7894904281029307e-06,-0.0060544904137235,5.141575552390905e-06,-0.003531786074672,7.204808117555795e-06,-0.0030272452068617,3.623036384429546e-06,-0.0025227043390515,7.02869058579332e-06,-0.0020181634712411,6.107168392888074e-06,-0.0015136226034309,1.5267920982220184e-06,2,2,2,1,1
1645,29,14:32:18,6,-0.003531786074672,98716.0,-0.0037840565085773,-0.0040363269424824,6.815269809252664e-06,-0.0045408678102926,3.2103898713965685e-06,-0.0050454086781029,1.7261003640169467e-06,-0.0055499495459131,2.9132843820128245e-06,-0.0060544904137235,5.215851924736842e-06,-0.003531786074672,6.907702628172051e-06,-0.0030272452068617,3.623036384429546e-06,-0.0025227043390515,7.02869058579332e-06,-0.0020181634712411,6.107168392888074e-06,-0.0015136226034309,1.5267920982220184e-06,2,2,2,1,1
1646,29,14:32:21,6,-0.003531786074672,183653.0,-0.0037840565085773,-0.0040363269424824,5.684618363542304e-06,-0.0045408678102926,3.218642801657228e-06,-0.0050454086781029,1.6435710614103512e-06,-0.0055499495459131,2.9132843820128245e-06,-0.0060544904137235,5.298381227343437e-06,-0.003531786074672,6.37126216122918e-06,-0.0030272452068617,3.623036384429546e-06,-0.0025227043390515,7.02869058579332e-06,-0.0020181634712411,6.107168392888074e-06,-0.0015136226034309,1.5267920982220184e-06,2,2,2,1,1
1647,29,14:32:24,6,-0.0040363269424824,238973.0,-0.0037840565085773,-0.0040363269424824,5.709377154324283e-06,-0.0045408678102926,3.218642801657228e-06,-0.0050454086781029,1.6435710614103512e-06,-0.0055499495459131,2.9132843820128245e-06,-0.0060544904137235,5.273622436561459e-06,-0.003531786074672,5.389163460210692e-06,-0.0030272452068617,3.623036384429546e-06,-0.0025227043390515,7.02869058579332e-06,-0.0020181634712411,6.107168392888074e-06,-0.0015136226034309,1.5267920982220184e-06,2,2,2,1,1
1648,29,14:32:27,6,-0.003531786074672,77021.0,-0.0037840565085773,-0.0040363269424824,6.295335202831111e-06,-0.0045408678102926,2.938043172794803e-06,-0.0050454086781029,1.932423620533436e-06,-0.0055499495459131,2.8720197307095265e-06,-0.0060544904137235,5.05079331952365e-06,-0.003531786074672,5.537716204902564e-06,-0.0030272452068617,3.581771733126249e-06,-0.0025227043390515,7.02869058579332e-06,-0.0020181634712411,6.107168392888074e-06,-0.0015136226034309,1.5267920982220184e-06,2,2,2,1,1
1649,29,14:32:30,6,-0.003531786074672,1546409.0,-0.0032795156407667,-0.003531786074672,1.1801690272743168e-06,-0.0040363269424824,6.534670180390239e-06,-0.0045408678102926,2.938043172794803e-06,-0.0050454086781029,1.932423620533436e-06,-0.0055499495459131,2.8720197307095265e-06,-0.0030272452068617,3.73857740807878e-06,-0.0025227043390515,7.02869058579332e-06,-0.0020181634712411,6.107168392888074e-06,-0.0015136226034309,1.5267920982220184e-06,-0.0010090817356205,1.9947332440014157e-05,1,2,2,1,1
1650,29,14:32:33,6,-0.003531786074672,570922.0,-0.0032795156407667,-0.003531786074672,5.859580485068287e-07,-0.0040363269424824,6.212805900224516e-06,-0.0045408678102926,2.938043172794803e-06,-0.0050454086781029,1.948929481054755e-06,-0.0055499495459131,2.8720197307095265e-06,-0.0030272452068617,2.5336495900224848e-06,-0.0025227043390515,7.02869058579332e-06,-0.0020181634712411,6.107168392888074e-06,-0.0015136226034309,1.5267920982220184e-06,-0.0010090817356205,1.9947332440014157e-05,1,2,2,1,1
1651,29,14:32:36,6,-0.003531786074672,270576.0,-0.0032795156407667,-0.003531786074672,4.456582340756162e-07,-0.0040363269424824,4.809807755912391e-06,-0.0045408678102926,2.938043172794803e-06,-0.0050454086781029,1.932423620533436e-06,-0.0055499495459131,2.8720197307095265e-06,-0.0030272452068617,2.541902520283144e-06,-0.0025227043390515,7.02869058579332e-06,-0.0020181634712411,6.107168392888074e-06,-0.0015136226034309,1.5267920982220184e-06,-0.0010090817356205,1.990606778871085e-05,2,2,2,1,1
1652,29,14:32:39,6,-0.0030272452068617,171862.0,-0.0032795156407667,-0.003531786074672,6.35475630070786e-06,-0.0040363269424824,4.570472778353263e-06,-0.0045408678102926,2.921537312273484e-06,-0.0050454086781029,1.9736882718367336e-06,-0.0055499495459131,2.8720197307095265e-06,-0.0030272452068617,2.2365441006387403e-06,-0.0025227043390515,7.02869058579332e-06,-0.0020181634712411,6.115421323148733e-06,-0.0015136226034309,1.5267920982220184e-06,-0.0010090817356205,1.990606778871085e-05,2,2,2,1,1
1653,29,14:32:42,6,-0.0030272452068617,84947.0,-0.0032795156407667,-0.003531786074672,8.302447842223517e-06,-0.0040363269424824,5.139924966338773e-06,-0.0045408678102926,2.8390080096668885e-06,-0.0050454086781029,1.9736882718367336e-06,-0.0055499495459131,2.863766800448867e-06,-0.0030272452068617,2.7977433583635904e-06,-0.0025227043390515,7.069955237096618e-06,-0.0020181634712411,6.115421323148733e-06,-0.0015136226034309,1.5267920982220184e-06,-0.0010090817356205,1.998859709131745e-05,2,2,2,1,1
1654,29,14:32:45,6,-0.003531786074672,227236.0,-0.0032795156407667,-0.003531786074672,1.0167610081132576e-05,-0.0040363269424824,4.6447491506992e-06,-0.0045408678102926,2.830755079406229e-06,-0.0050454086781029,1.9736882718367336e-06,-0.0055499495459131,2.863766800448867e-06,-0.0030272452068617,1.9559444717763157e-06,-0.0025227043390515,7.069955237096618e-06,-0.0020181634712411,6.115421323148733e-06,-0.0015136226034309,1.5267920982220184e-06,-0.0010090817356205,1.998859709131745e-05,2,2,1,1,1
1655,29,14:32:48,6,-0.0030272452068617,67167.0,-0.0032795156407667,-0.003531786074672,1.1116697061108426e-05,-0.0040363269424824,4.5952315691352425e-06,-0.0045408678102926,2.830755079406229e-06,-0.0050454086781029,1.9736882718367336e-06,-0.0055499495459131,2.863766800448867e-06,-0.0030272452068617,1.815644657345103e-06,-0.0025227043390515,7.069955237096618e-06,-0.0020181634712411,6.115421323148733e-06,-0.0015136226034309,1.609321400828614e-06,-0.0010090817356205,1.998859709131745e-05,2,2,1,1,1
1656,29,14:32:51,6,-0.0030272452068617,468092.0,-0.0027749747729566,-0.0030272452068617,1.4937803771793805e-06,-0.003531786074672,1.147248088464546e-05,-0.0040363269424824,4.512702266528647e-06,-0.0045408678102926,2.830755079406229e-06,-0.0050454086781029,1.9736882718367336e-06,-0.0025227043390515,7.012184725272001e-06,-0.0020181634712411,6.115421323148733e-06,-0.0015136226034309,2.2778087519420384e-06,-0.0010090817356205,1.998859709131745e-05,-0.0005045408678103,2.8720197307095265e-06,1,2,1,0,1
1657,29,14:32:54,6,-0.0030272452068617,94848.0,-0.0027749747729566,-0.0030272452068617,2.905031451752165e-06,-0.003531786074672,1.1695310001683268e-05,-0.0040363269424824,4.4136671034007325e-06,-0.0045408678102926,2.830755079406229e-06,-0.0050454086781029,1.6848357127136489e-06,-0.0025227043390515,7.012184725272001e-06,-0.0020181634712411,6.115421323148733e-06,-0.0015136226034309,3.0205724754013985e-06,-0.0010090817356205,1.998859709131745e-05,-0.0005045408678103,2.8720197307095265e-06,1,2,1,0,1
1658,29,14:32:57,6,-0.0025227043390515,5931.0,-0.0027749747729566,-0.0030272452068617,5.23235778525816e-06,-0.003531786074672,1.3205596239383967e-05,-0.0040363269424824,4.372402452097434e-06,-0.0045408678102926,2.830755079406229e-06,-0.0050454086781029,1.6848357127136489e-06,-0.0025227043390515,7.0782081673572776e-06,-0.0020181634712411,4.464835271016822e-06,-0.0015136226034309,3.0205724754013985e-06,-0.0010090817356205,1.998859709131745e-05,-0.0005045408678103,2.8720197307095265e-06,1,2,1,0,1
1659,29,14:33:00,6,-0.0025227043390515,138359.0,-0.0027749747729566,-0.0030272452068617,5.397416390471352e-06,-0.003531786074672,1.3411919495900457e-05,-0.0040363269424824,4.372402452097434e-06,-0.0045408678102926,2.830755079406229e-06,-0.0050454086781029,1.7261003640169467e-06,-0.0025227043390515,6.838873189798151e-06,-0.0020181634712411,6.222709416537308e-06,-0.0015136226034309,3.0205724754013985e-06,-0.0010090817356205,1.986480313740756e-05,-0.0005045408678103,2.8720197307095265e-06,1,2,1,0,1
1660,29,14:33:03,6,-0.0030272452068617,175922.0,-0.0027749747729566,-0.0030272452068617,6.833426255826115e-06,-0.003531786074672,1.3411919495900457e-05,-0.0040363269424824,4.372402452097434e-06,-0.0045408678102926,2.7812374978422715e-06,-0.0050454086781029,1.7673650153202446e-06,-0.0025227043390515,6.6325499332816615e-06,-0.0020181634712411,6.222709416537308e-06,-0.0015136226034309,3.028825405662058e-06,-0.0010090817356205,1.986480313740756e-05,-0.0005045408678103,2.8720197307095265e-06,1,2,1,0,1
1661,29,14:33:06,6,-0.0025227043390515,185789.0,-0.0027749747729566,-0.0030272452068617,7.65046635163141e-06,-0.003531786074672,1.372553084580552e-05,-0.0040363269424824,4.372402452097434e-06,-0.0045408678102926,2.764731637320952e-06,-0.0050454086781029,1.7673650153202446e-06,-0.0025227043390515,6.434479607025832e-06,-0.0020181634712411,6.346503370447201e-06,-0.0015136226034309,3.0783429872260155e-06,-0.0010090817356205,1.986480313740756e-05,-0.0005045408678103,2.8720197307095265e-06,2,2,1,0,1
1662,29,14:33:09,6,-0.0025227043390515,355844.0,-0.0027749747729566,-0.0030272452068617,1.01428512903506e-05,-0.003531786074672,1.372553084580552e-05,-0.0040363269424824,4.372402452097434e-06,-0.0045408678102926,2.764731637320952e-06,-0.0050454086781029,1.7673650153202446e-06,-0.0025227043390515,5.080999044277664e-06,-0.0020181634712411,6.387768021750498e-06,-0.0015136226034309,3.903636013291972e-06,-0.0010090817356205,1.986480313740756e-05,-0.0005045408678103,2.8720197307095265e-06,2,2,1,0,1
1663,29,14:33:12,6,-0.0025227043390515,800644.0,-0.0027749747729566,-0.0030272452068617,9.746710637838938e-06,-0.003531786074672,1.372553084580552e-05,-0.0040363269424824,4.372402452097434e-06,-0.0045408678102926,2.7234669860176544e-06,-0.0050454086781029,1.7673650153202446e-06,-0.0025227043390515,2.5473494542551795e-06,-0.0020181634712411,6.387768021750498e-06,-0.0015136226034309,3.903636013291972e-06,-0.0010090817356205,1.986480313740756e-05,-0.0005045408678103,2.8720197307095265e-06,2,2,1,0,1
1664,29,14:33:15,6,-0.0025227043390515,377595.0,-0.0027749747729566,-0.0030272452068617,9.589904962886408e-06,-0.003531786074672,1.3643001543198925e-05,-0.0040363269424824,4.372402452097434e-06,-0.0045408678102926,2.6409376834110587e-06,-0.0050454086781029,1.7673650153202446e-06,-0.0025227043390515,2.0769324293975847e-06,-0.0020181634712411,6.396020952011158e-06,-0.0015136226034309,3.903636013291972e-06,-0.0010090817356205,1.986480313740756e-05,-0.0005045408678103,2.8720197307095265e-06,2,1,1,0,1
1665,29,14:33:18,6,-0.0025227043390515,175161.0,-0.0027749747729566,-0.0030272452068617,9.353871157431544e-06,-0.003531786074672,1.0861764045356652e-05,-0.0040363269424824,4.372402452097434e-06,-0.0045408678102926,2.6409376834110587e-06,-0.0050454086781029,1.7673650153202446e-06,-0.0025227043390515,1.3671804269808626e-06,-0.0020181634712411,6.396020952011158e-06,-0.0015136226034309,3.903636013291972e-06,-0.0010090817356205,1.986480313740756e-05,-0.0005045408678103,2.8720197307095265e-06,2,1,1,0,1
1666,29,14:33:21,6,-0.0025227043390515,790134.0,-0.0022704339051463,-0.0025227043390515,2.123809073278131e-06,-0.0030272452068617,9.362124087692203e-06,-0.003531786074672,1.0870016975617312e-05,-0.0040363269424824,4.430172963922051e-06,-0.0045408678102926,2.6409376834110587e-06,-0.0020181634712411,6.329997509925882e-06,-0.0015136226034309,4.341041317106928e-06,-0.0010090817356205,1.986480313740756e-05,-0.0005045408678103,2.8720197307095265e-06,0.0,6.288732858622584e-06,1,0,0,0,1
1667,29,14:33:24,6,-0.0025227043390515,75128.0,-0.0022704339051463,-0.0025227043390515,3.361748612377065e-06,-0.0030272452068617,9.197065482479013e-06,-0.003531786074672,1.0960799208484569e-05,-0.0040363269424824,4.347643661315456e-06,-0.0045408678102926,2.682202334714357e-06,-0.0020181634712411,6.313491649404563e-06,-0.0015136226034309,5.290128297082777e-06,-0.0010090817356205,1.986480313740756e-05,-0.0005045408678103,2.8720197307095265e-06,0.0,6.288732858622584e-06,1,0,0,0,1
1668,29,14:33:27,6,-0.0025227043390515,104803.0,-0.0022704339051463,-0.0025227043390515,3.0976548440359588e-06,-0.0030272452068617,5.7555935637839765e-06,-0.003531786074672,1.0960799208484569e-05,-0.0040363269424824,4.347643661315456e-06,-0.0045408678102926,2.682202334714357e-06,-0.0020181634712411,6.131927183670053e-06,-0.0015136226034309,5.290128297082777e-06,-0.0010090817356205,1.986480313740756e-05,-0.0005045408678103,2.8720197307095265e-06,0.0,6.288732858622584e-06,1,0,0,0,1
1669,29,14:33:30,6,-0.0020181634712411,450771.0,-0.0022704339051463,-0.0025227043390515,5.111369827636892e-06,-0.0030272452068617,5.7555935637839765e-06,-0.003531786074672,1.0960799208484569e-05,-0.0040363269424824,4.347643661315456e-06,-0.0045408678102926,2.682202334714357e-06,-0.0020181634712411,1.2008013529259658e-05,-0.0015136226034309,5.290128297082777e-06,-0.0010090817356205,1.986480313740756e-05,-0.0005045408678103,2.8720197307095265e-06,0.0,6.288732858622584e-06,0,0,0,0,1
1670,29,14:33:33,6,-0.0025227043390515,264975.0,-0.0022704339051463,-0.0025227043390515,5.391969456499316e-06,-0.0030272452068617,5.730834773001997e-06,-0.003531786074672,1.1142363674219075e-05,-0.0040363269424824,4.347643661315456e-06,-0.0045408678102926,1.0811338641464022e-06,-0.0020181634712411,1.1834701993785808e-05,-0.0015136226034309,5.290128297082777e-06,-0.0010090817356205,1.990606778871085e-05,-0.0005045408678103,2.8720197307095265e-06,0.0,6.288732858622584e-06,0,0,0,0,1
1671,29,14:33:36,6,-0.0020181634712411,67252.0,-0.0022704339051463,-0.0025227043390515,5.5322692709305285e-06,-0.0030272452068617,5.730834773001997e-06,-0.003531786074672,1.0969052138745228e-05,-0.0040363269424824,4.760290174348434e-06,-0.0045408678102926,1.0398692128431043e-06,-0.0020181634712411,1.1554102364923383e-05,-0.0015136226034309,5.290128297082777e-06,-0.0010090817356205,1.990606778871085e-05,-0.0005045408678103,2.8720197307095265e-06,0.0,6.164938904712691e-06,0,0,0,0,1
1672,29,14:33:39,6,-0.0025227043390515,486347.0,-0.0022704339051463,-0.0025227043390515,4.401617825220169e-06,-0.0030272452068617,6.06920491368904e-06,-0.003531786074672,1.0969052138745228e-05,-0.0040363269424824,4.760290174348434e-06,-0.0045408678102926,1.1223985154497e-06,-0.0020181634712411,1.1512837713620083e-05,-0.0015136226034309,5.488198623338607e-06,-0.0010090817356205,1.990606778871085e-05,-0.0005045408678103,2.8720197307095265e-06,0.0,6.164938904712691e-06,0,0,0,0,1
1673,29,14:33:42,6,-0.0025227043390515,502261.0,-0.0022704339051463,-0.0025227043390515,3.419519124201681e-06,-0.0030272452068617,6.06920491368904e-06,-0.003531786074672,1.0969052138745228e-05,-0.0040363269424824,4.760290174348434e-06,-0.0045408678102926,1.1223985154497e-06,-0.0020181634712411,1.0811338641464022e-05,-0.0015136226034309,5.488198623338607e-06,-0.0010090817356205,1.990606778871085e-05,-0.0005045408678103,2.8720197307095265e-06,0.0,6.164938904712691e-06,0,0,0,0,1
1674,29,14:33:45,6,-0.0025227043390515,1060396.0,-0.0027749747729566,-0.0030272452068617,6.176493007077614e-06,-0.003531786074672,1.0820499394053354e-05,-0.0040363269424824,4.760290174348434e-06,-0.0045408678102926,1.1141455851890403e-06,-0.0050454086781029,1.8416413876661808e-06,-0.0025227043390515,9.27348761669272e-06,-0.0020181634712411,1.048122143103764e-05,-0.0015136226034309,5.488198623338607e-06,-0.0010090817356205,1.990606778871085e-05,-0.0005045408678103,2.764731637320952e-06,1,0,0,1,2
1675,29,14:33:48,6,-0.0030272452068617,232407.0,-0.0027749747729566,-0.0030272452068617,5.858012428318762e-06,-0.003531786074672,1.0820499394053354e-05,-0.0040363269424824,4.760290174348434e-06,-0.0045408678102926,1.1141455851890403e-06,-0.0050454086781029,1.8416413876661808e-06,-0.0025227043390515,9.141440732522166e-06,-0.0020181634712411,1.046471557051632e-05,-0.0015136226034309,5.488198623338607e-06,-0.0010090817356205,1.990606778871085e-05,-0.0005045408678103,2.764731637320952e-06,1,0,0,1,2
1676,29,14:33:51,6,-0.0030272452068617,308408.0,-0.0027749747729566,-0.0030272452068617,6.113853266399208e-06,-0.003531786074672,1.051514097440895e-05,-0.0040363269424824,4.760290174348434e-06,-0.0045408678102926,1.0398692128431043e-06,-0.0050454086781029,1.8416413876661808e-06,-0.0025227043390515,9.727398781028996e-06,-0.0020181634712411,1.046471557051632e-05,-0.0015136226034309,5.488198623338607e-06,-0.0010090817356205,1.9914320718971515e-05,-0.0005045408678103,2.9297902425341435e-06,0,0,0,1,2
1677,29,14:33:54,6,-0.0030272452068617,177924.0,-0.0027749747729566,-0.0030272452068617,6.113853266399208e-06,-0.003531786074672,1.051514097440895e-05,-0.0040363269424824,4.760290174348434e-06,-0.0045408678102926,1.0398692128431043e-06,-0.0050454086781029,1.8416413876661808e-06,-0.0025227043390515,9.034152639133594e-06,-0.0020181634712411,1.045646264025566e-05,-0.0015136226034309,5.488198623338607e-06,-0.0010090817356205,1.9914320718971515e-05,-0.0005045408678103,2.9297902425341435e-06,0,0,0,1,2
1678,29,14:33:57,6,-0.0030272452068617,755188.0,-0.0027749747729566,-0.0030272452068617,6.006565173010634e-06,-0.003531786074672,1.0490382183626973e-05,-0.0040363269424824,4.760290174348434e-06,-0.0045408678102926,1.0398692128431043e-06,-0.0050454086781029,1.8416413876661808e-06,-0.0025227043390515,6.525261839893087e-06,-0.0020181634712411,1.1364284968928212e-05,-0.0015136226034309,5.488198623338607e-06,-0.0010090817356205,2.040124360435043e-05,-0.0005045408678103,2.9297902425341435e-06,0,0,0,1,2
1679,29,14:34:00,6,-0.0025227043390515,2072850.0,-0.0027749747729566,-0.0030272452068617,1.3271537152166635e-06,-0.003531786074672,1.0647187858579504e-05,-0.0040363269424824,4.760290174348434e-06,-0.0045408678102926,1.0398692128431043e-06,-0.0050454086781029,1.8416413876661808e-06,-0.0025227043390515,4.660099600984027e-06,-0.0020181634712411,1.1364284968928212e-05,-0.0015136226034309,5.488198623338607e-06,-0.0010090817356205,2.040124360435043e-05,-0.0005045408678103,2.9297902425341435e-06,0,0,0,1,2
1680,29,14:34:03,6,-0.0030272452068617,464191.0,-0.0027749747729566,-0.0030272452068617,1.892396908769237e-07,-0.003531786074672,1.0655440788840163e-05,-0.0040363269424824,4.760290174348434e-06,-0.0045408678102926,1.0398692128431043e-06,-0.0050454086781029,1.8416413876661808e-06,-0.0025227043390515,4.618834949680728e-06,-0.0020181634712411,1.1364284968928212e-05,-0.0015136226034309,5.488198623338607e-06,-0.0010090817356205,2.040124360435043e-05,-0.0005045408678103,2.9297902425341435e-06,0,0,0,1,2
1681,29,14:34:06,6,-0.0030272452068617,347769.0,-0.0032795156407667,-0.003531786074672,1.073797009144676e-05,-0.0040363269424824,4.760290174348434e-06,-0.0045408678102926,1.0398692128431043e-06,-0.0050454086781029,1.8416413876661808e-06,-0.0055499495459131,2.6326847531503995e-06,-0.0030272452068617,8.825105915631086e-06,-0.0025227043390515,3.785288993354113e-06,-0.0020181634712411,1.124049101501832e-05,-0.0015136226034309,5.372657599689373e-06,-0.0010090817356205,2.036823188330779e-05,1,0,1,2,2
1682,29,14:34:09,6,-0.0030272452068617,219322.0,-0.0032795156407667,-0.003531786074672,1.053989976519093e-05,-0.0040363269424824,4.760290174348434e-06,-0.0045408678102926,1.0398692128431043e-06,-0.0050454086781029,2.006699992879372e-06,-0.0055499495459131,2.6326847531503995e-06,-0.0030272452068617,9.34504052205264e-06,-0.0025227043390515,3.7770360630934536e-06,-0.0020181634712411,1.119922636371502e-05,-0.0015136226034309,5.372657599689373e-06,-0.0010090817356205,2.036823188330779e-05,1,0,1,2,2
1683,29,14:34:12,6,-0.0030272452068617,254890.0,-0.0032795156407667,-0.003531786074672,1.0688452509882802e-05,-0.0040363269424824,4.760290174348434e-06,-0.0045408678102926,1.015110422061126e-06,-0.0050454086781029,2.006699992879372e-06,-0.0055499495459131,2.6326847531503995e-06,-0.0030272452068617,9.510099127265827e-06,-0.0025227043390515,4.02462397091324e-06,-0.0020181634712411,1.1364284968928212e-05,-0.0015136226034309,5.372657599689373e-06,-0.0010090817356205,2.036823188330779e-05,1,0,1,2,2
1684,29,14:34:15,6,-0.0030272452068617,448552.0,-0.0032795156407667,-0.003531786074672,1.070495837040412e-05,-0.0040363269424824,4.512702266528647e-06,-0.0045408678102926,1.015110422061126e-06,-0.0050454086781029,2.006699992879372e-06,-0.0055499495459131,2.61617889262908e-06,-0.0030272452068617,7.63668395809611e-06,-0.0025227043390515,5.757739325651748e-06,-0.0020181634712411,1.1694402179354597e-05,-0.0015136226034309,5.372657599689373e-06,-0.0010090817356205,2.038473774382911e-05,1,0,1,2,2
1685,29,14:34:18,6,-0.003531786074672,55315.0,-0.0032795156407667,-0.003531786074672,1.0878269905877972e-05,-0.0040363269424824,4.603484499395902e-06,-0.0045408678102926,1.015110422061126e-06,-0.0050454086781029,2.006699992879372e-06,-0.0055499495459131,2.61617889262908e-06,-0.0030272452068617,7.743972051484684e-06,-0.0025227043390515,5.757739325651748e-06,-0.0020181634712411,1.1694402179354597e-05,-0.0015136226034309,5.372657599689373e-06,-0.0010090817356205,2.038473774382911e-05,1,0,1,2,2
1686,29,14:34:21,6,-0.003531786074672,165973.0,-0.0032795156407667,-0.003531786074672,1.0878269905877972e-05,-0.0040363269424824,4.8593253374763486e-06,-0.0045408678102926,1.221433678577615e-06,-0.0050454086781029,2.006699992879372e-06,-0.0055499495459131,2.6491906136717184e-06,-0.0030272452068617,7.141508142456537e-06,-0.0025227043390515,5.815509837476365e-06,-0.0020181634712411,1.1941990087174382e-05,-0.0015136226034309,5.372657599689373e-06,-0.0010090817356205,2.038473774382911e-05,0,0,1,2,2
1687,29,14:34:24,6,-0.0030272452068617,841414.0,-0.0032795156407667,-0.003531786074672,8.08052654751438e-06,-0.0040363269424824,4.8593253374763486e-06,-0.0045408678102926,1.221433678577615e-06,-0.0050454086781029,2.006699992879372e-06,-0.0055499495459131,2.690455264975016e-06,-0.0030272452068617,6.8196438622908135e-06,-0.0025227043390515,5.89803914008296e-06,-0.0020181634712411,1.1941990087174382e-05,-0.0015136226034309,5.372657599689373e-06,-0.0010090817356205,2.034347309252581e-05,0,0,1,2,2
1688,29,14:34:27,6,-0.003531786074672,527375.0,-0.0032795156407667,-0.003531786074672,6.141087936259384e-06,-0.0040363269424824,4.8593253374763486e-06,-0.0045408678102926,1.221433678577615e-06,-0.0050454086781029,2.006699992879372e-06,-0.0055499495459131,2.690455264975016e-06,-0.0030272452068617,6.489526651864431e-06,-0.0025227043390515,5.89803914008296e-06,-0.0020181634712411,1.1941990087174382e-05,-0.0015136226034309,5.372657599689373e-06,-0.0010090817356205,2.05910610003456e-05,0,0,1,2,2
1689,29,14:34:30,6,-0.003531786074672,171889.0,-0.0032795156407667,-0.003531786074672,7.808179848912615e-06,-0.0040363269424824,4.8593253374763486e-06,-0.0045408678102926,1.221433678577615e-06,-0.0050454086781029,2.006699992879372e-06,-0.0055499495459131,2.690455264975016e-06,-0.0030272452068617,6.109891859874091e-06,-0.0025227043390515,6.013580163732194e-06,-0.0020181634712411,1.1941990087174382e-05,-0.0015136226034309,5.372657599689373e-06,-0.0010090817356205,2.05910610003456e-05,0,0,1,2,2
1690,29,14:34:33,6,-0.003531786074672,1249181.0,-0.0032795156407667,-0.003531786074672,2.9267366583376994e-06,-0.0040363269424824,4.8593253374763486e-06,-0.0045408678102926,1.221433678577615e-06,-0.0050454086781029,2.006699992879372e-06,-0.0055499495459131,2.690455264975016e-06,-0.0030272452068617,6.142903580916729e-06,-0.0025227043390515,6.104362396599449e-06,-0.0020181634712411,1.1941990087174382e-05,-0.0015136226034309,5.372657599689373e-06,-0.0010090817356205,2.058280807008494e-05,0,0,1,2,2
1691,29,14:34:36,6,-0.003531786074672,763595.0,-0.0037840565085773,-0.0040363269424824,4.8345665466943695e-06,-0.0045408678102926,1.221433678577615e-06,-0.0050454086781029,2.006699992879372e-06,-0.0055499495459131,2.772984567581612e-06,-0.0060544904137235,3.18563108061459e-06,-0.003531786074672,9.25458840639581e-06,-0.0030272452068617,7.422107771318961e-06,-0.0025227043390515,6.104362396599449e-06,-0.0020181634712411,1.1958495947695702e-05,-0.0015136226034309,5.372657599689373e-06,1,1,1,2,2
1692,29,14:34:39,6,-0.003531786074672,86897.0,-0.0037840565085773,-0.0040363269424824,4.8593253374763486e-06,-0.0045408678102926,1.221433678577615e-06,-0.0050454086781029,2.006699992879372e-06,-0.0055499495459131,2.772984567581612e-06,-0.0060544904137235,3.103101778007994e-06,-0.003531786074672,1.337280060646493e-05,-0.0030272452068617,7.397348980536982e-06,-0.0025227043390515,6.104362396599449e-06,-0.0020181634712411,1.2041025250302295e-05,-0.0015136226034309,5.372657599689373e-06,1,1,1,2,2
1693,29,14:34:42,6,-0.003531786074672,371170.0,-0.0037840565085773,-0.0040363269424824,3.860720775936542e-06,-0.0045408678102926,1.2131807483169552e-06,-0.0050454086781029,2.006699992879372e-06,-0.0055499495459131,2.772984567581612e-06,-0.0060544904137235,3.103101778007994e-06,-0.003531786074672,1.2894130651346676e-05,-0.0030272452068617,7.463372422622259e-06,-0.0025227043390515,6.112615326860109e-06,-0.0020181634712411,1.1941990087174382e-05,-0.0015136226034309,5.372657599689373e-06,1,1,1,2,2
1694,29,14:34:45,6,-0.003531786074672,191564.0,-0.0037840565085773,-0.0040363269424824,3.794697333851266e-06,-0.0045408678102926,1.2626983298809123e-06,-0.0050454086781029,2.006699992879372e-06,-0.0055499495459131,2.772984567581612e-06,-0.0060544904137235,3.103101778007994e-06,-0.003531786074672,1.2324678463361163e-05,-0.0030272452068617,1.303410034856746e-05,-0.0025227043390515,6.153879978163407e-06,-0.0020181634712411,1.1941990087174382e-05,-0.0015136226034309,5.372657599689373e-06,1,1,2,2,2
1695,29,14:34:48,6,-0.003531786074672,177461.0,-0.0037840565085773,-0.0040363269424824,3.5976998885293214e-06,-0.0045408678102926,1.2626983298809123e-06,-0.0050454086781029,2.006699992879372e-06,-0.0055499495459131,2.8555138701882075e-06,-0.0060544904137235,3.086595917486675e-06,-0.003531786074672,1.1837755577982251e-05,-0.0030272452068617,1.303410034856746e-05,-0.0025227043390515,5.881533279561641e-06,-0.0020181634712411,1.1941990087174382e-05,-0.0015136226034309,5.372657599689373e-06,1,1,2,2,2
1696,29,14:34:51,6,-0.0040363269424824,519393.0,-0.0037840565085773,-0.0040363269424824,3.5069176556620664e-06,-0.0045408678102926,1.402998144312125e-06,-0.0050454086781029,2.006699992879372e-06,-0.0055499495459131,2.8555138701882075e-06,-0.0060544904137235,3.086595917486675e-06,-0.003531786074672,1.0327469340281552e-05,-0.0030272452068617,1.3149641372216696e-05,-0.0025227043390515,5.881533279561641e-06,-0.0020181634712411,1.1941990087174382e-05,-0.0015136226034309,5.372657599689373e-06,1,1,2,2,2
1697,29,14:34:54,6,-0.003531786074672,339597.0,-0.0037840565085773,-0.0040363269424824,3.185053375496344e-06,-0.0045408678102926,1.402998144312125e-06,-0.0050454086781029,2.006699992879372e-06,-0.0055499495459131,2.8555138701882075e-06,-0.0060544904137235,3.086595917486675e-06,-0.003531786074672,1.0220181246892978e-05,-0.0030272452068617,1.0415197988952364e-05,-0.0025227043390515,5.881533279561641e-06,-0.0020181634712411,1.179343734248251e-05,-0.0015136226034309,5.372657599689373e-06,1,1,2,2,2
1698,29,14:34:57,6,-0.0040363269424824,404792.0,-0.0037840565085773,-0.0040363269424824,2.5660836059468765e-06,-0.0045408678102926,1.402998144312125e-06,-0.0050454086781029,2.006699992879372e-06,-0.0055499495459131,2.8555138701882075e-06,-0.0060544904137235,3.086595917486675e-06,-0.003531786074672,9.386635290566363e-06,-0.0030272452068617,8.847141239427047e-06,-0.0025227043390515,5.881533279561641e-06,-0.0020181634712411,1.179343734248251e-05,-0.0015136226034309,5.4551869022959686e-06,1,1,2,2,2
1699,29,14:35:00,6,-0.0040363269424824,155980.0,-0.0037840565085773,-0.0040363269424824,3.0777652821077693e-06,-0.0045408678102926,1.402998144312125e-06,-0.0050454086781029,2.2542879006991587e-06,-0.0055499495459131,2.8555138701882075e-06,-0.0060544904137235,3.144366429311292e-06,-0.003531786074672,9.188564964310532e-06,-0.0030272452068617,8.847141239427047e-06,-0.0025227043390515,5.881533279561641e-06,-0.0020181634712411,1.179343734248251e-05,-0.0015136226034309,6.280479928361925e-06,1,1,2,2,2
1700,29,14:35:03,6,-0.0040363269424824,519009.0,-0.0037840565085773,-0.0040363269424824,1.073045992490956e-06,-0.0045408678102926,1.402998144312125e-06,-0.0050454086781029,2.2542879006991587e-06,-0.0055499495459131,2.8555138701882075e-06,-0.0060544904137235,3.18563108061459e-06,-0.003531786074672,9.320611848481086e-06,-0.0030272452068617,8.847141239427047e-06,-0.0025227043390515,5.881533279561641e-06,-0.0020181634712411,1.179343734248251e-05,-0.0015136226034309,6.280479928361925e-06,1,1,2,2,2
1701,29,14:35:06,6,-0.003531786074672,500307.0,-0.0037840565085773,-0.0040363269424824,9.135168505524066e-07,-0.0045408678102926,1.4112510745727846e-06,-0.0050454086781029,2.2542879006991587e-06,-0.0055499495459131,2.8555138701882075e-06,-0.0060544904137235,3.202136941135909e-06,-0.003531786074672,7.686531656870493e-06,-0.0030272452068617,8.847141239427047e-06,-0.0025227043390515,5.840268628258343e-06,-0.0020181634712411,1.179343734248251e-05,-0.0015136226034309,6.280479928361925e-06,1,2,2,2,2
1702,29,14:35:09,6,-0.0040363269424824,169808.0,-0.0037840565085773,-0.0040363269424824,5.999055006473434e-07,-0.0045408678102926,1.4112510745727846e-06,-0.0050454086781029,2.6669344137321364e-06,-0.0055499495459131,2.8555138701882075e-06,-0.0060544904137235,3.202136941135909e-06,-0.003531786074672,1.1590167670162464e-05,-0.0030272452068617,8.847141239427047e-06,-0.0025227043390515,5.741233465130429e-06,-0.0020181634712411,1.179343734248251e-05,-0.0015136226034309,6.280479928361925e-06,1,2,2,2,2
1703,29,14:35:12,6,-0.003531786074672,370551.0,-0.0037840565085773,-0.0040363269424824,1.3617334930088272e-06,-0.0045408678102926,1.4690215863974016e-06,-0.0050454086781029,2.6669344137321364e-06,-0.0055499495459131,2.863766800448867e-06,-0.0060544904137235,3.202136941135909e-06,-0.003531786074672,1.1254355937856228e-05,-0.0030272452068617,8.434494726394069e-06,-0.0025227043390515,5.741233465130429e-06,-0.0020181634712411,1.179343734248251e-05,-0.0015136226034309,6.280479928361925e-06,1,2,2,2,2
1704,29,14:35:15,6,-0.0040363269424824,256697.0,-0.0037840565085773,-0.0040363269424824,1.0398692128431043e-06,-0.0045408678102926,2.3850968453306123e-06,-0.0050454086781029,2.6669344137321364e-06,-0.0055499495459131,2.863766800448867e-06,-0.0060544904137235,3.202136941135909e-06,-0.003531786074672,1.005768105006059e-05,-0.0030272452068617,8.467506447436707e-06,-0.0025227043390515,5.741233465130429e-06,-0.0020181634712411,1.179343734248251e-05,-0.0015136226034309,6.280479928361925e-06,1,2,2,2,2
1705,29,14:35:18,6,-0.0040363269424824,181670.0,-0.0037840565085773,-0.0040363269424824,8.830635378905728e-07,-0.0045408678102926,2.3850968453306123e-06,-0.0050454086781029,2.6669344137321364e-06,-0.0055499495459131,2.863766800448867e-06,-0.0060544904137235,3.3671955463491003e-06,-0.003531786074672,9.545999373899698e-06,-0.0030272452068617,8.467506447436707e-06,-0.0025227043390515,5.741233465130429e-06,-0.0020181634712411,1.179343734248251e-05,-0.0015136226034309,6.280479928361925e-06,1,2,2,2,2
1706,29,14:35:21,6,-0.0040363269424824,128331.0,-0.0037840565085773,-0.0040363269424824,1.0233633523217851e-06,-0.0045408678102926,2.3850968453306123e-06,-0.0050454086781029,2.7081990650354344e-06,-0.0055499495459131,2.863766800448867e-06,-0.0060544904137235,3.697312756775482e-06,-0.003531786074672,9.372687838425848e-06,-0.0030272452068617,8.748106076299132e-06,-0.0025227043390515,5.741233465130429e-06,-0.0020181634712411,1.179343734248251e-05,-0.0015136226034309,6.280479928361925e-06,2,2,2,2,2
1707,29,14:35:24,6,-0.003531786074672,244798.0,-0.0037840565085773,-0.0040363269424824,6.519814905921052e-07,-0.0045408678102926,2.3850968453306123e-06,-0.0050454086781029,2.7247049255567534e-06,-0.0055499495459131,2.863766800448867e-06,-0.0060544904137235,3.697312756775482e-06,-0.003531786074672,9.182870442430678e-06,-0.0030272452068617,8.748106076299132e-06,-0.0025227043390515,5.741233465130429e-06,-0.0020181634712411,1.178518441222185e-05,-0.0015136226034309,6.280479928361925e-06,2,2,2,2,2
1708,29,14:35:27,6,-0.0040363269424824,302583.0,-0.0037840565085773,-0.0040363269424824,2.1232808857414488e-05,-0.0045408678102926,2.3850968453306123e-06,-0.0050454086781029,2.7247049255567534e-06,-0.0055499495459131,2.863766800448867e-06,-0.0060544904137235,3.722071547557461e-06,-0.003531786074672,8.621671184705829e-06,-0.0030272452068617,8.748106076299132e-06,-0.0025227043390515,5.741233465130429e-06,-0.0020181634712411,1.178518441222185e-05,-0.0015136226034309,6.280479928361925e-06,2,2,2,2,2
1709,29,14:35:30,6,-0.003531786074672,215245.0,-0.0037840565085773,-0.0040363269424824,2.289990077006772e-05,-0.0045408678102926,2.376843915069953e-06,-0.0050454086781029,2.7247049255567534e-06,-0.0055499495459131,2.863766800448867e-06,-0.0060544904137235,3.7715891291214182e-06,-0.003531786074672,7.969689694113723e-06,-0.0030272452068617,8.748106076299132e-06,-0.0025227043390515,5.741233465130429e-06,-0.0020181634712411,1.178518441222185e-05,-0.0015136226034309,6.280479928361925e-06,2,2,2,2,2
1710,29,14:35:33,6,-0.0040363269424824,2239635.0,-0.0037840565085773,-0.0040363269424824,2.8057982182979946e-05,-0.0045408678102926,2.7894904281029307e-06,-0.0050454086781029,2.807234228163349e-06,-0.0055499495459131,2.8390080096668885e-06,-0.0060544904137235,3.821106710685376e-06,-0.003531786074672,1.485527446918721e-07,-0.0030272452068617,8.22553053219417e-06,-0.0025227043390515,5.741233465130429e-06,-0.0020181634712411,1.178518441222185e-05,-0.0015136226034309,6.280479928361925e-06,2,2,2,2,2
1711,29,14:35:36,6,-0.003531786074672,98755.0,-0.0032795156407667,-0.003531786074672,3.028825405662058e-06,-0.0040363269424824,2.9535256699638004e-05,-0.0045408678102926,2.8720197307095265e-06,-0.0050454086781029,2.807234228163349e-06,-0.0055499495459131,2.8390080096668885e-06,-0.0030272452068617,8.184265880890872e-06,-0.0025227043390515,5.749486395391088e-06,-0.0020181634712411,1.178518441222185e-05,-0.0015136226034309,6.280479928361925e-06,-0.0010090817356205,2.0483772906957027e-05,2,2,2,2,1
1712,29,14:35:39,6,-0.003531786074672,432605.0,-0.0032795156407667,-0.003531786074672,7.1222788149492e-06,-0.0040363269424824,2.4393681147247098e-05,-0.0045408678102926,2.8720197307095265e-06,-0.0050454086781029,2.807234228163349e-06,-0.0055499495459131,2.822502149145569e-06,-0.0030272452068617,7.63131955342668e-06,-0.0025227043390515,5.749486395391088e-06,-0.0020181634712411,1.178518441222185e-05,-0.0015136226034309,6.280479928361925e-06,-0.0010090817356205,2.0483772906957027e-05,2,2,2,2,1
1713,29,14:35:42,6,-0.003531786074672,620448.0,-0.0032795156407667,-0.003531786074672,7.147037605731178e-06,-0.0040363269424824,2.4377175286725775e-05,-0.0045408678102926,2.8720197307095265e-06,-0.0050454086781029,2.7907283676420297e-06,-0.0055499495459131,2.822502149145569e-06,-0.0030272452068617,5.254475638356728e-06,-0.0025227043390515,5.749486395391088e-06,-0.0020181634712411,1.178518441222185e-05,-0.0015136226034309,6.280479928361925e-06,-0.0010090817356205,2.135033058432628e-05,2,2,2,2,1
1714,29,14:35:45,6,-0.0030272452068617,1309462.0,-0.0027749747729566,-0.0030272452068617,1.5278814850164254e-05,-0.003531786074672,8.541782819782643e-06,-0.0040363269424824,2.4377175286725775e-05,-0.0045408678102926,2.8720197307095265e-06,-0.0050454086781029,2.7907283676420297e-06,-0.0025227043390515,5.856774488779663e-06,-0.0020181634712411,1.178518441222185e-05,-0.0015136226034309,6.280479928361925e-06,-0.0010090817356205,2.135033058432628e-05,-0.0005045408678103,2.9297902425341435e-06,1,2,2,2,1
1715,29,14:35:48,6,-0.0025227043390515,1053215.0,-0.0027749747729566,-0.0030272452068617,1.2060172048507028e-05,-0.003531786074672,8.929670542033644e-06,-0.0040363269424824,2.271008337407255e-05,-0.0045408678102926,4.48134113153814e-06,-0.0050454086781029,2.7907283676420297e-06,-0.0025227043390515,5.699968813827131e-06,-0.0020181634712411,1.178518441222185e-05,-0.0015136226034309,6.321744579665222e-06,-0.0010090817356205,2.135033058432628e-05,-0.0005045408678103,2.9297902425341435e-06,2,2,2,2,1
1716,29,14:35:51,6,-0.0030272452068617,65236.0,-0.0027749747729566,-0.0030272452068617,1.7581382392888272e-05,-0.003531786074672,4.134718060590439e-06,-0.0040363269424824,2.28421302582431e-05,-0.0045408678102926,4.48134113153814e-06,-0.0050454086781029,2.7907283676420297e-06,-0.0025227043390515,5.468886766528664e-06,-0.0020181634712411,1.178518441222185e-05,-0.0015136226034309,6.321744579665222e-06,-0.0010090817356205,2.135033058432628e-05,-0.0005045408678103,2.9297902425341435e-06,2,2,2,2,1
1717,29,14:35:54,6,-0.0025227043390515,290574.0,-0.0027749747729566,-0.0030272452068617,1.9314497747626775e-05,-0.003531786074672,4.208994432936375e-06,-0.0040363269424824,2.28421302582431e-05,-0.0045408678102926,4.48134113153814e-06,-0.0050454086781029,2.7907283676420297e-06,-0.0025227043390515,4.78389355489392e-06,-0.0020181634712411,1.178518441222185e-05,-0.0015136226034309,6.321744579665222e-06,-0.0010090817356205,2.1267801281719685e-05,-0.0005045408678103,2.9297902425341435e-06,2,2,2,2,1
1718,29,14:35:57,6,-0.0030272452068617,527829.0,-0.0027749747729566,-0.0030272452068617,1.9157692072674247e-05,-0.003531786074672,4.720676109097267e-06,-0.0040363269424824,2.8390080096668885e-06,-0.0045408678102926,4.48134113153814e-06,-0.0050454086781029,2.7907283676420297e-06,-0.0025227043390515,2.8279490831176045e-06,-0.0020181634712411,1.1290008596582276e-05,-0.0015136226034309,6.321744579665222e-06,-0.0010090817356205,2.1267801281719685e-05,-0.0005045408678103,2.9297902425341435e-06,2,2,2,2,1
1719,29,14:36:00,6,-0.0025227043390515,2479140.0,-0.0027749747729566,-0.0030272452068617,1.9264980166062823e-05,-0.003531786074672,4.217247363197034e-06,-0.0040363269424824,2.8390080096668885e-06,-0.0045408678102926,2.822502149145569e-06,-0.0050454086781029,2.7907283676420297e-06,-0.0025227043390515,1.0700749375971184e-06,-0.0020181634712411,1.1364284968928212e-05,-0.0015136226034309,6.321744579665222e-06,-0.0010090817356205,2.1267801281719685e-05,-0.0005045408678103,2.9297902425341435e-06,2,2,2,2,1
1720,29,14:36:03,6,-0.0025227043390515,461872.0,-0.0022704339051463,-0.0025227043390515,4.071995790609427e-07,-0.0030272452068617,1.874504555964127e-05,-0.003531786074672,2.979307824098101e-06,-0.0040363269424824,3.202136941135909e-06,-0.0045408678102926,2.822502149145569e-06,-0.0020181634712411,1.1364284968928212e-05,-0.0015136226034309,6.321744579665222e-06,-0.0010090817356205,2.1267801281719685e-05,-0.0005045408678103,2.9297902425341435e-06,0.0,8.99569398411892e-06,1,1,2,1,1
1721,29,14:36:06,6,-0.0020181634712411,87012.0,-0.0022704339051463,-0.0025227043390515,1.504839303728664e-06,-0.0030272452068617,1.867902211755599e-05,-0.003531786074672,3.144366429311292e-06,-0.0040363269424824,3.2103898713965685e-06,-0.0045408678102926,2.822502149145569e-06,-0.0020181634712411,1.1174467572933042e-05,-0.0015136226034309,6.321744579665222e-06,-0.0010090817356205,2.1408101096150896e-05,-0.0005045408678103,2.9297902425341435e-06,0.0,8.99569398411892e-06,1,1,2,1,1
1722,29,14:36:09,6,-0.0025227043390515,65247.0,-0.0022704339051463,-0.0025227043390515,4.261318010788957e-06,-0.0030272452068617,1.3785034472984874e-05,-0.003531786074672,7.270831559641071e-06,-0.0040363269424824,3.2103898713965685e-06,-0.0045408678102926,2.888525591230846e-06,-0.0020181634712411,1.120747929397568e-05,-0.0015136226034309,6.321744579665222e-06,-0.0010090817356205,2.1655689003970684e-05,-0.0005045408678103,2.9297902425341435e-06,0.0,8.99569398411892e-06,1,2,1,1,1
1723,29,14:36:12,6,-0.0025227043390515,69195.0,-0.0022704339051463,-0.0025227043390515,1.0030116262989987e-05,-0.0030272452068617,1.3974851868980044e-05,-0.003531786074672,7.287337420162391e-06,-0.0040363269424824,3.2103898713965685e-06,-0.0045408678102926,2.888525591230846e-06,-0.0020181634712411,1.120747929397568e-05,-0.0015136226034309,6.321744579665222e-06,-0.0010090817356205,2.1655689003970684e-05,-0.0005045408678103,2.9297902425341435e-06,0.0,8.99569398411892e-06,1,2,1,1,1
1724,29,14:36:15,6,-0.0020181634712411,769429.0,-0.0022704339051463,-0.0025227043390515,9.617469749957013e-06,-0.0030272452068617,1.3974851868980044e-05,-0.003531786074672,8.153895097531644e-06,-0.0040363269424824,2.962801963576782e-06,-0.0045408678102926,2.888525591230846e-06,-0.0020181634712411,1.3056135672363425e-05,-0.0015136226034309,8.79762365786309e-06,-0.0010090817356205,2.1655689003970684e-05,-0.0005045408678103,2.9297902425341435e-06,0.0,8.748106076299132e-06,1,2,1,1,1
1725,29,14:36:18,6,-0.0020181634712411,735510.0,-0.0022704339051463,-0.0025227043390515,7.669778208441355e-06,-0.0030272452068617,1.3207329354738703e-05,-0.003531786074672,8.137389237010325e-06,-0.0040363269424824,8.335459563266155e-07,-0.0045408678102926,2.888525591230846e-06,-0.0020181634712411,1.2511442275159891e-05,-0.0015136226034309,8.79762365786309e-06,-0.0010090817356205,2.1655689003970684e-05,-0.0005045408678103,2.9297902425341435e-06,0.0,8.748106076299132e-06,1,2,1,1,1
1726,29,14:36:21,6,-0.0020181634712411,1521340.0,-0.0022704339051463,-0.0025227043390515,7.759322501769511e-06,-0.0030272452068617,1.3182570563956726e-05,-0.003531786074672,8.219918539616921e-06,-0.0040363269424824,8.335459563266155e-07,-0.0045408678102926,2.888525591230846e-06,-0.0020181634712411,6.495056115139073e-06,-0.0015136226034309,8.79762365786309e-06,-0.0010090817356205,2.1655689003970684e-05,-0.0005045408678103,2.9297902425341435e-06,0.0,8.830635378905729e-06,1,2,1,1,1
1727,29,14:36:24,6,-0.0025227043390515,385674.0,-0.0022704339051463,-0.0025227043390515,7.544746314992363e-06,-0.0030272452068617,1.330636451786662e-05,-0.003531786074672,8.219918539616921e-06,-0.0040363269424824,8.335459563266155e-07,-0.0045408678102926,2.888525591230846e-06,-0.0020181634712411,5.182840203694203e-06,-0.0015136226034309,8.79762365786309e-06,-0.0010090817356205,2.341356314949117e-05,-0.0005045408678103,2.9297902425341435e-06,0.0,8.830635378905729e-06,2,2,1,1,1
1728,29,14:36:27,6,-0.0025227043390515,389649.0,-0.0022704339051463,-0.0025227043390515,7.602516826816979e-06,-0.0030272452068617,1.3355882099430578e-05,-0.003531786074672,8.178653888313623e-06,-0.0040363269424824,8.335459563266155e-07,-0.0045408678102926,2.888525591230846e-06,-0.0020181634712411,8.137389237010325e-06,-0.0015136226034309,8.79762365786309e-06,-0.0010090817356205,2.341356314949117e-05,-0.0005045408678103,2.9297902425341435e-06,0.0,8.830635378905729e-06,2,2,1,1,1
1729,29,14:36:30,6,-0.0025227043390515,346129.0,-0.0022704339051463,-0.0025227043390515,8.609374318617445e-06,-0.0030272452068617,1.3025764889004195e-05,-0.003531786074672,8.195159748834942e-06,-0.0040363269424824,8.335459563266155e-07,-0.0045408678102926,2.888525591230846e-06,-0.0020181634712411,6.907702628172051e-06,-0.0015136226034309,8.79762365786309e-06,-0.0010090817356205,2.341356314949117e-05,-0.0005045408678103,2.9297902425341435e-06,0.0,8.80587658812375e-06,2,2,1,1,1
1730,29,14:36:33,6,-0.0020181634712411,605160.0,-0.0022704339051463,-0.0025227043390515,8.989009110607784e-06,-0.0030272452068617,1.3067029540307494e-05,-0.003531786074672,8.120883376489007e-06,-0.0040363269424824,5.116816761608927e-07,-0.0045408678102926,2.847260939927548e-06,-0.0020181634712411,5.380910529950032e-06,-0.0015136226034309,8.79762365786309e-06,-0.0010090817356205,2.3281516265320617e-05,-0.0005045408678103,2.9297902425341435e-06,0.0,8.80587658812375e-06,2,2,1,1,1
1731,29,14:36:36,6,-0.0020181634712411,389657.0,-0.0022704339051463,-0.0025227043390515,9.360390972337466e-06,-0.0030272452068617,1.310829419161079e-05,-0.003531786074672,1.6373813637148565e-05,-0.0040363269424824,5.116816761608927e-07,-0.0045408678102926,2.847260939927548e-06,-0.0020181634712411,4.085200479026482e-06,-0.0015136226034309,8.921417611772984e-06,-0.0010090817356205,2.3281516265320617e-05,-0.0005045408678103,2.9297902425341435e-06,0.0,8.80587658812375e-06,2,2,1,1,1
1732,29,14:36:39,6,-0.0020181634712411,4975736.0,-0.0017658930373359,-0.0020181634712411,1.7083565639565288e-06,-0.0025227043390515,1.980703262558294e-07,-0.0030272452068617,5.855536549240564e-06,-0.003531786074672,1.6332548985845267e-05,-0.0040363269424824,6.519814905921052e-07,-0.0015136226034309,8.921417611772984e-06,-0.0010090817356205,2.340531021923051e-05,-0.0005045408678103,2.9297902425341435e-06,0.0,8.80587658812375e-06,0.0005045408678101,2.0879913559468683e-06,1,1,1,0,0
1733,29,14:36:42,6,-0.0020181634712411,464830.0,-0.0017658930373359,-0.0020181634712411,5.859580485068287e-07,-0.0025227043390515,3.466230709477015e-07,-0.0030272452068617,4.757896824572843e-06,-0.003531786074672,1.6167490380632076e-05,-0.0040363269424824,6.519814905921052e-07,-0.0015136226034309,8.921417611772984e-06,-0.0010090817356205,2.340531021923051e-05,-0.0005045408678103,2.9297902425341435e-06,0.0,8.80587658812375e-06,0.0005045408678101,2.0879913559468683e-06,2,1,1,0,0
1734,29,14:36:45,6,-0.0020181634712411,71623.0,-0.0017658930373359,-0.0020181634712411,1.013377306706387e-06,-0.0025227043390515,3.631289314690206e-07,-0.0030272452068617,4.749643894312183e-06,-0.003531786074672,1.6167490380632076e-05,-0.0040363269424824,6.519814905921052e-07,-0.0015136226034309,8.937923472294302e-06,-0.0010090817356205,2.601323618159893e-05,-0.0005045408678103,2.673949404453697e-06,0.0,8.80587658812375e-06,0.0005045408678101,2.0879913559468683e-06,2,1,1,0,0
1735,29,14:36:48,6,-0.0015136226034309,102866.0,-0.0017658930373359,-0.0020181634712411,1.038136097488366e-06,-0.0025227043390515,6.602344208527647e-07,-0.0030272452068617,4.667114591705588e-06,-0.003531786074672,1.6398572427930545e-05,-0.0040363269424824,6.519814905921052e-07,-0.0015136226034309,9.441352218194536e-06,-0.0010090817356205,2.5930706878992336e-05,-0.0005045408678103,2.673949404453697e-06,0.0,7.988836492318453e-06,0.0005045408678101,2.104497216468188e-06,2,1,1,1,0
1736,29,14:36:51,6,-0.0015136226034309,1268529.0,-0.0017658930373359,-0.0020181634712411,1.4920472618246415e-06,-0.0025227043390515,1.1141455851890403e-06,-0.0030272452068617,4.675367521966247e-06,-0.003531786074672,1.645634293975516e-05,-0.0040363269424824,6.519814905921052e-07,-0.0015136226034309,4.233753223718354e-06,-0.0010090817356205,2.5930706878992336e-05,-0.0005045408678103,2.673949404453697e-06,0.0,7.988836492318453e-06,0.0005045408678101,2.104497216468188e-06,2,0,1,1,0
1737,29,14:36:54,6,-0.0020181634712411,565786.0,-0.0017658930373359,-0.0020181634712411,8.07961872518571e-08,-0.0025227043390515,1.4360098653547632e-06,-0.0030272452068617,4.658861661444928e-06,-0.003531786074672,1.6827724801484842e-05,-0.0040363269424824,6.519814905921052e-07,-0.0015136226034309,5.24061071551882e-06,-0.0010090817356205,2.5930706878992336e-05,-0.0005045408678103,2.673949404453697e-06,0.0,7.988836492318453e-06,0.0005045408678101,2.104497216468188e-06,1,0,1,1,0
1738,29,14:36:57,6,-0.0015136226034309,1333846.0,-0.0012613521695256,-0.0015136226034309,1.7908858665631245e-06,-0.0020181634712411,2.7061358324702693e-07,-0.0025227043390515,3.391954337131079e-06,-0.0030272452068617,4.658861661444928e-06,-0.003531786074672,1.68359777317455e-05,-0.0010090817356205,2.5930706878992336e-05,-0.0005045408678103,2.673949404453697e-06,0.0,7.988836492318453e-06,0.0005045408678101,2.1457618677714854e-06,0.0010090817356205,1.3534805627481675e-06,0,0,1,0,0
1739,29,14:37:00,6,-0.0015136226034309,23748.0,-0.0012613521695256,-0.0015136226034309,2.25304996116006e-06,-0.0020181634712411,2.7061358324702693e-07,-0.0025227043390515,3.631289314690206e-06,-0.0030272452068617,4.658861661444928e-06,-0.003531786074672,1.68359777317455e-05,-0.0010090817356205,2.5930706878992336e-05,-0.0005045408678103,2.673949404453697e-06,0.0,7.988836492318453e-06,0.0005045408678101,2.1457618677714854e-06,0.0010090817356205,1.3534805627481675e-06,0,0,1,0,0
1740,29,14:37:03,6,-0.0015136226034309,752029.0,-0.0012613521695256,-0.0015136226034309,2.905031451752165e-06,-0.0020181634712411,5.677190726307711e-07,-0.0025227043390515,3.276413313481845e-06,-0.0030272452068617,4.683620452226906e-06,-0.003531786074672,1.6918507034352095e-05,-0.0010090817356205,2.619480064733344e-05,-0.0005045408678103,2.673949404453697e-06,0.0,7.988836492318453e-06,0.0005045408678101,2.1457618677714854e-06,0.0010090817356205,1.3534805627481675e-06,0,0,1,0,0
1741,29,14:37:06,6,-0.0010090817356205,1023641.0,-0.0012613521695256,-0.0015136226034309,3.0205724754013985e-06,-0.0020181634712411,1.8634291235543215e-06,-0.0025227043390515,3.325930895045802e-06,-0.0030272452068617,3.899592077464248e-06,-0.003531786074672,1.6918507034352095e-05,-0.0010090817356205,2.2332429285344765e-05,-0.0005045408678103,2.673949404453697e-06,0.0,7.988836492318453e-06,0.0005045408678101,2.1457618677714854e-06,0.0010090817356205,1.3534805627481675e-06,0,0,1,0,0
1742,29,14:37:09,6,-0.0015136226034309,886617.0,-0.0017658930373359,-0.0020181634712411,2.1605346129380658e-06,-0.0025227043390515,3.424966058173717e-06,-0.0030272452068617,3.899592077464248e-06,-0.003531786074672,1.7100071500086605e-05,-0.0040363269424824,6.272226998101265e-07,-0.0015136226034309,9.35882291558794e-06,-0.0010090817356205,2.212610602882828e-05,-0.0005045408678103,2.673949404453697e-06,0.0,7.931065980493835e-06,0.0005045408678101,2.1457618677714854e-06,0,1,1,1,0
1743,29,14:37:12,6,-0.0015136226034309,971563.0,-0.0017658930373359,-0.0020181634712411,3.167392104738532e-06,-0.0025227043390515,2.467626147937208e-06,-0.0030272452068617,3.899592077464248e-06,-0.003531786074672,1.7100071500086605e-05,-0.0040363269424824,6.272226998101265e-07,-0.0015136226034309,6.651861790091604e-06,-0.0010090817356205,1.9600709369066453e-05,-0.0005045408678103,2.261302891420719e-06,0.0,7.931065980493835e-06,0.0005045408678101,2.1457618677714854e-06,0,1,1,0,0
1744,29,14:37:15,6,-0.0015136226034309,621366.0,-0.0017658930373359,-0.0020181634712411,2.845527824572809e-06,-0.0025227043390515,2.508890799240506e-06,-0.0030272452068617,3.883086216942929e-06,-0.003531786074672,1.7100071500086605e-05,-0.0040363269424824,6.272226998101265e-07,-0.0015136226034309,6.041144950802797e-06,-0.0010090817356205,1.9600709369066453e-05,-0.0005045408678103,2.261302891420719e-06,0.0,7.931065980493835e-06,0.0005045408678101,2.1457618677714854e-06,0,1,1,0,0
1745,29,14:37:18,6,-0.0015136226034309,140486.0,-0.0017658930373359,-0.0020181634712411,2.878539545615448e-06,-0.0025227043390515,2.508890799240506e-06,-0.0030272452068617,3.883086216942929e-06,-0.003531786074672,1.7100071500086605e-05,-0.0040363269424824,6.272226998101265e-07,-0.0015136226034309,5.686268949594436e-06,-0.0010090817356205,2.207658844726432e-05,-0.0005045408678103,2.261302891420719e-06,0.0,8.005342352839773e-06,0.0005045408678101,2.1457618677714854e-06,0,1,1,0,0
1746,29,14:37:21,6,-0.0020181634712411,2039430.0,-0.0022704339051463,-0.0025227043390515,2.508890799240506e-06,-0.0030272452068617,3.949109659028206e-06,-0.003531786074672,1.7100071500086605e-05,-0.0040363269424824,6.272226998101265e-07,-0.0045408678102926,2.170520658553464e-06,-0.0020181634712411,8.262916306274958e-06,-0.0015136226034309,1.832150517866422e-06,-0.0010090817356205,2.207658844726432e-05,-0.0005045408678103,2.261302891420719e-06,0.0,8.005342352839773e-06,1,2,1,1,0
1747,29,14:37:24,6,-0.0020181634712411,603252.0,-0.0022704339051463,-0.0025227043390515,2.2695558216813787e-06,-0.0030272452068617,3.949109659028206e-06,-0.003531786074672,1.7091818569825946e-05,-0.0040363269424824,6.272226998101265e-07,-0.0045408678102926,2.170520658553464e-06,-0.0020181634712411,8.073098910279788e-06,-0.0015136226034309,1.8873626213102345e-06,-0.0010090817356205,2.207658844726432e-05,-0.0005045408678103,2.261302891420719e-06,0.0,8.005342352839773e-06,2,2,1,1,0
1748,29,14:37:27,6,-0.0020181634712411,373765.0,-0.0022704339051463,-0.0025227043390515,1.6753448429138904e-06,-0.0030272452068617,4.287479799715248e-06,-0.003531786074672,1.7091818569825946e-05,-0.0040363269424824,6.272226998101265e-07,-0.0045408678102926,2.112750146728847e-06,-0.0020181634712411,7.313829326299108e-06,-0.0015136226034309,1.986397784438149e-06,-0.0010090817356205,2.207658844726432e-05,-0.0005045408678103,2.261302891420719e-06,0.0,8.005342352839773e-06,2,2,1,1,0
1749,29,14:37:30,6,-0.0020181634712411,601311.0,-0.0022704339051463,-0.0025227043390515,1.7661270757811456e-06,-0.0030272452068617,4.287479799715248e-06,-0.003531786074672,1.7091818569825946e-05,-0.0040363269424824,6.272226998101265e-07,-0.0045408678102926,2.112750146728847e-06,-0.0020181634712411,5.638484483385217e-06,-0.0015136226034309,1.986397784438149e-06,-0.0010090817356205,2.207658844726432e-05,-0.0005045408678103,2.261302891420719e-06,0.0,8.005342352839773e-06,2,2,1,1,1
1750,29,14:37:33,6,-0.0025227043390515,195736.0,-0.0022704339051463,-0.0025227043390515,5.265369506300799e-06,-0.0030272452068617,4.287479799715248e-06,-0.003531786074672,1.7091818569825946e-05,-0.0040363269424824,6.272226998101265e-07,-0.0045408678102926,2.112750146728847e-06,-0.0020181634712411,5.531196389996643e-06,-0.0015136226034309,1.986397784438149e-06,-0.0010090817356205,2.207658844726432e-05,-0.0005045408678103,2.261302891420719e-06,0.0,8.005342352839773e-06,2,2,1,1,1
1751,29,14:37:36,6,-0.0020181634712411,278868.0,-0.0022704339051463,-0.0025227043390515,5.595486716727181e-06,-0.0030272452068617,4.336997381279205e-06,-0.003531786074672,1.7091818569825946e-05,-0.0040363269424824,6.272226998101265e-07,-0.0045408678102926,2.112750146728847e-06,-0.0020181634712411,4.994755923053772e-06,-0.0015136226034309,1.986397784438149e-06,-0.0010090817356205,2.2159117749870915e-05,-0.0005045408678103,2.4428673571552294e-06,0.0,8.04660700414307e-06,2,2,1,1,0
1752,29,14:37:39,6,-0.0020181634712411,1423800.0,-0.0017658930373359,-0.0020181634712411,1.409517959218046e-06,-0.0025227043390515,7.1501737192302284e-06,-0.0030272452068617,4.336997381279205e-06,-0.003531786074672,1.7091818569825946e-05,-0.0040363269424824,6.272226998101265e-07,-0.0015136226034309,1.986397784438149e-06,-0.0010090817356205,2.2150864819610252e-05,-0.0005045408678103,2.4428673571552294e-06,0.0,8.04660700414307e-06,0.0005045408678101,2.104497216468188e-06,1,1,0,0,0
1753,29,14:37:42,6,-0.0020181634712411,136502.0,-0.0017658930373359,-0.0020181634712411,6.625369883954888e-06,-0.0025227043390515,3.0402144494217685e-06,-0.0030272452068617,4.287479799715248e-06,-0.003531786074672,1.7108324430347265e-05,-0.0040363269424824,6.684873511134243e-07,-0.0015136226034309,1.9038684818315536e-06,-0.0010090817356205,2.2150864819610252e-05,-0.0005045408678103,2.4428673571552294e-06,0.0,8.04660700414307e-06,0.0005045408678101,2.104497216468188e-06,2,1,0,0,0
1754,29,14:37:45,6,-0.0015136226034309,49472.0,-0.0017658930373359,-0.0020181634712411,1.0941652410279837e-05,-0.0025227043390515,3.2052730546349595e-06,-0.0030272452068617,4.295732729975907e-06,-0.003531786074672,1.7182600802693202e-05,-0.0040363269424824,6.684873511134243e-07,-0.0015136226034309,2.91072597363202e-06,-0.0010090817356205,2.2150864819610252e-05,-0.0005045408678103,2.4428673571552294e-06,0.0,8.04660700414307e-06,0.0005045408678101,2.104497216468188e-06,1,1,0,0,0
1755,29,14:37:48,6,-0.0015136226034309,130561.0,-0.0017658930373359,-0.0020181634712411,1.0809605526109285e-05,-0.0025227043390515,3.254790636198917e-06,-0.0030272452068617,4.535067707535034e-06,-0.003531786074672,1.7182600802693202e-05,-0.0040363269424824,7.180049326773816e-07,-0.0015136226034309,3.0510257880632323e-06,-0.0010090817356205,2.226640584325949e-05,-0.0005045408678103,2.4428673571552294e-06,0.0,8.021848213361092e-06,0.0005045408678101,2.104497216468188e-06,1,1,1,0,0
1756,29,14:37:51,6,-0.0015136226034309,112791.0,-0.0017658930373359,-0.0020181634712411,1.0388706082815649e-05,-0.0025227043390515,3.254790636198917e-06,-0.0030272452068617,4.452538404928439e-06,-0.003531786074672,1.7347659407906393e-05,-0.0040363269424824,7.180049326773816e-07,-0.0015136226034309,1.7140510858363838e-06,-0.0010090817356205,2.226640584325949e-05,-0.0005045408678103,2.4428673571552294e-06,0.0,8.063112864664389e-06,0.0005045408678101,2.104497216468188e-06,1,1,1,0,0
1757,29,14:37:54,6,-0.0015136226034309,565962.0,-0.0017658930373359,-0.0020181634712411,1.01328652447352e-05,-0.0025227043390515,3.263043566459577e-06,-0.0030272452068617,4.452538404928439e-06,-0.003531786074672,1.7091818569825946e-05,-0.0040363269424824,7.180049326773816e-07,-0.0015136226034309,1.1280930373295552e-06,-0.0010090817356205,2.248098203003664e-05,-0.0005045408678103,2.4428673571552294e-06,0.0,8.591300401346601e-06,0.0005045408678101,2.1457618677714854e-06,1,1,1,0,0
1758,29,14:37:57,6,-0.0015136226034309,411039.0,-0.0012613521695256,-0.0015136226034309,4.3823059684102266e-08,-0.0020181634712411,1.0091600593431905e-05,-0.0025227043390515,3.263043566459577e-06,-0.0030272452068617,4.411273753625141e-06,-0.003531786074672,1.7091818569825946e-05,-0.0010090817356205,2.230767049456279e-05,-0.0005045408678103,2.4428673571552294e-06,0.0,8.591300401346601e-06,0.0005045408678101,2.1457618677714854e-06,0.0010090817356205,1.3534805627481675e-06,0,0,0,0,0
1759,29,14:38:00,6,-0.0015136226034309,334454.0,-0.0017658930373359,-0.0020181634712411,9.912594536078197e-06,-0.0025227043390515,3.263043566459577e-06,-0.0030272452068617,4.411273753625141e-06,-0.003531786074672,1.7834582293285308e-05,-0.0040363269424824,7.180049326773816e-07,-0.0015136226034309,1.1281755666321617e-05,-0.0010090817356205,2.2200382401174214e-05,-0.0005045408678103,2.4428673571552294e-06,0.0,8.591300401346601e-06,0.0005045408678101,2.1457618677714854e-06,1,0,1,0,0
1760,29,14:38:03,6,-0.0015136226034309,350247.0,-0.0017658930373359,-0.0020181634712411,6.016386160020819e-06,-0.0025227043390515,3.271296496720236e-06,-0.0030272452068617,4.411273753625141e-06,-0.003531786074672,1.792536452615256e-05,-0.0040363269424824,7.180049326773816e-07,-0.0015136226034309,1.0225380592957194e-05,-0.0010090817356205,2.467626147937208e-05,-0.0005045408678103,2.525396659761825e-06,0.0,8.591300401346601e-06,0.0005045408678101,2.1457618677714854e-06,1,0,0,0,0
1761,29,14:38:06,6,-0.0020181634712411,860486.0,-0.0017658930373359,-0.0020181634712411,3.0040666148800795e-06,-0.0025227043390515,3.271296496720236e-06,-0.0030272452068617,4.4938030562317365e-06,-0.003531786074672,1.79583762471952e-05,-0.0040363269424824,7.180049326773816e-07,-0.0015136226034309,9.771469428620918e-06,-0.0010090817356205,2.492384938719187e-05,-0.0005045408678103,2.525396659761825e-06,0.0,8.591300401346601e-06,0.0005045408678101,2.0632325651648896e-06,1,0,0,0,0
1762,29,14:38:09,6,-0.0015136226034309,306743.0,-0.0017658930373359,-0.0020181634712411,3.408460197652398e-06,-0.0025227043390515,3.263043566459577e-06,-0.0030272452068617,4.535067707535034e-06,-0.003531786074672,1.8073917270844436e-05,-0.0040363269424824,7.180049326773816e-07,-0.0015136226034309,8.467506447436707e-06,-0.0010090817356205,2.490734352667055e-05,-0.0005045408678103,2.525396659761825e-06,0.0,8.591300401346601e-06,0.0005045408678101,2.0632325651648896e-06,1,0,1,0,0
1763,29,14:38:12,6,-0.0020181634712411,373975.0,-0.0017658930373359,-0.0020181634712411,5.125069691869586e-06,-0.0025227043390515,3.518884404540023e-06,-0.0030272452068617,4.543320637795694e-06,-0.003531786074672,1.8073917270844436e-05,-0.0040363269424824,7.180049326773816e-07,-0.0015136226034309,7.378119653029646e-06,-0.0010090817356205,2.490734352667055e-05,-0.0005045408678103,2.525396659761825e-06,0.0,8.60780626186792e-06,0.0005045408678101,2.0632325651648896e-06,0,0,0,0,1
1764,29,14:38:15,6,-0.0015136226034309,615287.0,-0.0017658930373359,-0.0020181634712411,3.623036384429546e-06,-0.0025227043390515,3.57665491636464e-06,-0.0030272452068617,4.5515735680563535e-06,-0.003531786074672,1.797488210771652e-05,-0.0040363269424824,7.180049326773816e-07,-0.0015136226034309,6.35475630070786e-06,-0.0010090817356205,2.490734352667055e-05,-0.0005045408678103,2.525396659761825e-06,0.0,8.60780626186792e-06,0.0005045408678101,2.0632325651648896e-06,0,0,0,0,1
1765,29,14:38:18,6,-0.0020181634712411,74126.0,-0.0017658930373359,-0.0020181634712411,3.610987106248984e-06,-0.0025227043390515,3.5849078466252997e-06,-0.0030272452068617,5.17879626786648e-06,-0.003531786074672,1.797488210771652e-05,-0.0040363269424824,7.180049326773816e-07,-0.0015136226034309,6.156685974452031e-06,-0.0010090817356205,2.506414920162308e-05,-0.0005045408678103,2.525396659761825e-06,0.0,8.772864867081111e-06,0.0005045408678101,2.0632325651648896e-06,0,0,0,0,1
1766,29,14:38:21,6,-0.0015136226034309,170182.0,-0.0017658930373359,-0.0020181634712411,5.9135546489730005e-06,-0.0025227043390515,3.6179195676679376e-06,-0.0030272452068617,5.17879626786648e-06,-0.003531786074672,1.797488210771652e-05,-0.0040363269424824,6.932461418954029e-07,-0.0015136226034309,5.587233786466521e-06,-0.0010090817356205,2.506414920162308e-05,-0.0005045408678103,2.525396659761825e-06,0.0,8.772864867081111e-06,0.0005045408678101,2.0632325651648896e-06,0,0,0,0,1
1767,29,14:38:24,6,-0.0015136226034309,221580.0,-0.0017658930373359,-0.0020181634712411,5.492655205679363e-06,-0.0025227043390515,3.6179195676679376e-06,-0.0030272452068617,4.774402685094161e-06,-0.003531786074672,1.797488210771652e-05,-0.0040363269424824,6.932461418954029e-07,-0.0015136226034309,6.8829438373900725e-06,-0.0010090817356205,2.5146678504229675e-05,-0.0005045408678103,2.525396659761825e-06,0.0,8.772864867081111e-06,0.0005045408678101,2.0632325651648896e-06,0,0,1,0,1
1768,29,14:38:27,6,-0.0025227043390515,1448958.0,-0.0022704339051463,-0.0025227043390515,3.5684019861039803e-06,-0.0030272452068617,4.774402685094161e-06,-0.003531786074672,1.797488210771652e-05,-0.0040363269424824,8.583047471085941e-07,-0.0045408678102926,1.832150517866422e-06,-0.0020181634712411,6.581381765665572e-06,-0.0015136226034309,6.8829438373900725e-06,-0.0010090817356205,2.559233673830529e-05,-0.0005045408678103,2.525396659761825e-06,0.0,8.772864867081111e-06,0,1,1,0,1
1769,29,14:38:30,6,-0.0020181634712411,375421.0,-0.0022704339051463,-0.0025227043390515,3.5699700428535056e-06,-0.0030272452068617,4.774402685094161e-06,-0.003531786074672,1.797488210771652e-05,-0.0040363269424824,8.583047471085941e-07,-0.0045408678102926,1.832150517866422e-06,-0.0020181634712411,6.2760233460211685e-06,-0.0015136226034309,6.866437976868753e-06,-0.0010090817356205,2.559233673830529e-05,-0.0005045408678103,2.525396659761825e-06,0.0,8.772864867081111e-06,0,1,1,1,1
1770,29,14:38:33,6,-0.0020181634712411,1518715.0,-0.0022704339051463,-0.0025227043390515,4.090977530208943e-07,-0.0030272452068617,4.889943708743395e-06,-0.003531786074672,1.799138796823784e-05,-0.0040363269424824,7.262578629380412e-07,-0.0045408678102926,1.832150517866422e-06,-0.0020181634712411,3.362738964008344e-06,-0.0015136226034309,8.137389237010325e-06,-0.0010090817356205,2.559233673830529e-05,-0.0005045408678103,2.525396659761825e-06,0.0,8.855394169687706e-06,1,0,1,1,1
1771,29,14:38:36,6,-0.0020181634712411,228513.0,-0.0025227043390513,-0.0030272452068617,4.931208360046693e-06,-0.003531786074672,1.799138796823784e-05,-0.0040363269424824,8.087871655446368e-07,-0.0045408678102926,1.832150517866422e-06,-0.0050454086781029,2.675187343992796e-06,-0.0020181634712411,3.3544035044450777e-06,-0.0015136226034309,8.120883376489007e-06,-0.0010090817356205,2.5410772272570785e-05,-0.0005045408678103,2.525396659761825e-06,0.0,8.855394169687706e-06,1,1,1,1,1
1772,29,14:38:39,6,-0.0025227043390515,179991.0,-0.0027749747729566,-0.0030272452068617,5.030243523174608e-06,-0.003531786074672,1.815644657345103e-05,-0.0040363269424824,8.087871655446368e-07,-0.0045408678102926,1.832150517866422e-06,-0.0050454086781029,2.675187343992796e-06,-0.0025227043390515,1.6340801916105926e-06,-0.0020181634712411,3.3378976439237588e-06,-0.0015136226034309,8.434494726394069e-06,-0.0010090817356205,2.5410772272570785e-05,-0.0005045408678103,2.525396659761825e-06,2,2,1,1,1
1773,29,14:38:42,6,-0.0025227043390515,245138.0,-0.0027749747729566,-0.0030272452068617,5.005484732392629e-06,-0.003531786074672,1.831325224840356e-05,-0.0040363269424824,8.087871655446368e-07,-0.0045408678102926,1.832150517866422e-06,-0.0050454086781029,2.675187343992796e-06,-0.0025227043390515,8.748106076299132e-07,-0.0020181634712411,3.329644713663099e-06,-0.0015136226034309,8.434494726394069e-06,-0.0010090817356205,2.5410772272570785e-05,-0.0005045408678103,2.525396659761825e-06,2,1,1,1,1
1774,29,14:38:45,6,-0.0025227043390515,173975.0,-0.0027749747729566,-0.0030272452068617,8.512980093172941e-06,-0.003531786074672,1.835451689970686e-05,-0.0040363269424824,8.087871655446368e-07,-0.0045408678102926,1.832150517866422e-06,-0.0050454086781029,2.675187343992796e-06,-0.0025227043390515,1.6505860521319117e-07,-0.0020181634712411,3.3048859228811204e-06,-0.0015136226034309,8.071365794925049e-06,-0.0010090817356205,2.550155450543804e-05,-0.0005045408678103,2.525396659761825e-06,2,1,1,1,1
1775,29,14:38:48,6,-0.0030272452068617,790824.0,-0.0025227043390513,-0.0030272452068617,8.133345301182602e-06,-0.003531786074672,1.835451689970686e-05,-0.0040363269424824,8.087871655446368e-07,-0.0045408678102926,1.832150517866422e-06,-0.0050454086781029,2.675187343992796e-06,-0.0020181634712411,2.661157362549675e-06,-0.0015136226034309,8.071365794925049e-06,-0.0010090817356205,2.5584083808044632e-05,-0.0005045408678103,2.525396659761825e-06,0.0,8.81412951838441e-06,1,1,1,1,1
1776,29,14:38:51,6,-0.0025227043390515,189813.0,-0.0022704339051463,-0.0025227043390515,2.0632325651648897e-07,-0.0030272452068617,8.496474232651622e-06,-0.003531786074672,1.836276982996752e-05,-0.0040363269424824,8.087871655446368e-07,-0.0045408678102926,1.832150517866422e-06,-0.0020181634712411,2.487845827075824e-06,-0.0015136226034309,8.071365794925049e-06,-0.0010090817356205,2.562534845934793e-05,-0.0005045408678103,2.525396659761825e-06,0.0,8.81412951838441e-06,0,0,1,0,1
1777,29,14:38:54,6,-0.0020181634712411,148322.0,-0.0022704339051463,-0.0025227043390515,5.777051182461691e-07,-0.0030272452068617,8.455209581348325e-06,-0.003531786074672,1.836276982996752e-05,-0.0040363269424824,8.087871655446368e-07,-0.0045408678102926,2.2447970308994e-06,-0.0020181634712411,2.3640518731659305e-06,-0.0015136226034309,8.063112864664389e-06,-0.0010090817356205,2.5584083808044632e-05,-0.0005045408678103,2.525396659761825e-06,0.0,8.81412951838441e-06,1,1,1,1,1
1778,29,14:38:57,6,-0.0025227043390515,148275.0,-0.0022704339051463,-0.0025227043390515,9.90351631279147e-08,-0.0030272452068617,8.471715441869645e-06,-0.003531786074672,1.844529913257412e-05,-0.0040363269424824,8.087871655446368e-07,-0.0045408678102926,2.2447970308994e-06,-0.0020181634712411,7.497374495296176e-06,-0.0015136226034309,8.145642167270984e-06,-0.0010090817356205,2.5584083808044632e-05,-0.0005045408678103,2.525396659761825e-06,0.0,8.81412951838441e-06,0,1,1,1,1
1779,29,14:39:00,6,-0.0025227043390515,83616.0,-0.0022704339051463,-0.0025227043390515,1.0563750733644237e-06,-0.0030272452068617,8.444563301312073e-06,-0.003531786074672,1.844529913257412e-05,-0.0040363269424824,8.087871655446368e-07,-0.0045408678102926,2.2447970308994e-06,-0.0020181634712411,7.406592262428921e-06,-0.0015136226034309,8.145642167270984e-06,-0.0010090817356205,2.5584083808044632e-05,-0.0005045408678103,2.4428673571552294e-06,0.0,8.690335564474516e-06,0,0,1,1,1
1780,29,14:39:03,6,-0.0025227043390515,1296913.0,-0.0027749747729566,-0.0030272452068617,4.945320870792421e-06,-0.003531786074672,1.794187038667388e-05,-0.0040363269424824,8.087871655446368e-07,-0.0045408678102926,2.2447970308994e-06,-0.0050454086781029,2.675187343992796e-06,-0.0025227043390515,3.713818617296802e-07,-0.0020181634712411,8.190620637191579e-06,-0.0015136226034309,8.186906818574283e-06,-0.0010090817356205,2.5749142413257823e-05,-0.0005045408678103,2.4428673571552294e-06,1,1,1,1,1
1781,29,14:39:06,6,-0.0025227043390515,235252.0,-0.0027749747729566,-0.0030272452068617,4.689480032711975e-06,-0.003531786074672,1.836276982996752e-05,-0.0040363269424824,9.3258111945453e-07,-0.0045408678102926,2.2447970308994e-06,-0.0050454086781029,2.675187343992796e-06,-0.0025227043390515,2.3108204729846763e-06,-0.0020181634712411,8.141103055627622e-06,-0.0015136226034309,8.186906818574283e-06,-0.0010090817356205,2.5749142413257823e-05,-0.0005045408678103,2.4428673571552294e-06,1,1,1,1,1
1782,29,14:39:09,6,-0.0025227043390515,1168626.0,-0.0022704339051463,-0.0025227043390515,3.7963479199033973e-07,-0.0030272452068617,4.6317095208873575e-06,-0.003531786074672,1.836276982996752e-05,-0.0040363269424824,9.3258111945453e-07,-0.0045408678102926,2.261302891420719e-06,-0.0020181634712411,6.523528724538349e-06,-0.0015136226034309,8.186906818574283e-06,-0.0010090817356205,2.5749142413257823e-05,-0.0005045408678103,2.525396659761825e-06,0.0,8.690335564474516e-06,1,0,0,1,1
1783,29,14:39:12,6,-0.0030272452068617,397434.0,-0.0027749747729566,-0.0030272452068617,4.301592310460976e-06,-0.003531786074672,1.8437046202313456e-05,-0.0040363269424824,9.3258111945453e-07,-0.0045408678102926,2.261302891420719e-06,-0.0050454086781029,2.675187343992796e-06,-0.0025227043390515,8.277689051441538e-06,-0.0020181634712411,5.838535512903605e-06,-0.0015136226034309,8.186906818574283e-06,-0.0010090817356205,2.578215413430046e-05,-0.0005045408678103,2.525396659761825e-06,2,1,1,1,1
1784,29,14:39:15,6,-0.0025227043390515,1905827.0,-0.0027749747729566,-0.0030272452068617,4.177798356551082e-06,-0.003531786074672,1.8437046202313456e-05,-0.0040363269424824,9.3258111945453e-07,-0.0045408678102926,2.4263614966339104e-06,-0.0050454086781029,2.675187343992796e-06,-0.0025227043390515,3.301172104263824e-07,-0.0020181634712411,5.838535512903605e-06,-0.0015136226034309,8.186906818574283e-06,-0.0010090817356205,2.578215413430046e-05,-0.0005045408678103,2.525396659761825e-06,1,1,1,1,1
1785,29,14:39:18,6,-0.0025227043390515,515850.0,-0.0027749747729566,-0.0030272452068617,3.608346168565573e-06,-0.003531786074672,1.854433429570203e-05,-0.0040363269424824,9.3258111945453e-07,-0.0045408678102926,2.4263614966339104e-06,-0.0050454086781029,2.683440274253456e-06,-0.0025227043390515,1.6505860521319117e-07,-0.0020181634712411,5.822029652382286e-06,-0.0015136226034309,8.186906818574283e-06,-0.0010090817356205,2.578215413430046e-05,-0.0005045408678103,2.525396659761825e-06,1,1,1,1,2
1786,29,14:39:21,6,-0.0025227043390515,511836.0,-0.0027749747729566,-0.0030272452068617,2.0733011400828945e-06,-0.003531786074672,1.861861066804797e-05,-0.0040363269424824,1.015110422061126e-06,-0.0045408678102926,2.4263614966339104e-06,-0.0050454086781029,2.683440274253456e-06,-0.0025227043390515,3.3011721042638234e-08,-0.0020181634712411,5.780765001078988e-06,-0.0015136226034309,8.269436121180878e-06,-0.0010090817356205,2.582341878560376e-05,-0.0005045408678103,2.525396659761825e-06,1,1,1,1,2
1787,29,14:39:24,6,-0.0020181634712411,69219.0,-0.0022704339051463,-0.0025227043390515,1.980703262558294e-07,-0.0030272452068617,2.246612675556745e-06,-0.003531786074672,1.8593851877265987e-05,-0.0040363269424824,1.015110422061126e-06,-0.0045408678102926,2.4263614966339104e-06,-0.0020181634712411,5.582694674823158e-06,-0.0015136226034309,7.3616137925083265e-06,-0.0010090817356205,2.847260939927548e-05,-0.0005045408678103,2.525396659761825e-06,0.0,8.706841424995835e-06,0,0,0,1,1
1788,29,14:39:27,6,-0.0020181634712411,517991.0,-0.0022704339051463,-0.0025227043390515,2.475879078197868e-08,-0.0030272452068617,2.106312861125533e-06,-0.003531786074672,1.8585598947005327e-05,-0.0040363269424824,1.015110422061126e-06,-0.0045408678102926,2.4263614966339104e-06,-0.0020181634712411,5.442394860391946e-06,-0.0015136226034309,7.3616137925083265e-06,-0.0010090817356205,2.8307550794062288e-05,-0.0005045408678103,2.525396659761825e-06,0.0,8.706841424995835e-06,0,0,0,1,1
1789,29,14:39:30,6,-0.0030272452068617,92902.0,-0.0027749747729566,-0.0030272452068617,1.941254255912341e-06,-0.003531786074672,1.8585598947005327e-05,-0.0040363269424824,1.015110422061126e-06,-0.0045408678102926,2.4263614966339104e-06,-0.0050454086781029,2.683440274253456e-06,-0.0025227043390515,1.196674887795636e-06,-0.0020181634712411,5.6074534656051374e-06,-0.0015136226034309,7.435890164854263e-06,-0.0010090817356205,2.8307550794062288e-05,-0.0005045408678103,2.607925962368421e-06,1,1,1,1,2
1790,29,14:39:33,6,-0.0025227043390515,225306.0,-0.0027749747729566,-0.0030272452068617,1.6028841152252996e-06,-0.003531786074672,1.9047763041602263e-05,-0.0040363269424824,1.015110422061126e-06,-0.0045408678102926,2.4263614966339104e-06,-0.0050454086781029,2.683440274253456e-06,-0.0025227043390515,8.995693984118919e-07,-0.0020181634712411,5.73124741951503e-06,-0.0015136226034309,7.68347807267405e-06,-0.0010090817356205,2.8307550794062288e-05,-0.0005045408678103,3.0205724754013985e-06,1,1,1,1,2
1791,29,14:39:36,6,-0.0030272452068617,55355.0,-0.0027749747729566,-0.0030272452068617,1.8504720230450865e-06,-0.003531786074672,1.884143978508577e-05,-0.0040363269424824,1.015110422061126e-06,-0.0045408678102926,2.4263614966339104e-06,-0.0050454086781029,2.683440274253456e-06,-0.0025227043390515,6.197950625755329e-06,-0.0020181634712411,5.73124741951503e-06,-0.0015136226034309,7.68347807267405e-06,-0.0010090817356205,2.8324056654583607e-05,-0.0005045408678103,3.0205724754013985e-06,1,1,1,1,2
1792,29,14:39:39,6,-0.0025227043390515,654338.0,-0.0027749747729566,-0.0030272452068617,1.7349309993958526e-06,-0.003531786074672,1.885794564560709e-05,-0.0040363269424824,1.015110422061126e-06,-0.0045408678102926,2.4263614966339104e-06,-0.0050454086781029,2.683440274253456e-06,-0.0025227043390515,4.151223921111758e-06,-0.0020181634712411,6.275940816718562e-06,-0.0015136226034309,7.68347807267405e-06,-0.0010090817356205,2.848086232953614e-05,-0.0005045408678103,3.0205724754013985e-06,1,0,1,1,2
1793,29,14:39:42,6,-0.0025227043390515,247111.0,-0.0027749747729566,-0.0030272452068617,2.5272123044191702e-06,-0.003531786074672,1.885794564560709e-05,-0.0040363269424824,1.015110422061126e-06,-0.0045408678102926,2.4263614966339104e-06,-0.0050454086781029,2.683440274253456e-06,-0.0025227043390515,3.581771733126249e-06,-0.0020181634712411,6.275940816718562e-06,-0.0015136226034309,7.68347807267405e-06,-0.0010090817356205,2.84478506084935e-05,-0.0005045408678103,3.0205724754013985e-06,1,0,1,1,1
1794,29,14:39:45,6,-0.0025227043390515,272721.0,-0.0027749747729566,-0.0030272452068617,2.1310716519075115e-06,-0.003531786074672,1.9097280623166215e-05,-0.0040363269424824,1.015110422061126e-06,-0.0045408678102926,2.4263614966339104e-06,-0.0050454086781029,2.683440274253456e-06,-0.0025227043390515,3.325930895045802e-06,-0.0020181634712411,6.275940816718562e-06,-0.0015136226034309,7.68347807267405e-06,-0.0010090817356205,2.847260939927548e-05,-0.0005045408678103,3.0205724754013985e-06,1,0,1,1,2
1795,29,14:39:48,6,-0.0025227043390515,974594.0,-0.0027749747729566,-0.0030272452068617,1.330372358018321e-06,-0.003531786074672,1.9097280623166215e-05,-0.0040363269424824,1.015110422061126e-06,-0.0045408678102926,2.4263614966339104e-06,-0.0050454086781029,2.683440274253456e-06,-0.0025227043390515,4.374053038149566e-07,-0.0020181634712411,6.275940816718562e-06,-0.0015136226034309,7.68347807267405e-06,-0.0010090817356205,2.599673032107761e-05,-0.0005045408678103,3.0205724754013985e-06,1,0,1,1,2
1796,29,14:39:51,6,-0.0030272452068617,245106.0,-0.0027749747729566,-0.0030272452068617,2.188677105126915e-06,-0.003531786074672,1.9204568716554798e-05,-0.0040363269424824,1.0398692128431043e-06,-0.0045408678102926,2.4263614966339104e-06,-0.0050454086781029,2.683440274253456e-06,-0.0025227043390515,3.878877222509993e-07,-0.0020181634712411,6.333711328543179e-06,-0.0015136226034309,7.708236863456029e-06,-0.0010090817356205,2.603799497238091e-05,-0.0005045408678103,3.0205724754013985e-06,1,0,1,1,2
1797,29,14:39:54,6,-0.0025227043390515,83032.0,-0.0027749747729566,-0.0030272452068617,2.543553106335276e-06,-0.003531786074672,1.9097280623166215e-05,-0.0040363269424824,1.0398692128431043e-06,-0.0045408678102926,2.4263614966339104e-06,-0.0050454086781029,2.683440274253456e-06,-0.0025227043390515,6.775655744001498e-06,-0.0020181634712411,6.333711328543179e-06,-0.0015136226034309,7.87329546866922e-06,-0.0010090817356205,2.603799497238091e-05,-0.0005045408678103,3.0205724754013985e-06,0,0,1,1,2
1798,29,14:39:57,6,-0.0025227043390515,280717.0,-0.0027749747729566,-0.0030272452068617,3.352340271879913e-06,-0.003531786074672,1.9179809925772812e-05,-0.0040363269424824,9.986045615398069e-07,-0.0045408678102926,2.4263614966339104e-06,-0.0050454086781029,2.691693204514115e-06,-0.0025227043390515,6.197950625755329e-06,-0.0020181634712411,6.333711328543179e-06,-0.0015136226034309,7.87329546866922e-06,-0.0010090817356205,2.356211589418304e-05,-0.0005045408678103,3.0205724754013985e-06,0,0,1,1,2
1799,29,14:40:00,6,-0.0030272452068617,2212599.0,-0.0027749747729566,-0.0030272452068617,6.412526812532477e-06,-0.003531786074672,1.4105908401519318e-05,-0.0040363269424824,9.986045615398069e-07,-0.0045408678102926,2.4263614966339104e-06,-0.0050454086781029,2.691693204514115e-06,-0.0025227043390515,5.760545321940372e-06,-0.0020181634712411,6.341964258803838e-06,-0.0015136226034309,7.87329546866922e-06,-0.0010090817356205,2.357862175470436e-05,-0.0005045408678103,3.0205724754013985e-06,0,1,1,1,2
1800,29,14:40:03,6,-0.0025227043390515,741031.0,-0.0027749747729566,-0.0030272452068617,4.035682897462524e-06,-0.003531786074672,1.4105908401519318e-05,-0.0040363269424824,9.986045615398069e-07,-0.0045408678102926,2.4263614966339104e-06,-0.0050454086781029,2.691693204514115e-06,-0.0025227043390515,5.521210344381245e-06,-0.0020181634712411,6.2594349561972425e-06,-0.0015136226034309,7.87329546866922e-06,-0.0010090817356205,2.353735710340106e-05,-0.0005045408678103,3.0205724754013985e-06,0,1,1,1,2
1801,29,14:40:06,6,-0.0030272452068617,197662.0,-0.0027749747729566,-0.0030272452068617,1.7331153547385077e-06,-0.003531786074672,1.4204943564647232e-05,-0.0040363269424824,9.986045615398069e-07,-0.0045408678102926,2.4263614966339104e-06,-0.0050454086781029,2.691693204514115e-06,-0.0025227043390515,5.471692762817288e-06,-0.0020181634712411,6.2594349561972425e-06,-0.0015136226034309,7.86504253840856e-06,-0.0010090817356205,2.357862175470436e-05,-0.0005045408678103,3.0205724754013985e-06,0,0,1,1,2
1802,29,14:40:09,6,-0.0030272452068617,539492.0,-0.0032795156407667,-0.003531786074672,1.427096700673251e-05,-0.0040363269424824,9.986045615398069e-07,-0.0045408678102926,2.508890799240506e-06,-0.0050454086781029,2.691693204514115e-06,-0.0055499495459131,5.422175181253331e-06,-0.0030272452068617,6.462044394096435e-06,-0.0025227043390515,5.356151739168054e-06,-0.0020181634712411,6.218170304893945e-06,-0.0015136226034309,7.906307189711858e-06,-0.0010090817356205,2.357862175470436e-05,1,1,1,2,2
1803,29,14:40:12,6,-0.0030272452068617,158068.0,-0.0032795156407667,-0.003531786074672,1.4766142822372083e-05,-0.0040363269424824,9.986045615398069e-07,-0.0045408678102926,2.508890799240506e-06,-0.0050454086781029,2.691693204514115e-06,-0.0055499495459131,5.422175181253331e-06,-0.0030272452068617,5.917350996892904e-06,-0.0025227043390515,8.412954578413748e-06,-0.0020181634712411,6.218170304893945e-06,-0.0015136226034309,7.906307189711858e-06,-0.0010090817356205,2.357862175470436e-05,1,2,2,2,2
1804,29,14:40:15,6,-0.003531786074672,17010.0,-0.0032795156407667,-0.003531786074672,1.475285560465242e-05,-0.0040363269424824,9.986045615398069e-07,-0.0045408678102926,2.508890799240506e-06,-0.0050454086781029,2.691693204514115e-06,-0.0055499495459131,5.389163460210692e-06,-0.0030272452068617,5.966868578456861e-06,-0.0025227043390515,8.421207508674407e-06,-0.0020181634712411,6.218170304893945e-06,-0.0015136226034309,7.906307189711858e-06,-0.0010090817356205,2.357862175470436e-05,2,2,2,2,2
1805,29,14:40:18,6,-0.0030272452068617,1242604.0,-0.0032795156407667,-0.003531786074672,1.233474703827917e-05,-0.0040363269424824,9.986045615398069e-07,-0.0045408678102926,2.5666613110651227e-06,-0.0050454086781029,2.691693204514115e-06,-0.0055499495459131,5.389163460210692e-06,-0.0030272452068617,3.259907452960526e-06,-0.0025227043390515,8.421207508674407e-06,-0.0020181634712411,6.218170304893945e-06,-0.0015136226034309,7.84853667788724e-06,-0.0010090817356205,2.110274267650649e-05,2,2,2,2,2
1806,29,14:40:21,6,-0.003531786074672,181775.0,-0.0032795156407667,-0.003531786074672,1.2367758759321809e-05,-0.0040363269424824,9.490869799758492e-07,-0.0045408678102926,2.5666613110651227e-06,-0.0050454086781029,2.691693204514115e-06,-0.0055499495459131,5.389163460210692e-06,-0.0030272452068617,2.7234669860176544e-06,-0.0025227043390515,8.173619600854621e-06,-0.0020181634712411,5.970582397074158e-06,-0.0015136226034309,7.84853667788724e-06,-0.0010090817356205,2.078087839634077e-05,1,1,2,2,2
1807,29,14:40:24,6,-0.0030272452068617,742952.0,-0.0032795156407667,-0.003531786074672,1.231824117775785e-05,-0.0040363269424824,7.840283747626581e-07,-0.0045408678102926,2.5666613110651227e-06,-0.0050454086781029,2.691693204514115e-06,-0.0055499495459131,5.389163460210692e-06,-0.0030272452068617,1.1141455851890403e-06,-0.0025227043390515,8.173619600854621e-06,-0.0020181634712411,5.9623294668134985e-06,-0.0015136226034309,7.84853667788724e-06,-0.0010090817356205,2.090467235025066e-05,1,2,1,2,2
1808,29,14:40:27,6,-0.003531786074672,1669680.0,-0.0032795156407667,-0.003531786074672,8.602276798593278e-06,-0.0040363269424824,7.840283747626581e-07,-0.0045408678102926,2.5666613110651227e-06,-0.0050454086781029,2.691693204514115e-06,-0.0055499495459131,5.389163460210692e-06,-0.0030272452068617,4.126465130329779e-08,-0.0025227043390515,8.173619600854621e-06,-0.0020181634712411,5.9623294668134985e-06,-0.0015136226034309,7.84853667788724e-06,-0.0010090817356205,2.090467235025066e-05,2,2,1,2,2
1809,29,14:40:30,6,-0.0030272452068617,150222.0,-0.0027749747729566,-0.0030272452068617,5.859580485068287e-07,-0.003531786074672,8.75082954328515e-06,-0.0040363269424824,7.840283747626581e-07,-0.0045408678102926,2.5666613110651227e-06,-0.0050454086781029,2.691693204514115e-06,-0.0025227043390515,7.79398480886428e-06,-0.0020181634712411,5.978835327334818e-06,-0.0015136226034309,7.889801329190539e-06,-0.0010090817356205,2.090467235025066e-05,-0.0005045408678103,2.938043172794803e-06,1,1,1,2,1
1810,29,14:40:33,6,-0.0030272452068617,245013.0,-0.0027749747729566,-0.0030272452068617,9.573399102365088e-07,-0.003531786074672,8.5775180078113e-06,-0.0040363269424824,7.840283747626581e-07,-0.0045408678102926,2.5666613110651227e-06,-0.0050454086781029,2.691693204514115e-06,-0.0025227043390515,7.389591226091963e-06,-0.0020181634712411,5.978835327334818e-06,-0.0015136226034309,7.889801329190539e-06,-0.0010090817356205,2.090467235025066e-05,-0.0005045408678103,2.938043172794803e-06,1,1,1,2,1
1811,29,14:40:36,6,-0.0030272452068617,369514.0,-0.0032795156407667,-0.003531786074672,8.668300240678555e-06,-0.0040363269424824,1.147157306231679e-06,-0.0045408678102926,2.5666613110651227e-06,-0.0050454086781029,2.691693204514115e-06,-0.0055499495459131,5.405669320732011e-06,-0.0030272452068617,1.3782393535301464e-06,-0.0025227043390515,7.364832435309984e-06,-0.0020181634712411,5.978835327334818e-06,-0.0015136226034309,7.889801329190539e-06,-0.0010090817356205,2.090467235025066e-05,1,2,1,2,2
1812,29,14:40:39,6,-0.0030272452068617,229202.0,-0.0032795156407667,-0.003531786074672,9.31202880101e-06,-0.0040363269424824,1.1223985154497e-06,-0.0045408678102926,2.5666613110651227e-06,-0.0050454086781029,2.691693204514115e-06,-0.0055499495459131,5.488198623338607e-06,-0.0030272452068617,5.364404669428713e-07,-0.0025227043390515,7.364832435309984e-06,-0.0020181634712411,5.978835327334818e-06,-0.0015136226034309,7.889801329190539e-06,-0.0010090817356205,2.090467235025066e-05,2,2,1,2,2
1813,29,14:40:42,6,-0.0030272452068617,245020.0,-0.0027749747729566,-0.0030272452068617,3.3011721042638234e-08,-0.003531786074672,9.633893081175725e-06,-0.0040363269424824,1.1223985154497e-06,-0.0045408678102926,2.5666613110651227e-06,-0.0050454086781029,2.691693204514115e-06,-0.0025227043390515,7.364832435309984e-06,-0.0020181634712411,5.978835327334818e-06,-0.0015136226034309,7.889801329190539e-06,-0.0010090817356205,2.090467235025066e-05,-0.0005045408678103,2.938043172794803e-06,1,2,1,1,1
1814,29,14:40:45,6,-0.0030272452068617,227290.0,-0.0027749747729566,-0.0030272452068617,2.393349775591272e-07,-0.003531786074672,9.774192895606936e-06,-0.0040363269424824,1.1223985154497e-06,-0.0045408678102926,2.979307824098101e-06,-0.0050454086781029,2.691693204514115e-06,-0.0025227043390515,6.952185922277006e-06,-0.0020181634712411,5.978835327334818e-06,-0.0015136226034309,7.889801329190539e-06,-0.0010090817356205,2.090467235025066e-05,-0.0005045408678103,2.772984567581612e-06,1,2,1,2,1
1815,29,14:40:48,6,-0.0030272452068617,146228.0,-0.0027749747729566,-0.0030272452068617,1.402998144312125e-07,-0.003531786074672,9.831963407431552e-06,-0.0040363269424824,1.1223985154497e-06,-0.0045408678102926,2.896778521491505e-06,-0.0050454086781029,2.691693204514115e-06,-0.0025227043390515,6.564298200026007e-06,-0.0020181634712411,5.978835327334818e-06,-0.0015136226034309,1.7364165268427712e-05,-0.0010090817356205,2.090467235025066e-05,-0.0005045408678103,2.772984567581612e-06,1,2,1,2,1
1816,29,14:40:51,6,-0.0030272452068617,2038227.0,-0.0032795156407667,-0.003531786074672,1.7688505427671631e-06,-0.0040363269424824,1.2049278180562955e-06,-0.0045408678102926,2.896778521491505e-06,-0.0050454086781029,2.691693204514115e-06,-0.0055499495459131,5.488198623338607e-06,-0.0030272452068617,4.621640945969353e-07,-0.0025227043390515,6.564298200026007e-06,-0.0020181634712411,5.978835327334818e-06,-0.0015136226034309,1.6802966010702863e-05,-0.0010090817356205,2.090467235025066e-05,2,2,2,2,2
1817,29,14:40:54,6,-0.0025227043390515,243082.0,-0.0027749747729566,-0.0030272452068617,2.104497216468188e-06,-0.003531786074672,2.01643845058695e-06,-0.0040363269424824,1.2049278180562955e-06,-0.0045408678102926,2.896778521491505e-06,-0.0050454086781029,2.6999461347747747e-06,-0.0025227043390515,6.762368526281836e-06,-0.0020181634712411,5.978835327334818e-06,-0.0015136226034309,1.6802966010702863e-05,-0.0010090817356205,2.111924853702781e-05,-0.0005045408678103,2.772984567581612e-06,1,1,1,2,1
1818,29,14:40:57,6,-0.0030272452068617,727340.0,-0.0027749747729566,-0.0030272452068617,1.6340801916105926e-06,-0.003531786074672,2.164991195278822e-06,-0.0040363269424824,1.2049278180562955e-06,-0.0045408678102926,2.896778521491505e-06,-0.0050454086781029,2.6999461347747747e-06,-0.0025227043390515,5.631717080571476e-06,-0.0020181634712411,5.978835327334818e-06,-0.0015136226034309,1.6802966010702863e-05,-0.0010090817356205,2.116051318833111e-05,-0.0005045408678103,2.772984567581612e-06,2,1,1,2,1
1819,29,14:41:00,6,-0.0025227043390515,98802.0,-0.0027749747729566,-0.0030272452068617,1.625827261349933e-06,-0.003531786074672,7.504637073925555e-06,-0.0040363269424824,1.2049278180562955e-06,-0.0045408678102926,3.3094250345244832e-06,-0.0050454086781029,2.6999461347747747e-06,-0.0025227043390515,5.780269825263348e-06,-0.0020181634712411,6.036605839159434e-06,-0.0015136226034309,1.6802966010702863e-05,-0.0010090817356205,2.116051318833111e-05,-0.0005045408678103,2.772984567581612e-06,2,2,1,2,1
1820,29,14:41:03,6,-0.0025227043390515,401182.0,-0.0027749747729566,-0.0030272452068617,6.767402813740839e-07,-0.003531786074672,8.37944768155547e-06,-0.0040363269424824,1.2049278180562955e-06,-0.0045408678102926,3.317677964785143e-06,-0.0050454086781029,2.749463716338732e-06,-0.0025227043390515,5.367623312230371e-06,-0.0020181634712411,6.036605839159434e-06,-0.0015136226034309,1.6802966010702863e-05,-0.0010090817356205,2.116051318833111e-05,-0.0005045408678103,2.772984567581612e-06,2,1,1,2,1
1821,29,14:41:06,6,-0.0030272452068617,585776.0,-0.0027749747729566,-0.0030272452068617,5.421349888227264e-07,-0.003531786074672,8.37944768155547e-06,-0.0040363269424824,1.2049278180562955e-06,-0.0045408678102926,3.317677964785143e-06,-0.0050454086781029,2.749463716338732e-06,-0.0025227043390515,3.246620235240864e-06,-0.0020181634712411,6.11913514176603e-06,-0.0015136226034309,1.6802966010702863e-05,-0.0010090817356205,2.116051318833111e-05,-0.0005045408678103,2.772984567581612e-06,2,1,1,2,2
1822,29,14:41:09,6,-0.0025227043390515,551572.0,-0.0027749747729566,-0.0030272452068617,5.999055006473434e-07,-0.003531786074672,8.552759217029321e-06,-0.0040363269424824,1.163663166752998e-06,-0.0045408678102926,3.317677964785143e-06,-0.0050454086781029,2.749463716338732e-06,-0.0025227043390515,1.034834925384102e-06,-0.0020181634712411,6.11913514176603e-06,-0.0015136226034309,1.515237995857095e-05,-0.0010090817356205,2.116051318833111e-05,-0.0005045408678103,2.772984567581612e-06,1,1,1,2,2
1823,29,14:41:12,6,-0.0025227043390515,323041.0,-0.0022704339051463,-0.0025227043390515,6.405099175297883e-07,-0.0030272452068617,1.3674280148886824e-06,-0.003531786074672,8.635288519635916e-06,-0.0040363269424824,1.163663166752998e-06,-0.0045408678102926,3.317677964785143e-06,-0.0020181634712411,6.020099978638116e-06,-0.0015136226034309,1.515237995857095e-05,-0.0010090817356205,2.116051318833111e-05,-0.0005045408678103,2.772984567581612e-06,0.0,8.60780626186792e-06,0,1,1,1,1
1824,29,14:41:15,6,-0.0025227043390515,27679.0,-0.0022704339051463,-0.0025227043390515,1.845437735586084e-06,-0.0030272452068617,1.375680945149342e-06,-0.003531786074672,9.229499498403405e-06,-0.0040363269424824,1.163663166752998e-06,-0.0045408678102926,3.317677964785143e-06,-0.0020181634712411,6.011847048377456e-06,-0.0015136226034309,1.515237995857095e-05,-0.0010090817356205,2.116876611859177e-05,-0.0005045408678103,2.772984567581612e-06,0.0,8.60780626186792e-06,1,1,1,1,1
1825,29,14:41:18,6,-0.0020181634712411,15823.0,-0.0022704339051463,-0.0025227043390515,1.91971410793202e-06,-0.0030272452068617,1.3096575030640654e-06,-0.003531786074672,9.229499498403405e-06,-0.0040363269424824,1.1719160970136574e-06,-0.0045408678102926,3.334183825306462e-06,-0.0020181634712411,6.036605839159434e-06,-0.0015136226034309,1.515237995857095e-05,-0.0010090817356205,2.116876611859177e-05,-0.0005045408678103,2.772984567581612e-06,0.0,8.60780626186792e-06,0,1,1,1,1
1826,29,14:41:21,6,-0.0020181634712411,116662.0,-0.0022704339051463,-0.0025227043390515,1.5730910369843185e-06,-0.0030272452068617,1.3096575030640654e-06,-0.003531786074672,9.394558103616597e-06,-0.0040363269424824,1.1719160970136574e-06,-0.0045408678102926,3.4167131279130576e-06,-0.0020181634712411,5.896306024728222e-06,-0.0015136226034309,1.515237995857095e-05,-0.0010090817356205,2.072310788451615e-05,-0.0005045408678103,2.772984567581612e-06,0.0,8.60780626186792e-06,0,1,1,1,2
1827,29,14:41:24,6,-0.0030272452068617,701077.0,-0.0025227043390513,-0.0030272452068617,1.2683928517607675e-06,-0.003531786074672,9.468834475962532e-06,-0.0040363269424824,1.1719160970136574e-06,-0.0045408678102926,3.4167131279130576e-06,-0.0050454086781029,2.765969576860051e-06,-0.0020181634712411,5.68494848075273e-06,-0.0015136226034309,1.5193644609874247e-05,-0.0010090817356205,2.064057858190956e-05,-0.0005045408678103,2.7894904281029307e-06,0.0,8.60780626186792e-06,1,1,1,1,2
1828,29,14:41:27,6,-0.0030272452068617,345821.0,-0.0027749747729566,-0.0030272452068617,4.18341034912833e-07,-0.003531786074672,9.518352057526489e-06,-0.0040363269424824,1.2461924693595934e-06,-0.0045408678102926,3.4167131279130576e-06,-0.0050454086781029,2.765969576860051e-06,-0.0025227043390515,2.475879078197868e-08,-0.0020181634712411,6.006812760918453e-06,-0.0015136226034309,1.5193644609874247e-05,-0.0010090817356205,2.0648831512170218e-05,-0.0005045408678103,2.7894904281029307e-06,2,2,2,1,2
1829,29,14:41:30,6,-0.0020181634712411,253172.0,-0.0022704339051463,-0.0025227043390515,4.704170248575949e-07,-0.0030272452068617,5.668937796047051e-07,-0.003531786074672,9.741181174564296e-06,-0.0040363269424824,1.2461924693595934e-06,-0.0045408678102926,3.424966058173717e-06,-0.0020181634712411,5.016461129639307e-06,-0.0015136226034309,1.5193644609874247e-05,-0.0010090817356205,1.889095736664973e-05,-0.0005045408678103,2.7894904281029307e-06,0.0,8.60780626186792e-06,1,1,1,1,2
1830,29,14:41:33,6,-0.0025227043390515,166067.0,-0.0027749747729566,-0.0030272452068617,4.18341034912833e-07,-0.003531786074672,1.00465395942087e-05,-0.0040363269424824,1.2461924693595934e-06,-0.0045408678102926,3.424966058173717e-06,-0.0050454086781029,2.765969576860051e-06,-0.0025227043390515,5.859580485068287e-07,-0.0020181634712411,6.551506158121984e-06,-0.0015136226034309,1.5193644609874247e-05,-0.0010090817356205,1.9171556995512155e-05,-0.0005045408678103,2.7894904281029307e-06,2,2,2,1,2
1831,29,14:41:36,6,-0.0020181634712411,298567.0,-0.0027749747729566,-0.0030272452068617,4.678586164767904e-07,-0.003531786074672,1.0030033733687382e-05,-0.0040363269424824,1.2461924693595934e-06,-0.0045408678102926,3.424966058173717e-06,-0.0050454086781029,5.241848655057919e-06,-0.0025227043390515,3.136113499050633e-07,-0.0020181634712411,6.097594993785708e-06,-0.0015136226034309,1.5193644609874247e-05,-0.0010090817356205,1.9171556995512155e-05,-0.0005045408678103,2.7894904281029307e-06,2,2,2,1,2
1832,29,14:41:39,6,-0.0030272452068617,98834.0,-0.0027749747729566,-0.0030272452068617,1.582004201665831e-06,-0.003531786074672,1.00465395942087e-05,-0.0040363269424824,1.2461924693595934e-06,-0.0045408678102926,3.5900246633869083e-06,-0.0050454086781029,5.241848655057919e-06,-0.0025227043390515,3.3011721042638234e-08,-0.0020181634712411,6.097594993785708e-06,-0.0015136226034309,1.5234909261177546e-05,-0.0010090817356205,1.9188062856033475e-05,-0.0005045408678103,2.7894904281029307e-06,2,2,2,1,2
1833,29,14:41:42,6,-0.0025227043390515,100828.0,-0.0022704339051463,-0.0025227043390515,1.5020333074400395e-06,-0.0030272452068617,2.8447025315467437e-06,-0.003531786074672,1.0120815966554637e-05,-0.0040363269424824,1.2461924693595934e-06,-0.0045408678102926,3.631289314690206e-06,-0.0020181634712411,6.056330342482411e-06,-0.0015136226034309,1.5234909261177546e-05,-0.0010090817356205,1.9188062856033475e-05,-0.0005045408678103,2.7894904281029307e-06,0.0,8.649070913171217e-06,1,1,1,1,2
1834,29,14:41:45,6,-0.0025227043390515,47448.0,-0.0022704339051463,-0.0025227043390515,1.667091912653231e-06,-0.0030272452068617,3.1665668117124664e-06,-0.003531786074672,1.0318886292810466e-05,-0.0040363269424824,1.270951260141572e-06,-0.0045408678102926,3.623036384429546e-06,-0.0020181634712411,6.056330342482411e-06,-0.0015136226034309,1.5234909261177546e-05,-0.0010090817356205,1.9188062856033475e-05,-0.0005045408678103,2.7894904281029307e-06,0.0,8.649070913171217e-06,1,1,1,1,2
1835,29,14:41:48,6,-0.0025227043390515,176026.0,-0.0022704339051463,-0.0025227043390515,4.8609759235284805e-06,-0.0030272452068617,4.148665512730954e-06,-0.003531786074672,1.0318886292810466e-05,-0.0040363269424824,1.270951260141572e-06,-0.0045408678102926,3.623036384429546e-06,-0.0020181634712411,5.453866433454263e-06,-0.0015136226034309,1.5234909261177546e-05,-0.0010090817356205,1.9188062856033475e-05,-0.0005045408678103,2.7894904281029307e-06,0.0,9.061717426204195e-06,1,2,1,1,2
1836,29,14:41:51,6,-0.0025227043390515,85022.0,-0.0022704339051463,-0.0025227043390515,4.728929039357927e-06,-0.0030272452068617,4.173424303512932e-06,-0.003531786074672,1.0343645083592443e-05,-0.0040363269424824,1.270951260141572e-06,-0.0045408678102926,3.623036384429546e-06,-0.0020181634712411,5.297060758501731e-06,-0.0015136226034309,1.5234909261177546e-05,-0.0010090817356205,1.9229327507336773e-05,-0.0005045408678103,2.7894904281029307e-06,0.0,9.061717426204195e-06,1,2,1,1,2
1837,29,14:41:54,6,-0.0025227043390515,45474.0,-0.0022704339051463,-0.0025227043390515,6.288732858622584e-06,-0.0030272452068617,7.251767290738948e-06,-0.003531786074672,1.0343645083592443e-05,-0.0040363269424824,1.270951260141572e-06,-0.0045408678102926,3.623036384429546e-06,-0.0020181634712411,5.214531455895136e-06,-0.0015136226034309,1.5234909261177546e-05,-0.0010090817356205,1.9254086298118752e-05,-0.0005045408678103,2.7894904281029307e-06,0.0,9.061717426204195e-06,1,2,1,1,2
1838,29,14:41:57,6,-0.0025227043390515,45478.0,-0.0022704339051463,-0.0025227043390515,6.717885232176881e-06,-0.0030272452068617,7.449837616994777e-06,-0.003531786074672,1.0343645083592443e-05,-0.0040363269424824,1.270951260141572e-06,-0.0045408678102926,3.623036384429546e-06,-0.0020181634712411,5.173266804591838e-06,-0.0015136226034309,1.5234909261177546e-05,-0.0010090817356205,1.9254086298118752e-05,-0.0005045408678103,2.7894904281029307e-06,0.0,9.061717426204195e-06,1,2,1,1,2
1839,29,14:42:00,6,-0.0020181634712411,996426.0,-0.0022704339051463,-0.0025227043390515,3.268160383221185e-06,-0.0030272452068617,7.524113989340713e-06,-0.003531786074672,1.0360150944113764e-05,-0.0040363269424824,1.270951260141572e-06,-0.0045408678102926,3.623036384429546e-06,-0.0020181634712411,5.049472850681945e-06,-0.0015136226034309,1.5234909261177546e-05,-0.0010090817356205,1.9254086298118752e-05,-0.0005045408678103,2.7894904281029307e-06,0.0,9.14424672881079e-06,1,2,1,1,2
1840,29,14:42:03,6,-0.0025227043390515,150950.0,-0.0022704339051463,-0.0025227043390515,3.496436434231029e-06,-0.0030272452068617,7.573631570904671e-06,-0.003531786074672,1.0360150944113764e-05,-0.0040363269424824,1.270951260141572e-06,-0.0045408678102926,3.623036384429546e-06,-0.0020181634712411,4.851402524426115e-06,-0.0015136226034309,1.5234909261177546e-05,-0.0010090817356205,1.9254086298118752e-05,-0.0005045408678103,2.7894904281029307e-06,0.0,9.16900551959277e-06,2,2,1,1,2
1841,29,14:42:06,6,-0.0020181634712411,243285.0,-0.0022704339051463,-0.0025227043390515,4.090647412998517e-06,-0.0030272452068617,7.573631570904671e-06,-0.003531786074672,1.0500450758544976e-05,-0.0040363269424824,1.270951260141572e-06,-0.0045408678102926,3.623036384429546e-06,-0.0020181634712411,4.042615358881479e-06,-0.0015136226034309,1.5234909261177546e-05,-0.0010090817356205,1.9254086298118752e-05,-0.0005045408678103,2.7894904281029307e-06,0.0,9.16900551959277e-06,2,2,1,1,2
1842,29,14:42:09,6,-0.0025227043390515,128553.0,-0.0022704339051463,-0.0025227043390515,4.140164994562474e-06,-0.0030272452068617,7.606643291947309e-06,-0.003531786074672,1.0516956619066295e-05,-0.0040363269424824,1.270951260141572e-06,-0.0045408678102926,3.573518802865589e-06,-0.0020181634712411,3.778521590540373e-06,-0.0015136226034309,1.5234909261177546e-05,-0.0010090817356205,1.9254086298118752e-05,-0.0005045408678103,2.7894904281029307e-06,0.0,9.16900551959277e-06,2,2,1,1,2
1843,29,14:42:12,6,-0.0025227043390515,298653.0,-0.0022704339051463,-0.0025227043390515,4.148417924823134e-06,-0.0030272452068617,7.606643291947309e-06,-0.003531786074672,1.0475691967762998e-05,-0.0040363269424824,1.270951260141572e-06,-0.0045408678102926,3.573518802865589e-06,-0.0020181634712411,3.3658750775073947e-06,-0.0015136226034309,1.5234909261177546e-05,-0.0010090817356205,1.921282164681545e-05,-0.0005045408678103,2.7894904281029307e-06,0.0,9.16900551959277e-06,2,1,1,1,2
1844,29,14:42:15,6,-0.0020181634712411,304156.0,-0.0022704339051463,-0.0025227043390515,8.06212251303311e-06,-0.0030272452068617,8.654765435051073e-06,-0.003531786074672,9.650398941697042e-06,-0.0040363269424824,1.270951260141572e-06,-0.0045408678102926,3.573518802865589e-06,-0.0020181634712411,2.3012470738823115e-06,-0.0015136226034309,1.5234909261177546e-05,-0.0010090817356205,1.9056015971862923e-05,-0.0005045408678103,2.7894904281029307e-06,0.0,9.16900551959277e-06,2,2,1,1,2
1845,29,14:42:18,6,-0.0020181634712411,1160767.0,-0.0017658930373359,-0.0020181634712411,5.225425323839206e-06,-0.0025227043390515,8.260192839288939e-06,-0.0030272452068617,8.737294737657669e-06,-0.003531786074672,9.749434104824955e-06,-0.0040363269424824,1.270951260141572e-06,-0.0015136226034309,1.5234909261177546e-05,-0.0010090817356205,1.9056015971862923e-05,-0.0005045408678103,2.7894904281029307e-06,0.0,9.16900551959277e-06,0.0005045408678101,2.1210030769895067e-06,1,1,1,1,2
1846,29,14:42:21,6,-0.0020181634712411,215621.0,-0.0017658930373359,-0.0020181634712411,5.836142163128013e-06,-0.0025227043390515,1.200702317762838e-05,-0.0030272452068617,8.844582831046243e-06,-0.003531786074672,9.790698756128255e-06,-0.0040363269424824,1.270951260141572e-06,-0.0015136226034309,1.6018937635940205e-05,-0.0010090817356205,1.9056015971862923e-05,-0.0005045408678103,2.7894904281029307e-06,0.0,9.16900551959277e-06,0.0005045408678101,2.1210030769895067e-06,1,1,1,1,2
1847,29,14:42:24,6,-0.0015136226034309,102884.0,-0.0017658930373359,-0.0020181634712411,6.191018164336375e-06,-0.0025227043390515,1.199877024736772e-05,-0.0030272452068617,9.207711762515265e-06,-0.003531786074672,9.68341066273968e-06,-0.0040363269424824,1.2626983298809123e-06,-0.0015136226034309,1.589514368203031e-05,-0.0010090817356205,1.9056015971862923e-05,-0.0005045408678103,2.7894904281029307e-06,0.0,9.16900551959277e-06,0.0005045408678101,2.1210030769895067e-06,1,1,1,1,2
1848,29,14:42:27,6,-0.0020181634712411,294729.0,-0.0017658930373359,-0.0020181634712411,9.27761408182305e-06,-0.0025227043390515,7.996099070947834e-06,-0.0030272452068617,9.207711762515265e-06,-0.003531786074672,9.68341066273968e-06,-0.0040363269424824,1.2626983298809123e-06,-0.0015136226034309,1.5837373170205695e-05,-0.0010090817356205,1.913854527446952e-05,-0.0005045408678103,2.7894904281029307e-06,0.0,8.756359006559792e-06,0.0005045408678101,2.1210030769895067e-06,0,1,1,1,2
1849,29,14:42:30,6,-0.0020181634712411,957368.0,-0.0017658930373359,-0.0020181634712411,5.638071836872184e-06,-0.0025227043390515,8.012604931469153e-06,-0.0030272452068617,9.207711762515265e-06,-0.003531786074672,9.658651871957702e-06,-0.0040363269424824,1.2626983298809123e-06,-0.0015136226034309,1.5796108518902397e-05,-0.0010090817356205,1.913854527446952e-05,-0.0005045408678103,2.7894904281029307e-06,0.0,8.756359006559792e-06,0.0005045408678101,2.1210030769895067e-06,1,1,1,1,2
1850,29,14:42:33,6,-0.0020181634712411,223529.0,-0.0017658930373359,-0.0020181634712411,6.876011375971118e-06,-0.0025227043390515,8.342722141895534e-06,-0.0030272452068617,9.290241065121858e-06,-0.003531786074672,9.67515773247902e-06,-0.0040363269424824,1.2626983298809123e-06,-0.0015136226034309,1.6192249171414055e-05,-0.0010090817356205,1.913854527446952e-05,-0.0005045408678103,2.7894904281029307e-06,0.0,8.343712493526814e-06,0.0005045408678101,2.1210030769895067e-06,1,1,1,1,2
1851,29,14:42:36,6,-0.0015136226034309,1770370.0,-0.0017658930373359,-0.0020181634712411,4.222199121353431e-07,-0.0025227043390515,8.342722141895534e-06,-0.0030272452068617,9.372770367728455e-06,-0.003531786074672,1.0005274942905404e-05,-0.0040363269424824,1.2626983298809123e-06,-0.0015136226034309,1.607670814776482e-05,-0.0010090817356205,1.913854527446952e-05,-0.0005045408678103,2.7894904281029307e-06,0.0,8.343712493526814e-06,0.0005045408678101,2.1210030769895067e-06,1,1,1,1,2
1852,29,14:42:39,6,-0.0020181634712411,603050.0,-0.0017658930373359,-0.0020181634712411,5.885989861902398e-07,-0.0025227043390515,8.383986793198833e-06,-0.0030272452068617,8.448442178534584e-06,-0.003531786074672,1.0145574757336616e-05,-0.0040363269424824,1.2626983298809123e-06,-0.0015136226034309,1.5647555774210522e-05,-0.0010090817356205,1.913854527446952e-05,-0.0005045408678103,2.7894904281029307e-06,0.0,8.343712493526814e-06,0.0005045408678101,2.1210030769895067e-06,1,1,1,1,2
1853,29,14:42:42,6,-0.0025227043390515,366499.0,-0.0022704339051463,-0.0025227043390515,7.822787535473984e-06,-0.0030272452068617,8.456695108795244e-06,-0.003531786074672,1.0145574757336616e-05,-0.0040363269424824,1.2626983298809123e-06,-0.0045408678102926,3.573518802865589e-06,-0.0020181634712411,1.3765887674780145e-07,-0.0015136226034309,1.538346200586942e-05,-0.0010090817356205,1.913854527446952e-05,-0.0005045408678103,2.7894904281029307e-06,0.0,8.343712493526814e-06,2,2,1,2,2
1854,29,14:42:45,6,-0.0015136226034309,450862.0,-0.0017658930373359,-0.0020181634712411,8.25293026065956e-08,-0.0025227043390515,1.2692016389263122e-05,-0.0030272452068617,8.374165806188649e-06,-0.003531786074672,1.0186839408639914e-05,-0.0040363269424824,1.2626983298809123e-06,-0.0015136226034309,1.5067209718280944e-05,-0.0010090817356205,1.913854527446952e-05,-0.0005045408678103,2.7894904281029307e-06,0.0,8.343712493526814e-06,0.0005045408678101,2.1375089375108257e-06,1,1,1,1,2
1855,29,14:42:48,6,-0.0015136226034309,185947.0,-0.0017658930373359,-0.0020181634712411,9.3670758458486e-06,-0.0025227043390515,1.2568222435353228e-05,-0.0030272452068617,8.407177527231286e-06,-0.003531786074672,9.964010291602106e-06,-0.0040363269424824,1.2626983298809123e-06,-0.0015136226034309,1.478661008941852e-05,-0.0010090817356205,1.913854527446952e-05,-0.0005045408678103,2.7894904281029307e-06,0.0,8.343712493526814e-06,0.0005045408678101,2.1375089375108257e-06,1,0,1,2,2
1856,29,14:42:51,6,-0.0015136226034309,915827.0,-0.0017658930373359,-0.0020181634712411,6.858185046608093e-06,-0.0025227043390515,1.308815704177478e-05,-0.0030272452068617,8.407177527231286e-06,-0.003531786074672,1.0855326759753338e-05,-0.0040363269424824,1.2626983298809123e-06,-0.0015136226034309,1.4522516321077413e-05,-0.0010090817356205,1.9963838300535476e-05,-0.0005045408678103,2.7894904281029307e-06,0.0,8.343712493526814e-06,0.0005045408678101,2.1375089375108257e-06,1,0,1,2,2
1857,29,14:42:54,6,-0.0015136226034309,55388.0,-0.0017658930373359,-0.0020181634712411,7.8567896081479e-06,-0.0025227043390515,1.312116876281742e-05,-0.0030272452068617,8.407177527231286e-06,-0.003531786074672,1.11689381096584e-05,-0.0040363269424824,1.2626983298809123e-06,-0.0015136226034309,1.4489504600034774e-05,-0.0010090817356205,1.9963838300535476e-05,-0.0005045408678103,2.830755079406229e-06,0.0,8.343712493526814e-06,0.0005045408678101,2.1375089375108257e-06,1,0,1,2,2
1858,29,14:42:57,6,-0.0015136226034309,417434.0,-0.0017658930373359,-0.0020181634712411,1.2626983298809124e-05,-0.0025227043390515,7.847546326255961e-06,-0.0030272452068617,8.407177527231286e-06,-0.003531786074672,1.11689381096584e-05,-0.0040363269424824,1.2626983298809123e-06,-0.0015136226034309,1.3878787760745968e-05,-0.0010090817356205,1.9963838300535476e-05,-0.0005045408678103,2.847260939927548e-06,0.0,8.343712493526814e-06,0.0005045408678101,2.1375089375108257e-06,1,0,1,2,2
1859,29,14:43:00,6,-0.0015136226034309,1190786.0,-0.0017658930373359,-0.0020181634712411,8.03010114362175e-06,-0.0025227043390515,8.144651815639705e-06,-0.0030272452068617,8.407177527231286e-06,-0.003531786074672,1.11689381096584e-05,-0.0040363269424824,1.2626983298809123e-06,-0.0015136226034309,1.363119985292618e-05,-0.0010090817356205,1.9163304065251496e-05,-0.0005045408678103,2.847260939927548e-06,0.0,8.343712493526814e-06,0.0005045408678101,2.1375089375108257e-06,1,0,1,2,2
1860,29,14:43:03,6,-0.0015136226034309,1552779.0,-0.0017658930373359,-0.0020181634712411,2.971054893837441e-06,-0.0025227043390515,8.862656748317087e-06,-0.0030272452068617,8.407177527231286e-06,-0.003531786074672,1.11689381096584e-05,-0.0040363269424824,1.2626983298809123e-06,-0.0015136226034309,1.3391864875367053e-05,-0.0010090817356205,1.9179809925772812e-05,-0.0005045408678103,2.847260939927548e-06,0.0,8.343712493526814e-06,0.0005045408678101,2.1375089375108257e-06,0,0,1,2,2
1861,29,14:43:06,6,-0.0015136226034309,201805.0,-0.0017658930373359,-0.0020181634712411,3.2268957319178875e-06,-0.0025227043390515,8.862656748317087e-06,-0.0030272452068617,8.407177527231286e-06,-0.003531786074672,1.1416526017478189e-05,-0.0040363269424824,1.2626983298809123e-06,-0.0015136226034309,1.3020483013637371e-05,-0.0010090817356205,1.9179809925772812e-05,-0.0005045408678103,2.847260939927548e-06,0.0,8.343712493526814e-06,0.0005045408678101,2.1375089375108257e-06,0,0,1,2,2
1862,29,14:43:09,6,-0.0015136226034309,279808.0,-0.0017658930373359,-0.0020181634712411,2.447488998101199e-06,-0.0025227043390515,8.953438981184342e-06,-0.0030272452068617,8.423683387752605e-06,-0.003531786074672,1.1424778947738848e-05,-0.0040363269424824,1.2626983298809123e-06,-0.0015136226034309,1.271512459399297e-05,-0.0010090817356205,1.9179809925772812e-05,-0.0005045408678103,2.847260939927548e-06,0.0,8.343712493526814e-06,0.0005045408678101,2.1375089375108257e-06,0,0,1,2,2
1863,29,14:43:12,6,-0.0015136226034309,9891.0,-0.0017658930373359,-0.0020181634712411,3.231517372863857e-06,-0.0025227043390515,8.953438981184342e-06,-0.0030272452068617,8.5062126903592e-06,-0.003531786074672,1.1474296529302803e-05,-0.0040363269424824,1.2626983298809123e-06,-0.0015136226034309,1.271512459399297e-05,-0.0010090817356205,1.9221074577076117e-05,-0.0005045408678103,2.847260939927548e-06,0.0,8.343712493526814e-06,0.0005045408678101,2.1622677282928043e-06,0,0,1,2,2
1864,29,14:43:15,6,-0.0015136226034309,75196.0,-0.0017658930373359,-0.0020181634712411,5.451555612981278e-06,-0.0025227043390515,8.953438981184342e-06,-0.0030272452068617,8.613500783747775e-06,-0.003531786074672,1.1474296529302803e-05,-0.0040363269424824,1.2626983298809123e-06,-0.0015136226034309,1.249229547695516e-05,-0.0010090817356205,1.9221074577076117e-05,-0.0005045408678103,2.847260939927548e-06,0.0,8.343712493526814e-06,0.0005045408678101,2.1622677282928043e-06,0,0,1,2,2
1865,29,14:43:18,6,-0.0025227043390515,1456931.0,-0.0022704339051463,-0.0025227043390515,8.846150887795767e-06,-0.0030272452068617,8.613500783747775e-06,-0.003531786074672,1.1474296529302803e-05,-0.0040363269424824,1.2626983298809123e-06,-0.0045408678102926,3.5982775936475675e-06,-0.0020181634712411,1.1004787326773882e-05,-0.0015136226034309,1.250054840721582e-05,-0.0010090817356205,1.9179809925772812e-05,-0.0005045408678103,2.99581368461942e-06,0.0,8.343712493526814e-06,1,1,1,2,2
1866,29,14:43:21,6,-0.0020181634712411,1552364.0,-0.0022704339051463,-0.0025227043390515,9.111730183583791e-06,-0.0030272452068617,8.613500783747775e-06,-0.003531786074672,1.15568258319094e-05,-0.0040363269424824,1.2626983298809123e-06,-0.0045408678102926,3.5982775936475675e-06,-0.0020181634712411,4.87286014310383e-06,-0.0015136226034309,1.250880133747648e-05,-0.0010090817356205,1.9270592158640072e-05,-0.0005045408678103,2.99581368461942e-06,0.0,8.343712493526814e-06,1,1,2,2,2
1867,29,14:43:24,6,-0.0025227043390515,361827.0,-0.0022704339051463,-0.0025227043390515,7.799514272138923e-06,-0.0030272452068617,8.72078887713635e-06,-0.003531786074672,1.139176722669621e-05,-0.0040363269424824,1.2626983298809123e-06,-0.0045408678102926,3.5982775936475675e-06,-0.0020181634712411,8.859025459002397e-06,-0.0015136226034309,1.250880133747648e-05,-0.0010090817356205,1.9320109740204027e-05,-0.0005045408678103,2.99581368461942e-06,0.0,8.343712493526814e-06,1,1,2,2,2
1868,29,14:43:27,6,-0.0020181634712411,199773.0,-0.0022704339051463,-0.0025227043390515,7.774755481356944e-06,-0.0030272452068617,8.679524225833052e-06,-0.003531786074672,1.139176722669621e-05,-0.0040363269424824,1.2626983298809123e-06,-0.0045408678102926,3.5982775936475675e-06,-0.0020181634712411,9.486248158812523e-06,-0.0015136226034309,1.2805906826860224e-05,-0.0010090817356205,1.9320109740204027e-05,-0.0005045408678103,3.037078335922718e-06,0.0,8.343712493526814e-06,1,1,2,2,2
1869,29,14:43:30,6,-0.0025227043390515,247144.0,-0.0022704339051463,-0.0025227043390515,6.982474176333627e-06,-0.0030272452068617,8.679524225833052e-06,-0.003531786074672,1.1474296529302803e-05,-0.0040363269424824,1.2626983298809123e-06,-0.0045408678102926,3.5982775936475675e-06,-0.0020181634712411,1.1838333283100498e-05,-0.0015136226034309,1.2805906826860224e-05,-0.0010090817356205,1.9320109740204027e-05,-0.0005045408678103,3.037078335922718e-06,0.0,8.343712493526814e-06,1,1,2,2,2
1870,29,14:43:33,6,-0.0025227043390515,128530.0,-0.0022704339051463,-0.0025227043390515,6.256216313395585e-06,-0.0030272452068617,8.679524225833052e-06,-0.003531786074672,1.1515561180606102e-05,-0.0040363269424824,1.2626983298809123e-06,-0.0045408678102926,3.5982775936475675e-06,-0.0020181634712411,1.2127185842223584e-05,-0.0015136226034309,1.2962712501812757e-05,-0.0010090817356205,1.9320109740204027e-05,-0.0005045408678103,3.037078335922718e-06,0.0,8.343712493526814e-06,1,1,2,2,2
1871,29,14:43:36,6,-0.0020181634712411,284427.0,-0.0022704339051463,-0.0025227043390515,6.109066566848025e-06,-0.0030272452068617,8.679524225833052e-06,-0.003531786074672,1.1515561180606102e-05,-0.0040363269424824,1.2626983298809123e-06,-0.0045408678102926,3.5982775936475675e-06,-0.0020181634712411,1.1747551050233243e-05,-0.0015136226034309,1.2962712501812757e-05,-0.0010090817356205,1.9320109740204027e-05,-0.0005045408678103,3.037078335922718e-06,0.0,8.384977144830112e-06,1,2,2,2,2
1872,29,14:43:39,6,-0.0020181634712411,304548.0,-0.0022704339051463,-0.0025227043390515,6.802312708743428e-06,-0.0030272452068617,8.638259574529754e-06,-0.003531786074672,1.1680619785819294e-05,-0.0040363269424824,1.2626983298809123e-06,-0.0045408678102926,3.5982775936475675e-06,-0.0020181634712411,1.1268881095114988e-05,-0.0015136226034309,1.2962712501812757e-05,-0.0010090817356205,1.9320109740204027e-05,-0.0005045408678103,3.037078335922718e-06,0.0,8.384977144830112e-06,1,2,2,2,2
1873,29,14:43:42,6,-0.0025227043390515,660439.0,-0.0022704339051463,-0.0025227043390515,5.234255959218112e-06,-0.0030272452068617,8.605247853487115e-06,-0.003531786074672,1.2085013368591612e-05,-0.0040363269424824,1.2626983298809123e-06,-0.0045408678102926,3.5982775936475675e-06,-0.0020181634712411,1.0385817557224415e-05,-0.0015136226034309,1.3565176410840905e-05,-0.0010090817356205,1.9361374391507325e-05,-0.0005045408678103,3.0205724754013985e-06,0.0,8.384977144830112e-06,1,2,2,2,2
1874,29,14:43:45,6,-0.0020181634712411,1115072.0,-0.0022704339051463,-0.0025227043390515,1.3883904577507576e-06,-0.0030272452068617,8.489706829837881e-06,-0.003531786074672,1.2085013368591612e-05,-0.0040363269424824,1.2626983298809123e-06,-0.0045408678102926,3.5982775936475675e-06,-0.0020181634712411,1.0955269745209924e-05,-0.0015136226034309,1.344138245693101e-05,-0.0010090817356205,1.9361374391507325e-05,-0.0005045408678103,2.979307824098101e-06,0.0,8.384977144830112e-06,1,2,2,2,2
1875,29,14:43:48,6,-0.0020181634712411,1322187.0,-0.0022704339051463,-0.0025227043390515,2.251151787200108e-06,-0.0030272452068617,8.580489062705136e-06,-0.003531786074672,1.2134530950155567e-05,-0.0040363269424824,1.2626983298809123e-06,-0.0045408678102926,3.5982775936475675e-06,-0.0020181634712411,6.284111217676614e-06,-0.0015136226034309,1.344138245693101e-05,-0.0010090817356205,1.9369627321767985e-05,-0.0005045408678103,2.979307824098101e-06,0.0,8.384977144830112e-06,1,2,2,2,2
1876,29,14:43:51,6,-0.0020181634712411,274808.0,-0.0022704339051463,-0.0025227043390515,1.46712341243745e-06,-0.0030272452068617,8.580489062705136e-06,-0.003531786074672,1.2134530950155567e-05,-0.0040363269424824,1.2626983298809123e-06,-0.0045408678102926,3.5982775936475675e-06,-0.0020181634712411,6.8370575451408055e-06,-0.0015136226034309,1.344138245693101e-05,-0.0010090817356205,1.9369627321767985e-05,-0.0005045408678103,2.979307824098101e-06,0.0,8.384977144830112e-06,2,2,2,2,2
1877,29,14:43:54,6,-0.0025227043390515,205690.0,-0.0022704339051463,-0.0025227043390515,1.5331468545227262e-06,-0.0030272452068617,8.580489062705136e-06,-0.003531786074672,1.2217060252762164e-05,-0.0040363269424824,1.2626983298809123e-06,-0.0045408678102926,3.5982775936475675e-06,-0.0020181634712411,6.160317263766721e-06,-0.0015136226034309,1.344138245693101e-05,-0.0010090817356205,1.9369627321767985e-05,-0.0005045408678103,2.979307824098101e-06,0.0,8.384977144830112e-06,2,2,2,2,2
1878,29,14:43:57,6,-0.0025227043390515,87015.0,-0.0022704339051463,-0.0025227043390515,1.9953109491196616e-06,-0.0030272452068617,8.580489062705136e-06,-0.003531786074672,1.2266577834326122e-05,-0.0040363269424824,1.2792041904022315e-06,-0.0045408678102926,3.5982775936475675e-06,-0.0020181634712411,6.061282100638807e-06,-0.0015136226034309,1.3788005527878711e-05,-0.0010090817356205,1.9369627321767985e-05,-0.0005045408678103,2.979307824098101e-06,0.0,8.384977144830112e-06,2,2,2,2,1
1879,29,14:44:00,6,-0.0020181634712411,45836.0,-0.0022704339051463,-0.0025227043390515,1.8865373282841685e-06,-0.0030272452068617,8.70428301661503e-06,-0.003531786074672,1.2274830764586782e-05,-0.0040363269424824,1.2792041904022315e-06,-0.0045408678102926,3.5982775936475675e-06,-0.0020181634712411,5.929235216468254e-06,-0.0015136226034309,1.3788005527878711e-05,-0.0010090817356205,1.9369627321767985e-05,-0.0005045408678103,2.979307824098101e-06,0.0,7.559684118764156e-06,2,2,2,2,1
1880,29,14:44:03,6,-0.0020181634712411,670413.0,-0.0022704339051463,-0.0025227043390515,3.297788402856953e-06,-0.0030272452068617,8.71253594687569e-06,-0.003531786074672,1.196121941468172e-05,-0.0040363269424824,1.2792041904022315e-06,-0.0045408678102926,3.5982775936475675e-06,-0.0020181634712411,4.204372791990406e-06,-0.0015136226034309,1.3796258458139373e-05,-0.0010090817356205,1.9369627321767985e-05,-0.0005045408678103,2.979307824098101e-06,0.0,7.559684118764156e-06,2,2,2,2,1
1881,29,14:44:06,6,-0.0025227043390515,1299595.0,-0.0017658930373359,-0.0020181634712411,3.466230709477015e-07,-0.0025227043390515,3.7434466369325695e-06,-0.0030272452068617,8.762053528439648e-06,-0.003531786074672,1.196121941468172e-05,-0.0040363269424824,1.2792041904022315e-06,-0.0015136226034309,1.3048873093734042e-05,-0.0010090817356205,1.9369627321767985e-05,-0.0005045408678103,2.979307824098101e-06,0.0,7.559684118764156e-06,0.0005045408678101,2.1622677282928043e-06,2,2,2,2,1
1882,29,14:44:09,6,-0.0020181634712411,193855.0,-0.0017658930373359,-0.0020181634712411,2.3108204729846767e-07,-0.0025227043390515,3.718687846150591e-06,-0.0030272452068617,8.786812319221625e-06,-0.003531786074672,1.196121941468172e-05,-0.0040363269424824,1.2792041904022315e-06,-0.0015136226034309,1.287556155826019e-05,-0.0010090817356205,1.9377880252028644e-05,-0.0005045408678103,2.99581368461942e-06,0.0,7.559684118764156e-06,0.0005045408678101,2.2447970308994e-06,2,2,2,2,1
1883,29,14:44:12,6,-0.0020181634712411,375814.0,-0.0017658930373359,-0.0020181634712411,4.291523735542971e-06,-0.0025227043390515,3.5652658726049296e-06,-0.0030272452068617,8.786812319221625e-06,-0.003531786074672,1.212627801989491e-05,-0.0040363269424824,1.2792041904022315e-06,-0.0015136226034309,1.2215327137407426e-05,-0.0010090817356205,1.95099271361992e-05,-0.0005045408678103,2.99581368461942e-06,0.0,7.931065980493835e-06,0.0005045408678101,2.2447970308994e-06,2,2,2,2,1
1884,29,14:44:15,6,-0.0020181634712411,100878.0,-0.0017658930373359,-0.0020181634712411,4.200741502675716e-06,-0.0025227043390515,4.101706339547801e-06,-0.0030272452068617,8.811571110003604e-06,-0.003531786074672,1.212627801989491e-05,-0.0040363269424824,1.2792041904022315e-06,-0.0015136226034309,1.2231832997928746e-05,-0.0010090817356205,1.9782273834800963e-05,-0.0005045408678103,3.0040666148800795e-06,0.0,7.931065980493835e-06,0.0005045408678101,2.2447970308994e-06,2,2,2,2,1
1885,29,14:44:18,6,-0.0015136226034309,146428.0,-0.0017658930373359,-0.0020181634712411,4.687664388054629e-06,-0.0025227043390515,4.819711272225183e-06,-0.0030272452068617,8.811571110003604e-06,-0.003531786074672,1.212627801989491e-05,-0.0040363269424824,1.2792041904022315e-06,-0.0015136226034309,1.176966890333181e-05,-0.0010090817356205,1.9782273834800963e-05,-0.0005045408678103,3.0040666148800795e-06,0.0,7.931065980493835e-06,0.0005045408678101,2.2447970308994e-06,2,2,2,2,1
1886,29,14:44:21,6,-0.0015136226034309,3407813.0,-0.0012613521695256,-0.0015136226034309,5.569737574313924e-06,-0.0020181634712411,2.673949404453697e-06,-0.0025227043390515,4.926999365613756e-06,-0.0030272452068617,9.08391780860537e-06,-0.003531786074672,1.2167542671198208e-05,-0.0010090817356205,1.9757515044018984e-05,-0.0005045408678103,2.8555138701882075e-06,0.0,7.931065980493835e-06,0.0005045408678101,2.2447970308994e-06,0.0010090817356205,1.4690215863974016e-06,1,2,2,2,1
1887,29,14:44:24,6,-0.0015136226034309,257270.0,-0.0012613521695256,-0.0015136226034309,5.016791246849733e-06,-0.0020181634712411,2.7152140557569947e-06,-0.0025227043390515,4.951758156395736e-06,-0.0030272452068617,9.108676599387348e-06,-0.003531786074672,1.2208807322501506e-05,-0.0010090817356205,1.979877969532228e-05,-0.0005045408678103,2.8555138701882075e-06,0.0,7.931065980493835e-06,0.0005045408678101,2.2447970308994e-06,0.0010090817356205,1.4690215863974016e-06,1,2,2,2,1
1888,29,14:44:27,6,-0.0015136226034309,93013.0,-0.0012613521695256,-0.0015136226034309,1.0958901034524614e-05,-0.0020181634712411,2.7069611254963355e-06,-0.0025227043390515,4.951758156395736e-06,-0.0030272452068617,9.116929529648008e-06,-0.003531786074672,1.2225313183022824e-05,-0.0010090817356205,1.979877969532228e-05,-0.0005045408678103,2.8555138701882075e-06,0.0,7.931065980493835e-06,0.0005045408678101,2.2447970308994e-06,0.0010090817356205,1.4690215863974016e-06,1,2,2,2,0
1889,29,14:44:30,6,-0.0010090817356205,75229.0,-0.0012613521695256,-0.0015136226034309,1.085161294113604e-05,-0.0020181634712411,2.7894904281029307e-06,-0.0025227043390515,4.943505226135076e-06,-0.0030272452068617,9.116929529648008e-06,-0.003531786074672,1.2225313183022824e-05,-0.0010090817356205,1.9592456438805797e-05,-0.0005045408678103,2.921537312273484e-06,0.0,7.931065980493835e-06,0.0005045408678101,2.2447970308994e-06,0.0010090817356205,1.4690215863974016e-06,1,2,2,1,1
1890,29,14:44:33,6,-0.0010090817356205,750107.0,-0.0012613521695256,-0.0015136226034309,8.450010235284109e-06,-0.0020181634712411,4.217247363197034e-06,-0.0025227043390515,4.943505226135076e-06,-0.0030272452068617,9.232470553297242e-06,-0.003531786074672,1.2208807322501506e-05,-0.0010090817356205,1.9204568716554798e-05,-0.0005045408678103,2.921537312273484e-06,0.0,7.931065980493835e-06,0.0005045408678101,2.2447970308994e-06,0.0010090817356205,1.4690215863974016e-06,2,2,2,1,1
1891,29,14:44:36,6,-0.0010090817356205,348418.0,-0.0012613521695256,-0.0015136226034309,7.905316838080579e-06,-0.0020181634712411,4.382305968410226e-06,-0.0025227043390515,4.943505226135076e-06,-0.0030272452068617,9.27373520460054e-06,-0.003531786074672,1.2250071973804805e-05,-0.0010090817356205,1.83462639694462e-05,-0.0005045408678103,2.921537312273484e-06,0.0,7.931065980493835e-06,0.0005045408678101,3.070090056965356e-06,0.0010090817356205,1.4690215863974016e-06,2,2,2,1,1
1892,29,14:44:39,6,-0.0010090817356205,824214.0,-0.0012613521695256,-0.0015136226034309,5.8807905158381815e-06,-0.0020181634712411,4.803205411703864e-06,-0.0025227043390515,3.070090056965356e-06,-0.0030272452068617,9.240723483557902e-06,-0.003531786074672,1.2250071973804805e-05,-0.0010090817356205,1.8205964155014988e-05,-0.0005045408678103,2.921537312273484e-06,0.0,7.931065980493835e-06,0.0005045408678101,3.070090056965356e-06,0.0010090817356205,1.551550889003997e-06,2,2,2,2,1
1893,29,14:44:42,6,-0.0010090817356205,4116393.0,-0.0012613521695256,-0.0015136226034309,6.243919447307202e-06,-0.0020181634712411,4.803205411703864e-06,-0.0025227043390515,3.111354708268654e-06,-0.0030272452068617,9.240723483557902e-06,-0.003531786074672,1.250591281188525e-05,-0.0010090817356205,1.3369747022268483e-06,-0.0005045408678103,2.921537312273484e-06,0.0,7.931065980493835e-06,0.0005045408678101,3.070090056965356e-06,0.0010090817356205,1.551550889003997e-06,2,2,2,1,1
1894,29,14:44:45,6,-0.0015136226034309,15835.0,-0.0012613521695256,-0.0015136226034309,6.508013215648308e-06,-0.0020181634712411,4.885734714310459e-06,-0.0025227043390515,3.111354708268654e-06,-0.0030272452068617,9.240723483557902e-06,-0.003531786074672,1.249765988162459e-05,-0.0010090817356205,1.3947452140514654e-06,-0.0005045408678103,2.921537312273484e-06,0.0,7.931065980493835e-06,0.0005045408678101,3.070090056965356e-06,0.0010090817356205,1.551550889003997e-06,2,2,2,1,1
1895,29,14:44:48,6,-0.0005045408678103,1144056.0,-0.0007568113017154,-0.0010090817356205,1.7083565639565288e-06,-0.0015136226034309,3.190335250863166e-06,-0.0020181634712411,4.926999365613756e-06,-0.0025227043390515,3.358942616088441e-06,-0.0030272452068617,9.240723483557902e-06,-0.0005045408678103,2.8390080096668885e-06,0.0,7.931065980493835e-06,0.0005045408678101,2.9875607543587605e-06,0.0010090817356205,1.551550889003997e-06,0.0015136226034309,8.863647099948366e-06,1,2,2,1,0
1896,29,14:44:51,6,-0.0010090817356205,120780.0,-0.0007568113017154,-0.0010090817356205,2.9462961030554625e-06,-0.0015136226034309,5.113268001596843e-06,-0.0020181634712411,4.984769877438373e-06,-0.0025227043390515,3.424966058173717e-06,-0.0030272452068617,9.240723483557902e-06,-0.0005045408678103,2.8390080096668885e-06,0.0,7.931065980493835e-06,0.0005045408678101,2.9875607543587605e-06,0.0010090817356205,1.7166094942171885e-06,0.0015136226034309,8.946176402554961e-06,1,2,2,1,0
1897,29,14:44:54,6,-0.0010090817356205,219780.0,-0.0007568113017154,-0.0010090817356205,4.316282526324949e-06,-0.0015136226034309,5.030738698990247e-06,-0.0020181634712411,4.935252295874416e-06,-0.0025227043390515,3.424966058173717e-06,-0.0030272452068617,9.240723483557902e-06,-0.0005045408678103,2.8555138701882075e-06,0.0,7.931065980493835e-06,0.0005045408678101,2.9875607543587605e-06,0.0010090817356205,1.7166094942171885e-06,0.0015136226034309,8.946176402554961e-06,1,2,2,1,0
1898,29,14:44:57,6,-0.0005045408678103,330762.0,-0.0007568113017154,-0.0010090817356205,4.175982711893737e-06,-0.0015136226034309,5.525914514629821e-06,-0.0020181634712411,4.935252295874416e-06,-0.0025227043390515,3.424966058173717e-06,-0.0030272452068617,9.149941250690648e-06,-0.0005045408678103,2.030220844122252e-06,0.0,7.931065980493835e-06,0.0005045408678101,2.9875607543587605e-06,0.0010090817356205,1.7166094942171885e-06,0.0015136226034309,8.946176402554961e-06,2,2,2,1,0
1899,29,14:45:00,6,-0.0005045408678103,45559.0,-0.0007568113017154,-0.0010090817356205,4.192488572415056e-06,-0.0015136226034309,7.968781871785051e-06,-0.0020181634712411,4.935252295874416e-06,-0.0025227043390515,3.433218988434377e-06,-0.0030272452068617,9.149941250690648e-06,-0.0005045408678103,2.830755079406229e-06,0.0,7.931065980493835e-06,0.0005045408678101,2.9875607543587605e-06,0.0010090817356205,2.1457618677714854e-06,0.0015136226034309,8.946176402554961e-06,2,2,2,1,0
1900,29,14:45:03,6,-0.0010090817356205,134672.0,-0.0007568113017154,-0.0010090817356205,4.167729781633077e-06,-0.0015136226034309,7.977034802045709e-06,-0.0020181634712411,4.926999365613756e-06,-0.0025227043390515,3.845865501467355e-06,-0.0030272452068617,9.149941250690648e-06,-0.0005045408678103,2.880272660970186e-06,0.0,8.013595283100432e-06,0.0005045408678101,2.9875607543587605e-06,0.0010090817356205,2.187026519074783e-06,0.0015136226034309,8.946176402554961e-06,2,2,1,0,1
1901,29,14:45:06,6,-0.0005045408678103,502550.0,-0.0007568113017154,-0.0010090817356205,5.094451320602539e-06,-0.0015136226034309,8.026552383609667e-06,-0.0020181634712411,4.926999365613756e-06,-0.0025227043390515,3.845865501467355e-06,-0.0030272452068617,9.149941250690648e-06,-0.0005045408678103,1.2874571206628912e-06,0.0,8.013595283100432e-06,0.0005045408678101,2.971054893837441e-06,0.0010090817356205,2.187026519074783e-06,0.0015136226034309,8.946176402554961e-06,2,2,1,0,1
1902,29,14:45:09,6,-0.0010090817356205,843645.0,-0.0007568113017154,-0.0010090817356205,3.080736337001607e-06,-0.0015136226034309,8.067817034912966e-06,-0.0020181634712411,4.9187464353530976e-06,-0.0025227043390515,3.845865501467355e-06,-0.0030272452068617,9.149941250690648e-06,-0.0005045408678103,4.951758156395735e-08,0.0,8.013595283100432e-06,0.0005045408678101,2.971054893837441e-06,0.0010090817356205,2.187026519074783e-06,0.0015136226034309,8.946176402554961e-06,2,2,1,0,1
1903,29,14:45:12,6,-0.0005045408678103,105008.0,-0.0002522704339052,-0.0005045408678103,1.1554102364923383e-07,-0.0010090817356205,2.998207034395011e-06,-0.0015136226034309,8.067817034912966e-06,-0.0020181634712411,4.910493505092438e-06,-0.0025227043390515,3.763336198860759e-06,0.0,8.170400958052963e-06,0.0005045408678101,3.2846662437425045e-06,0.0010090817356205,2.327326333505996e-06,0.0015136226034309,8.896658820991005e-06,0.002018163471241,1.4195040048334445e-06,1,2,1,0,0
1904,29,14:45:15,6,-0.0005045408678103,295060.0,-0.0002522704339052,-0.0005045408678103,4.984769877438373e-06,-0.0010090817356205,2.065625914940481e-06,-0.0015136226034309,8.381428384818028e-06,-0.0020181634712411,5.0095286682203525e-06,-0.0025227043390515,3.763336198860759e-06,0.0,8.195159748834942e-06,0.0005045408678101,3.3424367555671216e-06,0.0010090817356205,2.327326333505996e-06,0.0015136226034309,8.896658820991005e-06,0.002018163471241,1.3369747022268483e-06,1,2,1,0,0
1905,29,14:45:18,6,-0.0005045408678103,348677.0,-0.0002522704339052,-0.0005045408678103,5.331392948386075e-06,-0.0010090817356205,2.255443310935651e-06,-0.0015136226034309,8.381428384818028e-06,-0.0020181634712411,5.092057970826948e-06,-0.0025227043390515,4.010924106680546e-06,0.0,8.23642440013824e-06,0.0005045408678101,3.3424367555671216e-06,0.0010090817356205,2.327326333505996e-06,0.0015136226034309,8.9791881235976e-06,0.002018163471241,1.3369747022268483e-06,1,2,1,0,0
1906,29,14:45:21,6,-0.0005045408678103,241717.0,-0.0002522704339052,-0.0005045408678103,5.290128297082777e-06,-0.0010090817356205,2.717607405532586e-06,-0.0015136226034309,8.480463547945942e-06,-0.0020181634712411,5.1580814129122245e-06,-0.0025227043390515,4.010924106680546e-06,0.0,7.83203081736592e-06,0.0005045408678101,3.3424367555671216e-06,0.0010090817356205,2.335579263766655e-06,0.0015136226034309,8.9791881235976e-06,0.002018163471241,1.3369747022268483e-06,1,2,1,0,0
1907,29,14:45:24,6,-0.0005045408678103,130776.0,-0.0002522704339052,-0.0005045408678103,5.257116576040139e-06,-0.0010090817356205,3.130253918565564e-06,-0.0015136226034309,8.480463547945942e-06,-0.0020181634712411,5.199346064215522e-06,-0.0025227043390515,4.093453409287141e-06,0.0,9.259787752460025e-06,0.0005045408678101,3.3424367555671216e-06,0.0010090817356205,4.192488572415056e-06,0.0015136226034309,8.9791881235976e-06,0.002018163471241,1.3369747022268483e-06,1,2,1,0,0
1908,29,14:45:27,6,0.0,85203.0,-0.0002522704339052,-0.0005045408678103,5.4551869022959686e-06,-0.0010090817356205,3.179771500129521e-06,-0.0015136226034309,9.957738064604004e-06,-0.0020181634712411,5.1580814129122245e-06,-0.0025227043390515,3.994418246159227e-06,0.0,1.0398692128431044e-05,0.0005045408678101,4.7454348998792464e-06,0.0010090817356205,5.471692762817288e-06,0.0015136226034309,1.013459836008994e-05,0.002018163471241,2.4923849387191867e-06,2,2,1,0,0
1909,29,14:45:30,6,0.0,76492.0,-0.0002522704339052,-0.0005045408678103,5.433729283618253e-06,-0.0010090817356205,3.278806663257436e-06,-0.0015136226034309,1.0081532018513898e-05,-0.0020181634712411,5.1580814129122245e-06,-0.0025227043390515,3.994418246159227e-06,0.0,1.04894743612983e-05,0.0005045408678101,4.811458341964523e-06,0.0010090817356205,7.287337420162391e-06,0.0015136226034309,1.013459836008994e-05,0.002018163471241,2.508890799240506e-06,2,2,1,0,0
1910,29,14:45:33,6,-0.0005045408678103,380378.0,-0.0002522704339052,-0.0005045408678103,4.014225278784809e-06,-0.0010090817356205,3.361335965864032e-06,-0.0015136226034309,1.0081532018513898e-05,-0.0020181634712411,5.1580814129122245e-06,-0.0025227043390515,3.994418246159227e-06,0.0,1.0390439198170385e-05,0.0005045408678101,4.811458341964523e-06,0.0010090817356205,7.287337420162391e-06,0.0015136226034309,1.013459836008994e-05,0.002018163471241,2.508890799240506e-06,2,1,1,0,0
1911,29,14:45:36,6,0.0,521186.0,-0.0002522704339052,-0.0005045408678103,3.5025436026239168e-06,-0.0010090817356205,3.476876989513265e-06,-0.0015136226034309,9.784426529130154e-06,-0.0020181634712411,5.24061071551882e-06,-0.0025227043390515,3.961406525116589e-06,0.0,9.0204527749009e-06,0.0005045408678101,4.811458341964523e-06,0.0010090817356205,7.444143095114923e-06,0.0015136226034309,1.013459836008994e-05,0.002018163471241,2.508890799240506e-06,2,1,1,0,0
1912,29,14:45:39,6,-0.0005045408678103,285355.0,-0.0002522704339052,-0.0005045408678103,3.0403795080269817e-06,-0.0010090817356205,3.6254297342051375e-06,-0.0015136226034309,9.784426529130154e-06,-0.0020181634712411,5.3066341576040966e-06,-0.0025227043390515,3.961406525116589e-06,0.0,8.269436121180878e-06,0.0005045408678101,4.811458341964523e-06,0.0010090817356205,7.444143095114923e-06,0.0015136226034309,1.013459836008994e-05,0.002018163471241,2.508890799240506e-06,2,1,1,0,0
1913,29,14:45:42,6,0.0,4475246.0,0.0002522704339051,0.0,4.831265374590105e-07,-0.0005045408678103,1.485527446918721e-07,-0.0010090817356205,4.170123131408668e-06,-0.0015136226034309,9.784426529130154e-06,-0.0020181634712411,5.257116576040139e-06,0.0005045408678101,1.072880933885743e-07,0.0010090817356205,7.29559035042305e-06,0.0015136226034309,1.013459836008994e-05,0.002018163471241,2.508890799240506e-06,0.0025227043390514,1.0060321987744002e-05,1,1,0,0,0
1914,29,14:45:45,6,0.0,136758.0,0.0002522704339051,0.0,4.00597234852415e-07,-0.0005045408678103,1.3204688417055296e-07,-0.0010090817356205,4.244399503754605e-06,-0.0015136226034309,9.701897226523555e-06,-0.0020181634712411,5.257116576040139e-06,0.0005045408678101,2.0879913559468683e-06,0.0010090817356205,7.29559035042305e-06,0.0015136226034309,1.01015866390473e-05,0.002018163471241,2.508890799240506e-06,0.0025227043390514,1.0060321987744002e-05,1,1,0,0,0
1915,29,14:45:48,6,0.0,210092.0,0.0002522704339051,0.0,4.98922645977913e-06,-0.0005045408678103,1.3204688417055296e-07,-0.0010090817356205,4.285664155057902e-06,-0.0015136226034309,9.701897226523555e-06,-0.0020181634712411,5.215851924736842e-06,0.0005045408678101,2.0879913559468683e-06,0.0010090817356205,7.345107931987007e-06,0.0015136226034309,1.01015866390473e-05,0.002018163471241,2.508890799240506e-06,0.0025227043390514,1.0060321987744002e-05,0,0,0,0,0
1916,29,14:45:51,6,0.0,380738.0,0.0002522704339051,0.0,4.2704787633782885e-06,-0.0005045408678103,6.767402813740839e-07,-0.0010090817356205,4.6652989470482425e-06,-0.0015136226034309,9.701897226523555e-06,-0.0020181634712411,5.380910529950032e-06,0.0005045408678101,3.656048105472185e-06,0.0010090817356205,7.427637234593603e-06,0.0015136226034309,1.01015866390473e-05,0.002018163471241,2.508890799240506e-06,0.0025227043390514,1.0060321987744002e-05,0,0,0,0,0
1917,29,14:45:54,6,0.0,118938.0,0.0002522704339051,0.0,4.26222583311763e-06,-0.0005045408678103,1.0233633523217851e-06,-0.0010090817356205,4.7560811799154975e-06,-0.0015136226034309,9.86695583173675e-06,-0.0020181634712411,4.885734714310459e-06,0.0005045408678101,3.944900664595269e-06,0.0010090817356205,7.87329546866922e-06,0.0015136226034309,1.01015866390473e-05,0.002018163471241,2.508890799240506e-06,0.0025227043390514,1.0060321987744002e-05,0,0,0,0,0
1918,29,14:45:57,6,0.0,436125.0,0.0002522704339051,0.0,4.022890855558502e-06,-0.0005045408678103,1.0811338641464022e-06,-0.0010090817356205,4.087593828802073e-06,-0.0015136226034309,9.67713843574158e-06,-0.0020181634712411,4.885734714310459e-06,0.0005045408678101,3.2434015924392065e-06,0.0010090817356205,7.87329546866922e-06,0.0015136226034309,1.01015866390473e-05,0.002018163471241,2.6326847531503995e-06,0.0025227043390514,1.0060321987744002e-05,1,0,0,0,0
1919,29,14:46:00,6,0.0,233899.0,0.0002522704339051,0.0,3.4534386675729924e-06,-0.0005045408678103,1.048122143103764e-06,-0.0010090817356205,4.095846759062733e-06,-0.0015136226034309,9.67713843574158e-06,-0.0020181634712411,4.885734714310459e-06,0.0005045408678101,3.986165315898567e-06,0.0010090817356205,7.83203081736592e-06,0.0015136226034309,1.01015866390473e-05,0.002018163471241,2.673949404453697e-06,0.0025227043390514,1.0019057336440703e-05,1,0,0,0,0
1920,29,14:46:03,6,0.0,958240.0,-0.0002522704339052,-0.0005045408678103,1.048122143103764e-06,-0.0010090817356205,5.936250207189814e-06,-0.0015136226034309,9.67713843574158e-06,-0.0020181634712411,4.885734714310459e-06,-0.0025227043390515,4.002671176419886e-06,0.0,1.7459073966425298e-06,0.0005045408678101,4.076947548765822e-06,0.0010090817356205,7.83203081736592e-06,0.0015136226034309,1.01015866390473e-05,0.002018163471241,2.673949404453697e-06,1,0,0,0,0
1921,29,14:46:06,6,0.0,391871.0,-0.0002522704339052,-0.0005045408678103,8.522801080183127e-07,-0.0010090817356205,6.456184813611366e-06,-0.0015136226034309,9.67713843574158e-06,-0.0020181634712411,4.885734714310459e-06,-0.0025227043390515,4.002671176419886e-06,0.0,9.948907429225098e-07,0.0005045408678101,4.968264016917055e-06,0.0010090817356205,9.482616869497831e-06,0.0015136226034309,1.01015866390473e-05,0.002018163471241,2.673949404453697e-06,1,0,0,0,0
1922,29,14:46:09,6,0.0,301254.0,-0.0002522704339052,-0.0005045408678103,8.852918290609509e-07,-0.0010090817356205,6.612990488563898e-06,-0.0015136226034309,9.67713843574158e-06,-0.0020181634712411,4.885734714310459e-06,-0.0025227043390515,4.002671176419886e-06,0.0,7.638086956240422e-07,0.0005045408678101,5.79355704298301e-06,0.0010090817356205,8.723347285517155e-06,0.0015136226034309,1.0151104220611257e-05,0.002018163471241,2.673949404453697e-06,1,1,0,0,0
1923,29,14:46:12,6,0.0005045408678101,317135.0,0.0002522704339051,0.0,3.3011721042638234e-08,-0.0005045408678103,8.192683869756744e-07,-0.0010090817356205,6.9266018384689615e-06,-0.0015136226034309,9.66063257522026e-06,-0.0020181634712411,4.885734714310459e-06,0.0005045408678101,5.570727925945203e-06,0.0010090817356205,8.723347285517155e-06,0.0015136226034309,1.0192368871914555e-05,0.002018163471241,2.7152140557569947e-06,0.0025227043390514,1.0052069057483342e-05,0,0,0,0,0
1924,29,14:46:15,6,0.0,305184.0,0.0002522704339051,0.0,9.243281891938706e-07,-0.0005045408678103,4.396335949853348e-07,-0.0010090817356205,6.976119420032919e-06,-0.0015136226034309,9.66063257522026e-06,-0.0020181634712411,4.885734714310459e-06,0.0005045408678101,5.4304281115139895e-06,0.0010090817356205,8.772864867081111e-06,0.0015136226034309,1.0192368871914555e-05,0.002018163471241,2.7152140557569947e-06,0.0025227043390514,1.0052069057483342e-05,0,0,0,0,0
1925,29,14:46:18,6,0.0,364688.0,-0.0002522704339052,-0.0005045408678103,4.3138066472467524e-07,-0.0010090817356205,6.992625280554237e-06,-0.0015136226034309,9.751414808087515e-06,-0.0020181634712411,4.968264016917055e-06,-0.0025227043390515,4.002671176419886e-06,0.0,1.485527446918721e-07,0.0005045408678101,5.900845136371585e-06,0.0010090817356205,8.772864867081111e-06,0.0015136226034309,1.027489817452115e-05,0.002018163471241,2.7152140557569947e-06,0,0,0,0,0
1926,29,14:46:21,6,-0.0005045408678103,170417.0,-0.0002522704339052,-0.0005045408678103,6.954744330657811e-07,-0.0010090817356205,7.297983700198641e-06,-0.0015136226034309,1.0626225415717428e-05,-0.0020181634712411,4.968264016917055e-06,-0.0025227043390515,4.002671176419886e-06,0.0,1.196674887795636e-06,0.0005045408678101,5.735786531158393e-06,0.0010090817356205,8.772864867081111e-06,0.0015136226034309,1.0439956779734345e-05,0.002018163471241,2.7152140557569947e-06,0,0,0,0,0
1927,29,14:46:24,6,0.0,180323.0,-0.0002522704339052,-0.0005045408678103,4.974041068099516e-07,-0.0010090817356205,7.446536444890513e-06,-0.0015136226034309,1.0626225415717428e-05,-0.0020181634712411,4.968264016917055e-06,-0.0025227043390515,4.010924106680546e-06,0.0,1.7248624244778478e-06,0.0005045408678101,6.676620580873584e-06,0.0010090817356205,9.680687195753664e-06,0.0015136226034309,1.0439956779734345e-05,0.002018163471241,2.7152140557569947e-06,1,0,0,0,0
1928,29,14:46:27,6,-0.0005045408678103,170393.0,-0.0002522704339052,-0.0005045408678103,4.72645316027973e-07,-0.0010090817356205,6.934854768729621e-06,-0.0015136226034309,1.0626225415717428e-05,-0.0020181634712411,4.142970990851099e-06,-0.0025227043390515,3.903636013291972e-06,0.0,3.93664773433461e-06,0.0005045408678101,6.726138162437541e-06,0.0010090817356205,9.680687195753664e-06,0.0015136226034309,1.0439956779734345e-05,0.002018163471241,2.7152140557569947e-06,0,0,0,0,0
1929,29,14:46:30,6,-0.0010090817356205,238276.0,-0.0007568113017154,-0.0010090817356205,7.834424167141513e-06,-0.0015136226034309,1.0626225415717428e-05,-0.0020181634712411,4.142970990851099e-06,-0.0025227043390515,3.903636013291972e-06,-0.0030272452068617,8.745547667918328e-06,-0.0005045408678103,1.815644657345103e-09,0.0,6.726138162437541e-06,0.0005045408678101,8.376724214569452e-06,0.0010090817356205,9.680687195753664e-06,0.0015136226034309,1.0605015384947532e-05,1,0,0,0,1
1930,29,14:46:33,6,-0.0010090817356205,851913.0,-0.0007568113017154,-0.0010090817356205,5.16691204829113e-06,-0.0015136226034309,1.0626225415717428e-05,-0.0020181634712411,3.689059826514823e-06,-0.0025227043390515,3.903636013291972e-06,-0.0030272452068617,8.745547667918328e-06,-0.0005045408678103,4.126465130329779e-08,0.0,5.925603927153564e-06,0.0005045408678101,7.633960491110091e-06,0.0010090817356205,9.680687195753664e-06,0.0015136226034309,1.0588509524426214e-05,1,0,1,0,1
1931,29,14:46:36,6,0.0,128765.0,-0.0007568113017154,-0.0010090817356205,5.208176699594428e-06,-0.0015136226034309,1.0626225415717428e-05,-0.0020181634712411,3.689059826514823e-06,-0.0025227043390515,3.325930895045802e-06,-0.0030272452068617,8.745547667918328e-06,-0.0005045408678103,4.1264651303297794e-07,0.0,6.090662532366754e-06,0.0005045408678101,8.81412951838441e-06,0.0010090817356205,9.680687195753664e-06,0.0015136226034309,1.0596762454686874e-05,1,0,0,0,1
1932,29,14:46:39,6,-0.0005045408678103,309001.0,-0.0002522704339052,-0.0005045408678103,4.704170248575949e-07,-0.0010090817356205,3.086595917486675e-06,-0.0015136226034309,1.0626225415717428e-05,-0.0020181634712411,3.689059826514823e-06,-0.0025227043390515,3.325930895045802e-06,0.0,8.467506447436707e-06,0.0005045408678101,8.896658820991005e-06,0.0010090817356205,9.680687195753664e-06,0.0015136226034309,1.0596762454686874e-05,0.002018163471241,2.756478707060293e-06,0,0,0,0,0
1933,29,14:46:42,6,-0.0010090817356205,703317.0,-0.0007568113017154,-0.0010090817356205,2.4923849387191867e-06,-0.0015136226034309,1.0650984206499409e-05,-0.0020181634712411,3.7303244778181206e-06,-0.0025227043390515,3.325930895045802e-06,-0.0030272452068617,8.663018365311733e-06,-0.0005045408678103,5.446933972035309e-07,0.0,8.401483005351431e-06,0.0005045408678101,7.600948770067453e-06,0.0010090817356205,9.680687195753664e-06,0.0015136226034309,1.0596762454686874e-05,0,0,0,1,1
1934,29,14:46:45,6,-0.0010090817356205,6366228.0,-0.0007568113017154,-0.0010090817356205,2.8390080096668885e-06,-0.0030272452068617,3.9305405659417215e-06,-0.003531786074672,1.2085013368591612e-05,-0.0040363269424824,1.0811338641464022e-06,-0.0045408678102926,4.646399736751332e-06,-0.0005045408678103,1.3947452140514654e-06,0.0,8.756359006559792e-06,0.0005045408678101,1.0200621802175217e-05,0.0010090817356205,9.680687195753664e-06,0.0015136226034309,1.0596762454686874e-05,0,0,0,0,1
1935,29,14:46:48,6,-0.0010090817356205,136653.0,-0.0007568113017154,-0.0010090817356205,3.697312756775482e-06,-0.0020181634712411,4.951758156395735e-08,-0.0030272452068617,3.9305405659417215e-06,-0.003531786074672,1.2093266298852272e-05,-0.0040363269424824,1.0811338641464022e-06,-0.0005045408678103,1.535045028482678e-06,0.0,8.96268226307628e-06,0.0005045408678101,1.028315110478181e-05,0.0010090817356205,9.680687195753664e-06,0.0015136226034309,1.0596762454686874e-05,0,0,0,0,0
1936,29,14:46:51,6,-0.0010090817356205,597967.0,-0.0007568113017154,-0.0010090817356205,1.2874571206628912e-06,-0.0020181634712411,4.951758156395735e-08,-0.0030272452068617,3.9305405659417215e-06,-0.003531786074672,1.2085013368591612e-05,-0.0040363269424824,1.0811338641464022e-06,-0.0005045408678103,1.9889561928189536e-06,0.0,9.284546543242004e-06,0.0005045408678101,1.0382186267909723e-05,0.0010090817356205,8.03010114362175e-06,0.0015136226034309,1.2082289901605594e-05,0,0,0,0,0
1937,29,14:46:54,6,-0.0010090817356205,671331.0,-0.0007568113017154,-0.0010090817356205,8.252930260659559e-09,-0.0020181634712411,4.126465130329779e-08,-0.0030272452068617,4.1368638224582105e-06,-0.003531786074672,1.2093266298852272e-05,-0.0040363269424824,1.0811338641464022e-06,-0.0005045408678103,4.605135085448034e-06,0.0,9.317558264284644e-06,0.0005045408678101,1.0373933337649064e-05,0.0010090817356205,8.03010114362175e-06,0.0015136226034309,1.2494936414638572e-05,0,0,0,0,0
1938,29,14:46:57,6,-0.0010090817356205,132612.0,-0.0015136226034309,-0.0020181634712411,1.3204688417055296e-07,-0.0025227043390515,8.25293026065956e-08,-0.0030272452068617,3.3693413082168718e-06,-0.003531786074672,6.753620420205537e-06,-0.0040363269424824,1.0811338641464022e-06,-0.0010090817356205,2.346638190315939e-06,-0.0005045408678103,6.569332487485009e-06,0.0,9.787975289142235e-06,0.0005045408678101,1.0415197988952364e-05,0.0010090817356205,8.03010114362175e-06,0,0,1,1,1
1939,29,14:47:00,6,-0.0020181634712411,82371.0,-0.0015136226034309,-0.0020181634712411,1.0345873374762823e-06,-0.0030272452068617,3.3528354476955524e-06,-0.003531786074672,6.745367489944877e-06,-0.0040363269424824,1.0811338641464022e-06,-0.0045408678102926,3.4909895002589936e-06,-0.0010090817356205,5.812868899792954e-06,-0.0005045408678103,4.968264016917055e-06,0.0,9.796228219402897e-06,0.0005045408678101,1.0415197988952364e-05,0.0010090817356205,8.079618725185708e-06,0,1,1,1,1
1940,29,14:47:03,6,-0.0010090817356205,199905.0,-0.0017658930373359,-0.0020181634712411,1.2409105939927714e-06,-0.0030272452068617,3.3528354476955524e-06,-0.003531786074672,6.745367489944877e-06,-0.0040363269424824,1.0811338641464022e-06,-0.0045408678102926,3.499242430519653e-06,-0.0015136226034309,4.951758156395735e-08,-0.0010090817356205,5.788110109010975e-06,-0.0005045408678103,4.968264016917055e-06,0.0,8.178653888313623e-06,0.0005045408678101,1.0415197988952364e-05,1,1,1,1,1
1941,29,14:47:06,6,-0.0015136226034309,550316.0,-0.0017658930373359,-0.0020181634712411,9.603109651303463e-07,-0.0030272452068617,4.805351173571635e-06,-0.003531786074672,6.745367489944877e-06,-0.0040363269424824,1.0811338641464022e-06,-0.0045408678102926,3.499242430519653e-06,-0.0015136226034309,5.859580485068287e-07,-0.0010090817356205,8.51157709502863e-06,-0.0005045408678103,9.0204527749009e-06,0.0,7.501913606939539e-06,0.0005045408678101,1.066278589677215e-05,1,1,1,1,1
1942,29,14:47:09,6,-0.0015136226034309,397812.0,-0.0017658930373359,-0.0020181634712411,7.457347783531978e-07,-0.0025227043390515,8.25293026065956e-08,-0.0030272452068617,4.805351173571635e-06,-0.003531786074672,6.745367489944877e-06,-0.0040363269424824,1.089386794407062e-06,-0.0015136226034309,5.364404669428713e-07,-0.0010090817356205,8.272242117469502e-06,-0.0005045408678103,9.102982077507494e-06,0.0,7.584442909546135e-06,0.0005045408678101,1.0786579850682043e-05,2,1,1,1,1
1943,29,14:47:12,6,-0.0020181634712411,325127.0,-0.0022704339051463,-0.0025227043390515,1.6505860521319117e-08,-0.0030272452068617,4.846615824874933e-06,-0.003531786074672,6.745367489944877e-06,-0.0040363269424824,1.089386794407062e-06,-0.0045408678102926,3.4909895002589936e-06,-0.0020181634712411,2.151043743138308e-06,-0.0015136226034309,2.0632325651648897e-07,-0.0010090817356205,8.346518489815438e-06,-0.0005045408678103,9.18551138011409e-06,0.0,7.749501514759326e-06,1,2,2,2,1
1944,29,14:47:15,6,-0.0025227043390515,455053.0,-0.0022704339051463,-0.0025227043390515,3.461278951320619e-07,-0.0030272452068617,4.846615824874933e-06,-0.003531786074672,6.745367489944877e-06,-0.0040363269424824,1.089386794407062e-06,-0.0045408678102926,2.6656964741930374e-06,-0.0020181634712411,7.480455988261824e-07,-0.0015136226034309,2.80599628862425e-07,-0.0010090817356205,8.71790035154512e-06,-0.0005045408678103,3.73857740807878e-06,0.0,7.749501514759326e-06,2,2,2,2,1
1945,29,14:47:18,6,-0.0025227043390515,482631.0,-0.0015136226034309,-0.0020181634712411,1.980703262558294e-07,-0.0025227043390515,1.806896551268804e-06,-0.0030272452068617,4.846615824874933e-06,-0.003531786074672,6.745367489944877e-06,-0.0040363269424824,1.089386794407062e-06,-0.0010090817356205,7.60078371146224e-06,-0.0005045408678103,3.73857740807878e-06,0.0,8.087871655446368e-06,0.0005045408678101,9.416593427412556e-06,0.0010090817356205,6.280479928361925e-06,1,1,1,1,1
1946,29,14:47:21,6,-0.0020181634712411,284734.0,-0.0017658930373359,-0.0020181634712411,8.252930260659559e-09,-0.0025227043390515,8.743154318142736e-07,-0.0030272452068617,4.970409778784826e-06,-0.003531786074672,6.6710911175989415e-06,-0.0040363269424824,1.0811338641464022e-06,-0.0015136226034309,4.043935827723184e-07,-0.0010090817356205,5.941944729069669e-06,-0.0005045408678103,3.878877222509993e-06,0.0,9.73845770757828e-06,0.0005045408678101,8.261183190920218e-06,1,1,1,1,1
1947,29,14:47:24,6,-0.0015136226034309,223569.0,-0.0012613521695256,-0.0015136226034309,2.7234669860176546e-07,-0.0020181634712411,9.078223286725516e-08,-0.0025227043390515,8.908212923355928e-07,-0.0030272452068617,5.052939081391422e-06,-0.003531786074672,6.836149722812133e-06,-0.0010090817356205,6.725973103832328e-06,-0.0005045408678103,3.878877222509993e-06,0.0,9.334064124805962e-06,0.0005045408678101,8.673829703953196e-06,0.0010090817356205,5.834821694286308e-06,0,0,1,1,1
1948,29,14:47:27,6,-0.0020181634712411,126617.0,-0.0022704339051463,-0.0025227043390515,9.07327152856912e-07,-0.0030272452068617,5.052939081391422e-06,-0.003531786074672,6.836149722812133e-06,-0.0040363269424824,1.0811338641464022e-06,-0.0045408678102926,3.821106710685376e-06,-0.0020181634712411,4.456582340756162e-07,-0.0015136226034309,4.1264651303297794e-07,-0.0010090817356205,6.899284639306178e-06,-0.0005045408678103,3.878877222509993e-06,0.0,9.433099287933877e-06,2,2,1,2,1
1949,29,14:47:30,6,-0.0015136226034309,274944.0,-0.0017658930373359,-0.0020181634712411,6.164938904712691e-06,-0.0025227043390515,1.6088262250129743e-06,-0.0030272452068617,5.110709593216039e-06,-0.003531786074672,7.182772793759834e-06,-0.0040363269424824,1.0811338641464022e-06,-0.0015136226034309,2.558408380804464e-07,-0.0010090817356205,7.196390128689922e-06,-0.0005045408678103,3.878877222509993e-06,0.0,9.433099287933877e-06,0.0005045408678101,8.492265238218686e-06,1,1,1,1,1
1950,29,14:47:33,6,-0.0020181634712411,653250.0,-0.0015136226034309,-0.0020181634712411,5.843074624546968e-06,-0.0025227043390515,1.7738848302261655e-06,-0.0030272452068617,4.912639266960209e-06,-0.003531786074672,7.182772793759834e-06,-0.0040363269424824,1.0811338641464022e-06,-0.0010090817356205,5.669598030467904e-06,-0.0005045408678103,4.786699551182544e-06,0.0,9.433099287933877e-06,0.0005045408678101,8.533529889521983e-06,0.0010090817356205,5.834821694286308e-06,1,1,1,1,1
1951,29,14:47:36,6,-0.0020181634712411,1056261.0,-0.0017658930373359,-0.0020181634712411,1.700103633695869e-06,-0.0025227043390515,1.7738848302261655e-06,-0.0030272452068617,4.912639266960209e-06,-0.003531786074672,7.347831398973025e-06,-0.0040363269424824,1.0811338641464022e-06,-0.0015136226034309,3.38370140687042e-07,-0.0010090817356205,5.752127333074499e-06,-0.0005045408678103,4.786699551182544e-06,0.0,9.276293612981344e-06,0.0005045408678101,8.533529889521983e-06,1,2,1,1,1
1952,29,14:47:39,6,-0.0015136226034309,203774.0,-0.0017658930373359,-0.0020181634712411,1.3534805627481675e-06,-0.0025227043390515,1.2874571206628912e-06,-0.0030272452068617,4.912639266960209e-06,-0.003531786074672,7.413854841058301e-06,-0.0040363269424824,1.0811338641464022e-06,-0.0015136226034309,6.602344208527648e-08,-0.0010090817356205,5.785139054117137e-06,-0.0005045408678103,4.786699551182544e-06,0.0,9.276293612981344e-06,0.0005045408678101,8.550035750043303e-06,1,2,1,1,1
1953,29,14:47:42,6,-0.0020181634712411,164191.0,-0.0017658930373359,-0.0020181634712411,7.67522514241339e-07,-0.0025227043390515,1.3369747022268483e-06,-0.0030272452068617,4.912639266960209e-06,-0.003531786074672,7.768730842266663e-06,-0.0040363269424824,1.0811338641464022e-06,-0.0015136226034309,1.815644657345103e-07,-0.0010090817356205,5.917185938287691e-06,-0.0005045408678103,4.9187464353530976e-06,0.0,9.193764310374747e-06,0.0005045408678101,8.550035750043303e-06,1,2,1,1,1
1954,29,14:47:45,6,-0.0020181634712411,116710.0,-0.0017658930373359,-0.0020181634712411,6.024639090281479e-07,-0.0025227043390515,1.4195040048334445e-06,-0.0030272452068617,4.912639266960209e-06,-0.003531786074672,7.909030656697875e-06,-0.0040363269424824,1.1058926549283808e-06,-0.0015136226034309,5.034287459002331e-07,-0.0010090817356205,5.9584505895909885e-06,-0.0005045408678103,5.083805040566288e-06,0.0,9.243281891938704e-06,0.0005045408678101,8.550035750043303e-06,1,2,1,1,1
1955,29,14:47:48,6,-0.0015136226034309,27701.0,-0.0017658930373359,-0.0020181634712411,7.180049326773816e-07,-0.0025227043390515,1.4112510745727846e-06,-0.0030272452068617,4.929145127481528e-06,-0.003531786074672,7.496384143664897e-06,-0.0040363269424824,1.1058926549283808e-06,-0.0015136226034309,5.364404669428713e-07,-0.0010090817356205,6.040979892197584e-06,-0.0005045408678103,5.083805040566288e-06,0.0,9.243281891938704e-06,0.0005045408678101,9.705445986535642e-06,2,2,1,1,1
1956,29,14:47:51,6,-0.0020181634712411,385848.0,-0.0017658930373359,-0.0020181634712411,1.9972091230796133e-06,-0.0025227043390515,1.4112510745727846e-06,-0.0030272452068617,4.953903918263507e-06,-0.003531786074672,8.19788321582096e-06,-0.0040363269424824,1.1058926549283808e-06,-0.0015136226034309,1.0316162825824448e-06,-0.0010090817356205,6.453626405230562e-06,-0.0005045408678103,5.083805040566288e-06,0.0,9.243281891938704e-06,0.0005045408678101,9.705445986535642e-06,2,2,1,1,1
1957,29,14:47:54,6,-0.0020181634712411,162227.0,-0.0017658930373359,-0.0020181634712411,5.5789808562058615e-06,-0.0025227043390515,9.820987010184877e-07,-0.0030272452068617,4.929145127481528e-06,-0.003531786074672,8.19788321582096e-06,-0.0040363269424824,1.1058926549283808e-06,-0.0015136226034309,8.417988865872751e-07,-0.0010090817356205,6.247303148714073e-06,-0.0005045408678103,5.174587273433543e-06,0.0,9.243281891938704e-06,0.0005045408678101,9.705445986535642e-06,2,1,1,1,1
1958,29,14:47:57,6,-0.0020181634712411,366052.0,-0.0017658930373359,-0.0020181634712411,5.290128297082777e-06,-0.0025227043390515,9.820987010184877e-07,-0.0030272452068617,4.929145127481528e-06,-0.003531786074672,8.239147867124258e-06,-0.0040363269424824,1.1058926549283808e-06,-0.0015136226034309,1.015110422061126e-06,-0.0010090817356205,6.272061939496052e-06,-0.0005045408678103,5.413922250992671e-06,0.0,9.243281891938704e-06,0.0005045408678101,9.787975289142235e-06,2,1,1,1,1
1959,29,14:48:00,6,-0.0020181634712411,1072154.0,-0.0017658930373359,-0.0020181634712411,1.5020333074400395e-06,-0.0025227043390515,1.0646280036250832e-06,-0.0030272452068617,4.89613340643889e-06,-0.003531786074672,8.792094194588447e-06,-0.0040363269424824,1.1058926549283808e-06,-0.0015136226034309,5.942109787674883e-07,-0.0010090817356205,6.272061939496052e-06,-0.0005045408678103,5.413922250992671e-06,0.0,9.218523101156728e-06,0.0005045408678101,9.787975289142235e-06,2,1,1,1,1
1960,29,14:48:03,6,-0.0015136226034309,298777.0,-0.0012613521695256,-0.0015136226034309,1.0811338641464022e-06,-0.0020181634712411,1.196674887795636e-06,-0.0025227043390515,1.1058926549283808e-06,-0.0030272452068617,7.603094531935225e-06,-0.003531786074672,8.792094194588447e-06,-0.0010090817356205,6.362844172363307e-06,-0.0005045408678103,4.151223921111758e-06,0.0,9.7136989167963e-06,0.0005045408678101,9.953033894355427e-06,0.0010090817356205,7.68347807267405e-06,1,0,1,1,1
1961,29,14:48:06,6,-0.0015136226034309,457149.0,-0.0012613521695256,-0.0015136226034309,6.849932116347434e-07,-0.0020181634712411,1.0728809338857429e-06,-0.0025227043390515,1.1058926549283808e-06,-0.0030272452068617,7.603094531935225e-06,-0.003531786074672,8.709564891981852e-06,-0.0010090817356205,6.379350032884626e-06,-0.0005045408678103,4.976516947177714e-06,0.0,9.7136989167963e-06,0.0005045408678101,8.79762365786309e-06,0.0010090817356205,7.68347807267405e-06,1,0,1,1,0
1962,29,14:48:09,6,-0.0015136226034309,185834.0,-0.0012613521695256,-0.0015136226034309,2.319073403245336e-07,-0.0020181634712411,1.2131807483169552e-06,-0.0025227043390515,1.1141455851890403e-06,-0.0030272452068617,7.603094531935225e-06,-0.003531786074672,8.709564891981852e-06,-0.0010090817356205,6.8745258485242e-06,-0.0005045408678103,4.976516947177714e-06,0.0,9.7136989167963e-06,0.0005045408678101,8.79762365786309e-06,0.0010090817356205,7.68347807267405e-06,0,0,1,1,0
1963,29,14:48:12,6,-0.0015136226034309,322589.0,-0.0012613521695256,-0.0015136226034309,7.353360862247667e-07,-0.0020181634712411,4.2915237355429707e-07,-0.0025227043390515,1.2792041904022315e-06,-0.0030272452068617,7.619600392456544e-06,-0.003531786074672,8.75082954328515e-06,-0.0010090817356205,6.577420359140456e-06,-0.0005045408678103,4.976516947177714e-06,0.0,9.38358170636992e-06,0.0005045408678101,8.79762365786309e-06,0.0010090817356205,7.68347807267405e-06,0,1,1,1,0
1964,29,14:48:15,6,-0.0015136226034309,193961.0,-0.0012613521695256,-0.0015136226034309,2.8142492188849097e-07,-0.0020181634712411,5.529463274641904e-07,-0.0025227043390515,1.2792041904022315e-06,-0.0030272452068617,7.619600392456544e-06,-0.003531786074672,8.75082954328515e-06,-0.0010090817356205,6.478385196012541e-06,-0.0005045408678103,5.438681041774649e-06,0.0,1.0415197988952364e-05,0.0005045408678101,8.79762365786309e-06,0.0010090817356205,7.68347807267405e-06,0,0,1,1,1
1965,29,14:48:18,6,-0.0015136226034309,944437.0,-0.0012613521695256,-0.0015136226034309,1.49378037717938e-07,-0.0020181634712411,8.335459563266155e-07,-0.0025227043390515,1.2792041904022315e-06,-0.0030272452068617,7.619600392456544e-06,-0.003531786074672,8.75082954328515e-06,-0.0010090817356205,2.73980778793376e-06,-0.0005045408678103,5.446933972035309e-06,0.0,1.0439956779734345e-05,0.0005045408678101,8.79762365786309e-06,0.0010090817356205,7.699983933195369e-06,0,0,1,1,1
1966,29,14:48:21,6,-0.0015136226034309,160317.0,-0.0012613521695256,-0.0015136226034309,9.664181335232345e-07,-0.0020181634712411,1.757874145520486e-06,-0.0025227043390515,1.1141455851890403e-06,-0.0030272452068617,7.70212969506314e-06,-0.003531786074672,8.75082954328515e-06,-0.0010090817356205,2.9131193234076117e-06,-0.0005045408678103,5.2818753668221175e-06,0.0,1.0439956779734345e-05,0.0005045408678101,8.81412951838441e-06,0.0010090817356205,7.699983933195369e-06,0,0,1,1,1
1967,29,14:48:24,6,-0.0010090817356205,793690.0,-0.0017658930373359,-0.0020181634712411,3.401032560417804e-06,-0.0025227043390515,1.1223985154497e-06,-0.0030272452068617,7.70212969506314e-06,-0.003531786074672,8.75082954328515e-06,-0.0040363269424824,1.1058926549283808e-06,-0.0015136226034309,2.475879078197868e-07,-0.0010090817356205,2.0300557855170385e-06,-0.0005045408678103,5.2818753668221175e-06,0.0,1.0439956779734345e-05,0.0005045408678101,8.81412951838441e-06,1,1,1,1,1
1968,29,14:48:27,6,-0.0020181634712411,332408.0,-0.0017658930373359,-0.0020181634712411,2.889350884256912e-06,-0.0025227043390515,1.2049278180562955e-06,-0.0030272452068617,7.70212969506314e-06,-0.003531786074672,8.792094194588447e-06,-0.0040363269424824,1.1058926549283808e-06,-0.0015136226034309,6.767402813740839e-07,-0.0010090817356205,3.0699249983601426e-06,-0.0005045408678103,5.2818753668221175e-06,0.0,1.0522486082340938e-05,0.0005045408678101,8.81412951838441e-06,2,2,1,1,1
1969,29,14:48:30,6,-0.0020181634712411,25714.0,-0.0017658930373359,-0.0020181634712411,3.1369387920766985e-06,-0.0025227043390515,1.221433678577615e-06,-0.0030272452068617,7.7103826253238e-06,-0.003531786074672,9.047935032668896e-06,-0.0040363269424824,1.1058926549283808e-06,-0.0015136226034309,8.170400958052963e-07,-0.0010090817356205,3.0699249983601426e-06,-0.0005045408678103,6.55282662696369e-06,0.0,1.0522486082340938e-05,0.0005045408678101,8.81412951838441e-06,1,2,1,1,1
1970,29,14:48:33,6,-0.0015136226034309,150350.0,-0.0017658930373359,-0.0020181634712411,2.881097953996252e-06,-0.0025227043390515,1.221433678577615e-06,-0.0030272452068617,7.792911927930396e-06,-0.003531786074672,9.047935032668896e-06,-0.0040363269424824,1.1058926549283808e-06,-0.0015136226034309,6.625452413257494e-07,-0.0010090817356205,3.2597423943553127e-06,-0.0005045408678103,6.569332487485009e-06,0.0,1.0522486082340938e-05,0.0005045408678101,8.81412951838441e-06,1,2,1,1,1
1971,29,14:48:36,6,-0.0020181634712411,69241.0,-0.0017658930373359,-0.0020181634712411,2.9141096750388905e-06,-0.0025227043390515,1.221433678577615e-06,-0.0030272452068617,7.792911927930396e-06,-0.003531786074672,9.047935032668896e-06,-0.0040363269424824,1.1058926549283808e-06,-0.0015136226034309,9.67903660970153e-07,-0.0010090817356205,3.30925997591927e-06,-0.0005045408678103,6.569332487485009e-06,0.0,1.1009408967719852e-05,0.0005045408678101,8.78937072760243e-06,1,2,1,1,1
1972,29,14:48:39,6,-0.0015136226034309,691142.0,-0.0017658930373359,-0.0020181634712411,2.1525292705852263e-06,-0.0025227043390515,1.386492283790806e-06,-0.0030272452068617,7.801164858191055e-06,-0.003531786074672,9.047935032668896e-06,-0.0040363269424824,1.1058926549283808e-06,-0.0015136226034309,8.252930260659559e-09,-0.0010090817356205,3.292754115397951e-06,-0.0005045408678103,6.569332487485009e-06,0.0,1.1091938270326449e-05,0.0005045408678101,8.78937072760243e-06,1,2,1,1,1
1973,29,14:48:42,6,-0.0015136226034309,89062.0,-0.0012613521695256,-0.0015136226034309,4.2089944329363753e-07,-0.0020181634712411,2.565175783618204e-06,-0.0025227043390515,1.386492283790806e-06,-0.0030272452068617,7.801164858191055e-06,-0.003531786074672,9.047935032668896e-06,-0.0010090817356205,3.622871325824333e-06,-0.0005045408678103,6.569332487485009e-06,0.0,1.1091938270326449e-05,0.0005045408678101,9.111235007768154e-06,0.0010090817356205,7.782513235801964e-06,1,1,1,1,1
1974,29,14:48:45,6,-0.0020181634712411,286920.0,-0.0017658930373359,-0.0020181634712411,1.89668843250478e-06,-0.0025227043390515,1.386492283790806e-06,-0.0030272452068617,7.817670718712375e-06,-0.003531786074672,9.039682102408237e-06,-0.0040363269424824,1.1058926549283808e-06,-0.0015136226034309,4.126465130329779e-08,-0.0010090817356205,3.6558830468669714e-06,-0.0005045408678103,6.610597138788307e-06,0.0,1.1091938270326449e-05,0.0005045408678101,8.98744105385826e-06,2,2,1,1,1
1975,29,14:48:48,6,-0.0015136226034309,75194.0,-0.0017658930373359,-0.0020181634712411,2.053494107457312e-06,-0.0025227043390515,3.0783429872260155e-06,-0.0030272452068617,7.858935370015671e-06,-0.003531786074672,8.907635218237681e-06,-0.0040363269424824,1.1058926549283808e-06,-0.0015136226034309,1.7661270757811456e-06,-0.0010090817356205,3.6558830468669714e-06,-0.0005045408678103,6.610597138788307e-06,0.0,1.1075432409805128e-05,0.0005045408678101,8.98744105385826e-06,2,2,1,1,1
1976,29,14:48:51,6,-0.0020181634712411,231533.0,-0.0017658930373359,-0.0020181634712411,4.653167139565073e-06,-0.0025227043390515,3.0783429872260155e-06,-0.0030272452068617,7.776406067409076e-06,-0.003531786074672,8.95715279980164e-06,-0.0040363269424824,1.1058926549283808e-06,-0.0015136226034309,2.0632325651648897e-07,-0.0010090817356205,4.81129328335931e-06,-0.0005045408678103,6.404273882271818e-06,0.0,1.1075432409805128e-05,0.0005045408678101,9.036958635422216e-06,2,2,1,1,1
1977,29,14:48:54,6,-0.0020181634712411,270993.0,-0.0017658930373359,-0.0020181634712411,5.371172072242455e-06,-0.0025227043390515,3.0783429872260155e-06,-0.0030272452068617,7.776406067409076e-06,-0.003531786074672,8.973658660322959e-06,-0.0040363269424824,1.1058926549283808e-06,-0.0015136226034309,5.6119925772485e-07,-0.0010090817356205,4.910328446487225e-06,-0.0005045408678103,6.404273882271818e-06,0.0,1.1075432409805128e-05,0.0005045408678101,9.036958635422216e-06,2,1,1,1,1
1978,29,14:48:57,6,-0.0010090817356205,1008993.0,-0.0012613521695256,-0.0015136226034309,5.7770511824616916e-08,-0.0020181634712411,3.695827229328564e-06,-0.0025227043390515,3.119607638529313e-06,-0.0030272452068617,7.924958812100947e-06,-0.003531786074672,8.973658660322959e-06,-0.0010090817356205,4.951593097790522e-06,-0.0005045408678103,6.404273882271818e-06,0.0,1.1075432409805128e-05,0.0005045408678101,9.036958635422216e-06,0.0010090817356205,6.957220209736008e-06,1,1,1,1,1
1979,29,14:49:00,6,-0.0010090817356205,385890.0,-0.0012613521695256,-0.0015136226034309,2.640937683411059e-07,-0.0020181634712411,4.151223921111758e-06,-0.0025227043390515,3.144366429311292e-06,-0.0030272452068617,8.26332895278799e-06,-0.003531786074672,8.973658660322959e-06,-0.0010090817356205,4.943340167529863e-06,-0.0005045408678103,6.404273882271818e-06,0.0,1.1075432409805128e-05,0.0005045408678101,9.036958635422216e-06,0.0010090817356205,6.957220209736008e-06,1,1,1,1,1
1980,29,14:49:03,6,-0.0010090817356205,61350.0,-0.0012613521695256,-0.0015136226034309,1.2957100509235507e-06,-0.0020181634712411,3.235148662178547e-06,-0.0025227043390515,3.160872289832611e-06,-0.0030272452068617,8.329352394873266e-06,-0.003531786074672,8.990164520844277e-06,-0.0010090817356205,5.18267514508899e-06,-0.0005045408678103,6.404273882271818e-06,0.0,1.1075432409805128e-05,0.0005045408678101,9.036958635422216e-06,0.0010090817356205,6.957220209736008e-06,1,1,1,1,1
1981,29,14:49:06,6,-0.0015136226034309,233527.0,-0.0012613521695256,-0.0015136226034309,4.2915237355429707e-07,-0.0020181634712411,3.3011721042638235e-06,-0.0025227043390515,3.160872289832611e-06,-0.0030272452068617,8.329352394873266e-06,-0.003531786074672,9.014923311626256e-06,-0.0010090817356205,5.265204447695586e-06,-0.0005045408678103,6.404273882271818e-06,0.0,1.1075432409805128e-05,0.0005045408678101,9.028705705161558e-06,0.0010090817356205,6.957220209736008e-06,1,1,1,0,1
1982,29,14:49:09,6,-0.0015136226034309,99230.0,-0.0012613521695256,-0.0015136226034309,2.0126421026670465e-06,-0.0020181634712411,3.400207267391738e-06,-0.0025227043390515,3.325930895045802e-06,-0.0030272452068617,8.329352394873266e-06,-0.003531786074672,9.006670381365596e-06,-0.0010090817356205,5.190928075349649e-06,-0.0005045408678103,6.528067836181712e-06,0.0,1.1075432409805128e-05,0.0005045408678101,9.028705705161558e-06,0.0010090817356205,6.957220209736008e-06,0,1,1,0,1
1983,29,14:49:12,6,-0.0015136226034309,613710.0,-0.0012613521695256,-0.0015136226034309,3.0607642457708108e-06,-0.0020181634712411,3.3837014068704192e-06,-0.0025227043390515,3.325930895045802e-06,-0.0030272452068617,8.387122906697884e-06,-0.003531786074672,9.006670381365596e-06,-0.0010090817356205,4.010759048075333e-06,-0.0005045408678103,7.1552905359918375e-06,0.0,1.120747929397568e-05,0.0005045408678101,9.028705705161558e-06,0.0010090817356205,6.957220209736008e-06,1,1,1,0,1
1984,29,14:49:15,6,-0.0010090817356205,271124.0,-0.0012613521695256,-0.0015136226034309,2.1529419170982597e-06,-0.0020181634712411,3.474483639737674e-06,-0.0025227043390515,1.8404034481270816e-06,-0.0030272452068617,8.403628767219203e-06,-0.003531786074672,8.74257661302449e-06,-0.0010090817356205,4.019011978335992e-06,-0.0005045408678103,7.48540774641822e-06,0.0,1.1166214642672384e-05,0.0005045408678101,9.028705705161558e-06,0.0010090817356205,6.957220209736008e-06,1,1,1,1,1
1985,29,14:49:18,6,-0.0010090817356205,219673.0,-0.0012613521695256,-0.0015136226034309,1.459695775202856e-06,-0.0020181634712411,3.969659455377248e-06,-0.0025227043390515,1.8816680994303797e-06,-0.0030272452068617,8.494411000086458e-06,-0.003531786074672,8.75082954328515e-06,-0.0010090817356205,4.390393840065672e-06,-0.0005045408678103,7.48540774641822e-06,0.0,1.1166214642672384e-05,0.0005045408678101,9.028705705161558e-06,0.0010090817356205,6.957220209736008e-06,1,0,1,1,1
1986,29,14:49:21,6,-0.0015136226034309,575645.0,-0.0012613521695256,-0.0015136226034309,1.5680567495253166e-07,-0.0020181634712411,2.962801963576782e-06,-0.0025227043390515,1.8816680994303797e-06,-0.0030272452068617,8.494411000086458e-06,-0.003531786074672,8.75082954328515e-06,-0.0010090817356205,5.304075749223292e-06,-0.0005045408678103,7.48540774641822e-06,0.0,1.1166214642672384e-05,0.0005045408678101,9.028705705161558e-06,0.0010090817356205,7.221313978077114e-06,1,0,1,1,1
1987,29,14:49:24,6,-0.0015136226034309,49475.0,-0.0017658930373359,-0.0020181634712411,2.979307824098101e-06,-0.0025227043390515,1.8816680994303797e-06,-0.0030272452068617,8.494411000086458e-06,-0.003531786074672,8.594023868332618e-06,-0.0040363269424824,7.427637234593603e-07,-0.0015136226034309,2.4090303430865255e-07,-0.0010090817356205,6.206038497410775e-06,-0.0005045408678103,7.567937049024815e-06,0.0,1.1166214642672384e-05,0.0005045408678101,9.00394691437958e-06,2,1,1,1,1
1988,29,14:49:27,6,-0.0010090817356205,188341.0,-0.0012613521695256,-0.0015136226034309,2.377669208096019e-07,-0.0020181634712411,2.80599628862425e-06,-0.0025227043390515,1.8816680994303797e-06,-0.0030272452068617,8.494411000086458e-06,-0.003531786074672,8.602276798593278e-06,-0.0010090817356205,6.148267985586158e-06,-0.0005045408678103,7.65046635163141e-06,0.0,1.1166214642672384e-05,0.0005045408678101,9.127740868289471e-06,0.0010090817356205,7.221313978077114e-06,1,0,1,1,1
1989,29,14:49:30,6,-0.0010090817356205,589931.0,-0.0012613521695256,-0.0015136226034309,4.688489681080696e-07,-0.0020181634712411,2.5584083808044635e-06,-0.0025227043390515,1.947691541515656e-06,-0.0030272452068617,8.494411000086458e-06,-0.003531786074672,8.602276798593278e-06,-0.0010090817356205,4.522440724236225e-06,-0.0005045408678103,7.815524956844603e-06,0.0,1.1166214642672384e-05,0.0005045408678101,9.127740868289471e-06,0.0010090817356205,7.303843280683709e-06,1,0,1,1,1
1990,29,14:49:33,6,-0.0015136226034309,136553.0,-0.0012613521695256,-0.0015136226034309,3.120432931555379e-07,-0.0020181634712411,2.5584083808044635e-06,-0.0025227043390515,1.947691541515656e-06,-0.0030272452068617,8.494411000086458e-06,-0.003531786074672,8.552759217029321e-06,-0.0010090817356205,4.9763518885725005e-06,-0.0005045408678103,7.815524956844603e-06,0.0,1.1166214642672384e-05,0.0005045408678101,9.127740868289471e-06,0.0010090817356205,7.262578629380412e-06,0,0,1,1,1
1991,29,14:49:36,6,-0.0015136226034309,312705.0,-0.0012613521695256,-0.0015136226034309,1.6010684705679544e-06,-0.0020181634712411,2.3257582767564704e-06,-0.0025227043390515,2.814249218884909e-06,-0.0030272452068617,8.494411000086458e-06,-0.003531786074672,8.494988705204703e-06,-0.0010090817356205,4.613222957103481e-06,-0.0005045408678103,7.906307189711858e-06,0.0,1.1166214642672384e-05,0.0005045408678101,9.127740868289471e-06,0.0010090817356205,7.262578629380412e-06,0,0,1,1,1
1992,29,14:49:39,6,-0.0015136226034309,124679.0,-0.0012613521695256,-0.0015136226034309,1.1554102364923382e-06,-0.0020181634712411,2.309252416235151e-06,-0.0025227043390515,2.954549033316122e-06,-0.0030272452068617,8.469652209304479e-06,-0.003531786074672,8.494988705204703e-06,-0.0010090817356205,9.820821951579664e-06,-0.0005045408678103,8.219918539616921e-06,0.0,1.1166214642672384e-05,0.0005045408678101,9.16075258933211e-06,0.0010090817356205,7.262578629380412e-06,0,0,1,1,1
1993,29,14:49:42,6,-0.0015136226034309,446731.0,-0.0012613521695256,-0.0015136226034309,1.141215196444004e-06,-0.0020181634712411,2.3175053464958107e-06,-0.0025227043390515,3.0618371267046965e-06,-0.0030272452068617,8.469652209304479e-06,-0.003531786074672,8.494988705204703e-06,-0.0010090817356205,9.424681299068004e-06,-0.0005045408678103,8.269436121180878e-06,0.0,1.1166214642672384e-05,0.0005045408678101,9.16075258933211e-06,0.0010090817356205,7.262578629380412e-06,0,0,1,1,1
1994,29,14:49:45,6,-0.0015136226034309,93021.0,-0.0012613521695256,-0.0015136226034309,9.926624517521317e-07,-0.0020181634712411,2.7549106503107675e-06,-0.0025227043390515,3.887130152770652e-06,-0.0030272452068617,8.469652209304479e-06,-0.003531786074672,8.494988705204703e-06,-0.0010090817356205,9.358657856982726e-06,-0.0005045408678103,8.343712493526814e-06,0.0,1.1166214642672384e-05,0.0005045408678101,9.16075258933211e-06,0.0010090817356205,7.262578629380412e-06,0,0,1,1,1
1995,29,14:49:48,6,-0.0020181634712411,507296.0,-0.0017658930373359,-0.0020181634712411,2.7549106503107675e-06,-0.0025227043390515,3.887130152770652e-06,-0.0030272452068617,8.63471081451767e-06,-0.003531786074672,8.453724053901406e-06,-0.0040363269424824,7.427637234593603e-07,-0.0015136226034309,4.528547892629113e-06,-0.0010090817356205,8.467341388831494e-06,-0.0005045408678103,8.376724214569452e-06,0.0,1.1331273247885577e-05,0.0005045408678101,9.16075258933211e-06,1,1,1,1,1
1996,29,14:49:51,6,-0.0020181634712411,207779.0,-0.0017658930373359,-0.0020181634712411,2.6806342779648315e-06,-0.0025227043390515,4.010924106680546e-06,-0.0030272452068617,8.626457884257011e-06,-0.003531786074672,8.412459402598108e-06,-0.0040363269424824,7.427637234593603e-07,-0.0015136226034309,3.967348634904263e-06,-0.0010090817356205,1.2692841682289188e-05,-0.0005045408678103,8.376724214569452e-06,0.0,1.1331273247885577e-05,0.0005045408678101,9.16075258933211e-06,1,1,1,1,1
1997,29,14:49:54,6,-0.0015136226034309,55909.0,-0.0017658930373359,-0.0020181634712411,2.7197531674003576e-06,-0.0025227043390515,4.010924106680546e-06,-0.0030272452068617,8.626457884257011e-06,-0.003531786074672,8.412459402598108e-06,-0.0040363269424824,7.427637234593603e-07,-0.0015136226034309,4.59457133471439e-06,-0.0010090817356205,1.2742359263853146e-05,-0.0005045408678103,8.376724214569452e-06,0.0,1.1083685340065787e-05,0.0005045408678101,9.16075258933211e-06,1,1,1,1,1
1998,29,14:49:57,6,-0.0015136226034309,502462.0,-0.0017658930373359,-0.0020181634712411,2.175059770196827e-06,-0.0025227043390515,4.010924106680546e-06,-0.0030272452068617,8.626457884257011e-06,-0.003531786074672,8.412459402598108e-06,-0.0040363269424824,7.427637234593603e-07,-0.0015136226034309,5.015470778008028e-06,-0.0010090817356205,1.2742359263853146e-05,-0.0005045408678103,7.964077701536474e-06,0.0,1.1083685340065787e-05,0.0005045408678101,9.210270170896068e-06,1,1,1,1,1
